Year,CategoryKey,Category,Revenue,Units,VolumeLitres,GrossProfit,TargetRevenue,MarketRevenue,GrossMargin,SimulatedMarketShare,TargetAttainment,Contribution,RevenueDelta,RevenueYoY,VolumeYoY,DataClass
2023,1,Sparkling,24087532.720000,6687176,3521434.800000,12119175.540000,23325632.870000,86764355.680000,0.503131,0.277620,1.032664,0.312300,,,,SYNTHETIC_DERIVED
2024,1,Sparkling,25341368.510000,6802039,3578635.290000,12521696.090000,25667230.550000,91226542.830000,0.494121,0.277785,0.987304,0.288891,1253835.790000,0.052053,0.016244,SYNTHETIC_DERIVED
2023,2,Energy,18723082.080000,3921762,2079988.540000,10403127.920000,19196168.610000,89950104.940000,0.555631,0.208150,0.975355,0.242749,,,,SYNTHETIC_DERIVED
2024,2,Energy,25237237.150000,5075948,2674673.220000,13956842.180000,23665123.520000,121297498.840000,0.553026,0.208061,1.066432,0.287704,6514155.070000,0.347921,0.285908,SYNTHETIC_DERIVED
2023,3,Water,15775146.370000,5656185,3177468.420000,6885346.610000,15378854.930000,97775871.460000,0.436468,0.161340,1.025769,0.204528,,,,SYNTHETIC_DERIVED
2024,3,Water,16813049.930000,5829848,3274394.290000,7152101.160000,16916337.470000,104297608.630000,0.425390,0.161203,0.993894,0.191669,1037903.560000,0.065794,0.030504,SYNTHETIC_DERIVED
2023,4,Sports,13295841.340000,3005856,1806076.630000,6435195.910000,12871998.450000,67845679.130000,0.484001,0.195972,1.032928,0.172383,,,,SYNTHETIC_DERIVED
2024,4,Sports,14891907.130000,3252587,1954515.380000,7058019.010000,14160780.040000,76004353.010000,0.473950,0.195935,1.051630,0.169768,1596065.790000,0.120042,0.082189,SYNTHETIC_DERIVED
2023,5,Coffee,5247858.610000,1156110,532162.710000,1946623.820000,5202517.470000,40956602.500000,0.370937,0.128132,1.008715,0.068040,,,,SYNTHETIC_DERIVED
2024,5,Coffee,5435816.750000,1007332,522212.160000,2020871.890000,7386857.170000,42442044.060000,0.371770,0.128076,0.735877,0.061968,187958.140000,0.035816,-0.018698,SYNTHETIC_DERIVED
