Year,ChannelKey,Channel,RegionKey,Region,Revenue,Units,GrossProfit,GrossMargin,Velocity,Distribution,RevenuePerActiveStoreDay,RevenueYoY,DataClass
2023,1,Grocery,1,NSW,12084485.240000,3320398,5677541.340000,0.469821,4.032550,0.569669,14.676342,,SYNTHETIC_DERIVED
2024,1,Grocery,1,NSW,13809000.620000,3588290,6441648.860000,0.466482,4.199635,0.555704,16.161671,0.142705,SYNTHETIC_DERIVED
2023,1,Grocery,2,VIC,11315847.140000,3111939,5314199.400000,0.469625,3.775054,0.570322,13.727110,,SYNTHETIC_DERIVED
2024,1,Grocery,2,VIC,12878293.350000,3347116,6009150.020000,0.466611,3.916762,0.555791,15.070052,0.138076,SYNTHETIC_DERIVED
2023,1,Grocery,3,QLD,11657834.280000,3204618,5475772.140000,0.469707,3.891881,0.569677,14.157977,,SYNTHETIC_DERIVED
2024,1,Grocery,3,QLD,13294750.130000,3459378,6205098.280000,0.466733,4.044533,0.556285,15.543562,0.140413,SYNTHETIC_DERIVED
2023,2,Convenience,1,NSW,4419442.490000,1070567,2370493.500000,0.536378,3.174957,0.524893,13.106644,,SYNTHETIC_DERIVED
2024,2,Convenience,1,NSW,4966558.840000,1140742,2648223.920000,0.533211,3.288986,0.507547,14.319576,0.123798,SYNTHETIC_DERIVED
2023,2,Convenience,2,VIC,4131311.290000,1003413,2215738.020000,0.536328,2.976603,0.524751,12.255447,,SYNTHETIC_DERIVED
2024,2,Convenience,2,VIC,4623468.210000,1062480,2465091.550000,0.533169,3.066701,0.506990,13.344999,0.119129,SYNTHETIC_DERIVED
2023,2,Convenience,3,QLD,4238163.940000,1028720,2272713.440000,0.536250,3.054884,0.524200,12.585640,,SYNTHETIC_DERIVED
2024,2,Convenience,3,QLD,4783642.230000,1098369,2550186.690000,0.533106,3.167191,0.507487,13.793822,0.128706,SYNTHETIC_DERIVED
2023,3,Petrol,1,NSW,4454663.150000,1093539,2345359.860000,0.526495,3.675181,0.570068,14.971292,,SYNTHETIC_DERIVED
2024,3,Petrol,1,NSW,5094007.620000,1180192,2669123.340000,0.523973,3.825917,0.555577,16.513626,0.143523,SYNTHETIC_DERIVED
2023,3,Petrol,2,VIC,4171704.550000,1025798,2195918.140000,0.526384,3.447122,0.570133,14.018719,,SYNTHETIC_DERIVED
2024,3,Petrol,2,VIC,4748238.810000,1100736,2486612.810000,0.523692,3.568442,0.555561,15.393170,0.138201,SYNTHETIC_DERIVED
2023,3,Petrol,3,QLD,4277326.650000,1051562,2251269.480000,0.526326,3.534436,0.570014,14.376650,,SYNTHETIC_DERIVED
2024,3,Petrol,3,QLD,4886010.640000,1133532,2558705.210000,0.523680,3.671216,0.556097,15.824521,0.142305,SYNTHETIC_DERIVED
2023,4,Hospitality,1,NSW,1533330.830000,458709,649399.930000,0.423522,2.226321,0.570192,7.441945,,SYNTHETIC_DERIVED
2024,4,Hospitality,1,NSW,1747831.880000,493996,734810.930000,0.420413,2.311471,0.555985,8.178330,0.139892,SYNTHETIC_DERIVED
2023,4,Hospitality,2,VIC,1432173.650000,427992,606461.930000,0.423456,2.076764,0.570322,6.949398,,SYNTHETIC_DERIVED
2024,4,Hospitality,2,VIC,1629439.970000,460223,685088.750000,0.420444,2.154370,0.555745,7.627643,0.137739,SYNTHETIC_DERIVED
2023,4,Hospitality,3,QLD,1473660.660000,440252,623830.310000,0.423320,2.138402,0.569750,7.157897,,SYNTHETIC_DERIVED
2024,4,Hospitality,3,QLD,1678338.170000,474608,706295.120000,0.420830,2.220825,0.555967,7.853418,0.138891,SYNTHETIC_DERIVED
2023,5,Independent retail,1,NSW,4121715.710000,1102064,1998758.080000,0.484934,2.675211,0.570021,10.005281,,SYNTHETIC_DERIVED
2024,5,Independent retail,1,NSW,4690006.930000,1185712,2261570.910000,0.482211,2.776856,0.555423,10.983674,0.137877,SYNTHETIC_DERIVED
2023,5,Independent retail,2,VIC,3851083.550000,1028531,1867289.450000,0.484874,2.498260,0.569668,9.354124,,SYNTHETIC_DERIVED
2024,5,Independent retail,2,VIC,4375748.840000,1104645,2110611.680000,0.482343,2.586712,0.555485,10.246552,0.136238,SYNTHETIC_DERIVED
2023,5,Independent retail,3,QLD,3966717.990000,1058987,1924724.780000,0.485218,2.569827,0.570202,9.625970,,SYNTHETIC_DERIVED
2024,5,Independent retail,3,QLD,4514043.230000,1137735,2177312.260000,0.482342,2.662315,0.555878,10.562921,0.137979,SYNTHETIC_DERIVED
