Season,DriverKey,Driver,Starts,GPPoints,Wins,Podiums,NonFinishes,AvgQualifying,AvgFinish,AvgClassifiedPositionGain,EligibleMovementStarts,GPPointsAboveGridBenchmark,AvgClassifiedFinish,DataClass
2023,albon,Alexander Albon,22,25.000000,0,0,4,12.409091,12.409091,0.666667,18,-16.000000,11.111111,PUBLIC_DERIVED
2023,alonso,Fernando Alonso,22,198.000000,0,8,2,7.000000,6.636364,0.400000,20,28.000000,5.600000,PUBLIC_DERIVED
2023,bottas,Valtteri Bottas,22,10.000000,0,0,3,13.863636,13.954545,0.052632,19,-7.000000,13.368421,PUBLIC_DERIVED
2023,de_vries,Nyck de Vries,10,0.000000,0,0,2,16.900000,15.900000,1.125000,8,0.000000,15.500000,PUBLIC_DERIVED
2023,gasly,Pierre Gasly,22,54.000000,0,1,3,11.045455,10.681818,1.421053,19,5.000000,9.684211,PUBLIC_DERIVED
2023,hamilton,Lewis Hamilton,22,217.000000,0,6,2,6.363636,6.181818,1.500000,20,18.000000,4.900000,PUBLIC_DERIVED
2023,hulkenberg,Nico Hülkenberg,22,6.000000,0,0,2,12.136364,14.545455,-1.550000,20,-24.000000,14.050000,PUBLIC_DERIVED
2023,kevin_magnussen,Kevin Magnussen,22,3.000000,0,0,5,15.090909,15.590909,-0.062500,16,-21.000000,14.764706,PUBLIC_DERIVED
2023,lawson,Liam Lawson,5,2.000000,0,0,0,14.200000,12.200000,1.600000,5,1.000000,12.200000,PUBLIC_DERIVED
2023,leclerc,Charles Leclerc,22,185.000000,0,6,5,4.454545,8.227273,0.235294,17,-104.000000,4.882353,PUBLIC_DERIVED
2023,max_verstappen,Max Verstappen,22,530.000000,19,21,0,3.000000,1.272727,1.909091,22,125.000000,1.272727,PUBLIC_DERIVED
2023,norris,Lando Norris,22,184.000000,0,7,1,8.136364,8.000000,0.190476,21,21.000000,7.428571,PUBLIC_DERIVED
2023,ocon,Esteban Ocon,22,56.000000,0,1,7,11.181818,11.863636,2.266667,15,-1.000000,9.000000,PUBLIC_DERIVED
2023,perez,Sergio Pérez,22,260.000000,2,9,2,9.045455,5.863636,5.200000,20,115.000000,4.500000,PUBLIC_DERIVED
2023,piastri,Oscar Piastri,22,82.000000,0,2,3,9.863636,10.909091,-0.210526,19,-25.000000,9.631579,PUBLIC_DERIVED
2023,ricciardo,Daniel Ricciardo,7,6.000000,0,0,0,14.000000,12.714286,1.000000,7,-6.000000,12.714286,PUBLIC_DERIVED
2023,russell,George Russell,22,157.000000,0,2,4,6.500000,8.090909,0.888889,18,-32.000000,6.111111,PUBLIC_DERIVED
2023,sainz,Carlos Sainz,22,178.000000,1,3,3,5.363636,7.500000,-0.684211,19,-52.000000,5.684211,PUBLIC_DERIVED
2023,sargeant,Logan Sargeant,22,1.000000,0,0,7,17.227273,15.818182,1.800000,15,-8.000000,14.866667,PUBLIC_DERIVED
2023,stroll,Lance Stroll,22,68.000000,0,0,5,12.454545,11.181818,3.235294,17,10.000000,8.882353,PUBLIC_DERIVED
2023,tsunoda,Yuki Tsunoda,22,14.000000,0,0,3,13.409091,13.181818,1.315789,19,-2.000000,12.263158,PUBLIC_DERIVED
2023,zhou,Guanyu Zhou,22,6.000000,0,0,3,15.863636,14.045455,2.052632,19,-5.000000,13.421053,PUBLIC_DERIVED
2024,albon,Alexander Albon,24,12.000000,0,0,7,12.583333,14.541667,0.647059,17,-6.000000,12.705882,PUBLIC_DERIVED
2024,alonso,Fernando Alonso,24,70.000000,0,0,1,9.583333,10.166667,-0.565217,23,-30.000000,9.826087,PUBLIC_DERIVED
2024,bearman,Oliver Bearman,3,7.000000,0,0,0,13.000000,9.666667,2.333333,3,6.000000,9.666667,PUBLIC_DERIVED
2024,bottas,Valtteri Bottas,24,0.000000,0,0,2,15.125000,15.833333,0.000000,22,-3.000000,15.545455,PUBLIC_DERIVED
2024,colapinto,Franco Colapinto,9,5.000000,0,0,3,15.777778,13.555556,3.666667,6,1.000000,11.166667,PUBLIC_DERIVED
2024,doohan,Jack Doohan,1,0.000000,0,0,0,20.000000,15.000000,2.000000,1,0.000000,15.000000,PUBLIC_DERIVED
2024,gasly,Pierre Gasly,24,40.000000,0,1,4,13.208333,12.875000,1.300000,20,-6.000000,11.450000,PUBLIC_DERIVED
2024,hamilton,Lewis Hamilton,24,207.000000,2,5,2,8.500000,6.958333,2.500000,22,67.000000,5.863636,PUBLIC_DERIVED
2024,hulkenberg,Nico Hülkenberg,24,36.000000,0,0,3,11.791667,11.625000,0.285714,21,2.000000,10.666667,PUBLIC_DERIVED
2024,kevin_magnussen,Kevin Magnussen,22,14.000000,0,0,2,14.272727,13.363636,1.650000,20,3.000000,12.750000,PUBLIC_DERIVED
2024,lawson,Liam Lawson,6,4.000000,0,0,1,12.666667,13.500000,0.600000,5,-6.000000,12.800000,PUBLIC_DERIVED
2024,leclerc,Charles Leclerc,24,327.000000,3,13,1,5.333333,4.541667,1.260870,23,57.000000,3.913043,PUBLIC_DERIVED
2024,max_verstappen,Max Verstappen,24,399.000000,9,14,1,2.916667,3.625000,0.695652,23,2.000000,2.956522,PUBLIC_DERIVED
2024,norris,Lando Norris,24,344.000000,4,13,0,3.541667,4.291667,-0.916667,24,-50.000000,4.291667,PUBLIC_DERIVED
2024,ocon,Esteban Ocon,23,23.000000,0,1,2,14.391304,13.695652,0.650000,20,4.000000,13.238095,PUBLIC_DERIVED
2024,perez,Sergio Pérez,24,138.000000,0,4,5,9.250000,9.625000,1.526316,19,4.000000,7.421053,PUBLIC_DERIVED
2024,piastri,Oscar Piastri,24,265.000000,2,8,0,5.416667,5.125000,0.291667,24,20.000000,5.125000,PUBLIC_DERIVED
2024,ricciardo,Daniel Ricciardo,18,7.000000,0,0,2,13.166667,13.388889,0.562500,16,-7.000000,12.750000,PUBLIC_DERIVED
2024,russell,George Russell,24,226.000000,2,4,3,5.166667,6.750000,0.714286,21,-51.000000,5.047619,PUBLIC_DERIVED
2024,sainz,Carlos Sainz,23,262.000000,2,9,3,5.521739,5.695652,0.750000,20,22.000000,4.050000,PUBLIC_DERIVED
2024,sargeant,Logan Sargeant,14,0.000000,0,0,2,17.500000,17.142857,0.833333,12,0.000000,16.666667,PUBLIC_DERIVED
2024,stroll,Lance Stroll,24,24.000000,0,0,4,12.833333,13.375000,0.500000,20,6.000000,12.300000,PUBLIC_DERIVED
2024,tsunoda,Yuki Tsunoda,24,29.000000,0,0,4,11.125000,13.166667,-1.400000,20,-20.000000,11.850000,PUBLIC_DERIVED
2024,zhou,Guanyu Zhou,24,4.000000,0,0,2,18.000000,15.500000,2.181818,22,4.000000,15.227273,PUBLIC_DERIVED
