RaceKey,Season,Round,DriverKey,Driver,Points,CumulativeGPPoints,DataClass
202301,2023,1,albon,Alexander Albon,1.000000,1.000000,PUBLIC_DERIVED
202302,2023,2,albon,Alexander Albon,0.000000,1.000000,PUBLIC_DERIVED
202303,2023,3,albon,Alexander Albon,0.000000,1.000000,PUBLIC_DERIVED
202304,2023,4,albon,Alexander Albon,0.000000,1.000000,PUBLIC_DERIVED
202305,2023,5,albon,Alexander Albon,0.000000,1.000000,PUBLIC_DERIVED
202306,2023,6,albon,Alexander Albon,0.000000,1.000000,PUBLIC_DERIVED
202307,2023,7,albon,Alexander Albon,0.000000,1.000000,PUBLIC_DERIVED
202308,2023,8,albon,Alexander Albon,6.000000,7.000000,PUBLIC_DERIVED
202309,2023,9,albon,Alexander Albon,0.000000,7.000000,PUBLIC_DERIVED
202310,2023,10,albon,Alexander Albon,4.000000,11.000000,PUBLIC_DERIVED
202311,2023,11,albon,Alexander Albon,0.000000,11.000000,PUBLIC_DERIVED
202312,2023,12,albon,Alexander Albon,0.000000,11.000000,PUBLIC_DERIVED
202313,2023,13,albon,Alexander Albon,4.000000,15.000000,PUBLIC_DERIVED
202314,2023,14,albon,Alexander Albon,6.000000,21.000000,PUBLIC_DERIVED
202315,2023,15,albon,Alexander Albon,0.000000,21.000000,PUBLIC_DERIVED
202316,2023,16,albon,Alexander Albon,0.000000,21.000000,PUBLIC_DERIVED
202317,2023,17,albon,Alexander Albon,0.000000,21.000000,PUBLIC_DERIVED
202318,2023,18,albon,Alexander Albon,2.000000,23.000000,PUBLIC_DERIVED
202319,2023,19,albon,Alexander Albon,2.000000,25.000000,PUBLIC_DERIVED
202320,2023,20,albon,Alexander Albon,0.000000,25.000000,PUBLIC_DERIVED
202321,2023,21,albon,Alexander Albon,0.000000,25.000000,PUBLIC_DERIVED
202322,2023,22,albon,Alexander Albon,0.000000,25.000000,PUBLIC_DERIVED
202301,2023,1,alonso,Fernando Alonso,15.000000,15.000000,PUBLIC_DERIVED
202302,2023,2,alonso,Fernando Alonso,15.000000,30.000000,PUBLIC_DERIVED
202303,2023,3,alonso,Fernando Alonso,15.000000,45.000000,PUBLIC_DERIVED
202304,2023,4,alonso,Fernando Alonso,12.000000,57.000000,PUBLIC_DERIVED
202305,2023,5,alonso,Fernando Alonso,15.000000,72.000000,PUBLIC_DERIVED
202306,2023,6,alonso,Fernando Alonso,18.000000,90.000000,PUBLIC_DERIVED
202307,2023,7,alonso,Fernando Alonso,6.000000,96.000000,PUBLIC_DERIVED
202308,2023,8,alonso,Fernando Alonso,18.000000,114.000000,PUBLIC_DERIVED
202309,2023,9,alonso,Fernando Alonso,10.000000,124.000000,PUBLIC_DERIVED
202310,2023,10,alonso,Fernando Alonso,6.000000,130.000000,PUBLIC_DERIVED
202311,2023,11,alonso,Fernando Alonso,2.000000,132.000000,PUBLIC_DERIVED
202312,2023,12,alonso,Fernando Alonso,10.000000,142.000000,PUBLIC_DERIVED
202313,2023,13,alonso,Fernando Alonso,19.000000,161.000000,PUBLIC_DERIVED
202314,2023,14,alonso,Fernando Alonso,2.000000,163.000000,PUBLIC_DERIVED
202315,2023,15,alonso,Fernando Alonso,0.000000,163.000000,PUBLIC_DERIVED
202316,2023,16,alonso,Fernando Alonso,4.000000,167.000000,PUBLIC_DERIVED
202317,2023,17,alonso,Fernando Alonso,8.000000,175.000000,PUBLIC_DERIVED
202318,2023,18,alonso,Fernando Alonso,0.000000,175.000000,PUBLIC_DERIVED
202319,2023,19,alonso,Fernando Alonso,0.000000,175.000000,PUBLIC_DERIVED
202320,2023,20,alonso,Fernando Alonso,15.000000,190.000000,PUBLIC_DERIVED
202321,2023,21,alonso,Fernando Alonso,2.000000,192.000000,PUBLIC_DERIVED
202322,2023,22,alonso,Fernando Alonso,6.000000,198.000000,PUBLIC_DERIVED
202301,2023,1,bottas,Valtteri Bottas,4.000000,4.000000,PUBLIC_DERIVED
202302,2023,2,bottas,Valtteri Bottas,0.000000,4.000000,PUBLIC_DERIVED
202303,2023,3,bottas,Valtteri Bottas,0.000000,4.000000,PUBLIC_DERIVED
202304,2023,4,bottas,Valtteri Bottas,0.000000,4.000000,PUBLIC_DERIVED
202305,2023,5,bottas,Valtteri Bottas,0.000000,4.000000,PUBLIC_DERIVED
202306,2023,6,bottas,Valtteri Bottas,0.000000,4.000000,PUBLIC_DERIVED
202307,2023,7,bottas,Valtteri Bottas,0.000000,4.000000,PUBLIC_DERIVED
202308,2023,8,bottas,Valtteri Bottas,1.000000,5.000000,PUBLIC_DERIVED
202309,2023,9,bottas,Valtteri Bottas,0.000000,5.000000,PUBLIC_DERIVED
202310,2023,10,bottas,Valtteri Bottas,0.000000,5.000000,PUBLIC_DERIVED
202311,2023,11,bottas,Valtteri Bottas,0.000000,5.000000,PUBLIC_DERIVED
202312,2023,12,bottas,Valtteri Bottas,0.000000,5.000000,PUBLIC_DERIVED
202313,2023,13,bottas,Valtteri Bottas,0.000000,5.000000,PUBLIC_DERIVED
202314,2023,14,bottas,Valtteri Bottas,1.000000,6.000000,PUBLIC_DERIVED
202315,2023,15,bottas,Valtteri Bottas,0.000000,6.000000,PUBLIC_DERIVED
202316,2023,16,bottas,Valtteri Bottas,0.000000,6.000000,PUBLIC_DERIVED
202317,2023,17,bottas,Valtteri Bottas,4.000000,10.000000,PUBLIC_DERIVED
202318,2023,18,bottas,Valtteri Bottas,0.000000,10.000000,PUBLIC_DERIVED
202319,2023,19,bottas,Valtteri Bottas,0.000000,10.000000,PUBLIC_DERIVED
202320,2023,20,bottas,Valtteri Bottas,0.000000,10.000000,PUBLIC_DERIVED
202321,2023,21,bottas,Valtteri Bottas,0.000000,10.000000,PUBLIC_DERIVED
202322,2023,22,bottas,Valtteri Bottas,0.000000,10.000000,PUBLIC_DERIVED
202301,2023,1,de_vries,Nyck de Vries,0.000000,0.000000,PUBLIC_DERIVED
202302,2023,2,de_vries,Nyck de Vries,0.000000,0.000000,PUBLIC_DERIVED
202303,2023,3,de_vries,Nyck de Vries,0.000000,0.000000,PUBLIC_DERIVED
202304,2023,4,de_vries,Nyck de Vries,0.000000,0.000000,PUBLIC_DERIVED
202305,2023,5,de_vries,Nyck de Vries,0.000000,0.000000,PUBLIC_DERIVED
202306,2023,6,de_vries,Nyck de Vries,0.000000,0.000000,PUBLIC_DERIVED
202307,2023,7,de_vries,Nyck de Vries,0.000000,0.000000,PUBLIC_DERIVED
202308,2023,8,de_vries,Nyck de Vries,0.000000,0.000000,PUBLIC_DERIVED
202309,2023,9,de_vries,Nyck de Vries,0.000000,0.000000,PUBLIC_DERIVED
202310,2023,10,de_vries,Nyck de Vries,0.000000,0.000000,PUBLIC_DERIVED
202301,2023,1,gasly,Pierre Gasly,2.000000,2.000000,PUBLIC_DERIVED
202302,2023,2,gasly,Pierre Gasly,2.000000,4.000000,PUBLIC_DERIVED
202303,2023,3,gasly,Pierre Gasly,0.000000,4.000000,PUBLIC_DERIVED
202304,2023,4,gasly,Pierre Gasly,0.000000,4.000000,PUBLIC_DERIVED
202305,2023,5,gasly,Pierre Gasly,4.000000,8.000000,PUBLIC_DERIVED
202306,2023,6,gasly,Pierre Gasly,6.000000,14.000000,PUBLIC_DERIVED
202307,2023,7,gasly,Pierre Gasly,1.000000,15.000000,PUBLIC_DERIVED
202308,2023,8,gasly,Pierre Gasly,0.000000,15.000000,PUBLIC_DERIVED
202309,2023,9,gasly,Pierre Gasly,1.000000,16.000000,PUBLIC_DERIVED
202310,2023,10,gasly,Pierre Gasly,0.000000,16.000000,PUBLIC_DERIVED
202311,2023,11,gasly,Pierre Gasly,0.000000,16.000000,PUBLIC_DERIVED
202312,2023,12,gasly,Pierre Gasly,0.000000,16.000000,PUBLIC_DERIVED
202313,2023,13,gasly,Pierre Gasly,15.000000,31.000000,PUBLIC_DERIVED
202314,2023,14,gasly,Pierre Gasly,0.000000,31.000000,PUBLIC_DERIVED
202315,2023,15,gasly,Pierre Gasly,8.000000,39.000000,PUBLIC_DERIVED
202316,2023,16,gasly,Pierre Gasly,1.000000,40.000000,PUBLIC_DERIVED
202317,2023,17,gasly,Pierre Gasly,0.000000,40.000000,PUBLIC_DERIVED
202318,2023,18,gasly,Pierre Gasly,8.000000,48.000000,PUBLIC_DERIVED
202319,2023,19,gasly,Pierre Gasly,0.000000,48.000000,PUBLIC_DERIVED
202320,2023,20,gasly,Pierre Gasly,6.000000,54.000000,PUBLIC_DERIVED
202321,2023,21,gasly,Pierre Gasly,0.000000,54.000000,PUBLIC_DERIVED
202322,2023,22,gasly,Pierre Gasly,0.000000,54.000000,PUBLIC_DERIVED
202301,2023,1,hamilton,Lewis Hamilton,10.000000,10.000000,PUBLIC_DERIVED
202302,2023,2,hamilton,Lewis Hamilton,10.000000,20.000000,PUBLIC_DERIVED
202303,2023,3,hamilton,Lewis Hamilton,18.000000,38.000000,PUBLIC_DERIVED
202304,2023,4,hamilton,Lewis Hamilton,8.000000,46.000000,PUBLIC_DERIVED
202305,2023,5,hamilton,Lewis Hamilton,8.000000,54.000000,PUBLIC_DERIVED
202306,2023,6,hamilton,Lewis Hamilton,13.000000,67.000000,PUBLIC_DERIVED
202307,2023,7,hamilton,Lewis Hamilton,18.000000,85.000000,PUBLIC_DERIVED
202308,2023,8,hamilton,Lewis Hamilton,15.000000,100.000000,PUBLIC_DERIVED
202309,2023,9,hamilton,Lewis Hamilton,4.000000,104.000000,PUBLIC_DERIVED
202310,2023,10,hamilton,Lewis Hamilton,15.000000,119.000000,PUBLIC_DERIVED
202311,2023,11,hamilton,Lewis Hamilton,12.000000,131.000000,PUBLIC_DERIVED
202312,2023,12,hamilton,Lewis Hamilton,13.000000,144.000000,PUBLIC_DERIVED
202313,2023,13,hamilton,Lewis Hamilton,8.000000,152.000000,PUBLIC_DERIVED
202314,2023,14,hamilton,Lewis Hamilton,8.000000,160.000000,PUBLIC_DERIVED
202315,2023,15,hamilton,Lewis Hamilton,16.000000,176.000000,PUBLIC_DERIVED
202316,2023,16,hamilton,Lewis Hamilton,10.000000,186.000000,PUBLIC_DERIVED
202317,2023,17,hamilton,Lewis Hamilton,0.000000,186.000000,PUBLIC_DERIVED
202318,2023,18,hamilton,Lewis Hamilton,0.000000,186.000000,PUBLIC_DERIVED
202319,2023,19,hamilton,Lewis Hamilton,19.000000,205.000000,PUBLIC_DERIVED
202320,2023,20,hamilton,Lewis Hamilton,4.000000,209.000000,PUBLIC_DERIVED
202321,2023,21,hamilton,Lewis Hamilton,6.000000,215.000000,PUBLIC_DERIVED
202322,2023,22,hamilton,Lewis Hamilton,2.000000,217.000000,PUBLIC_DERIVED
202301,2023,1,hulkenberg,Nico Hülkenberg,0.000000,0.000000,PUBLIC_DERIVED
202302,2023,2,hulkenberg,Nico Hülkenberg,0.000000,0.000000,PUBLIC_DERIVED
202303,2023,3,hulkenberg,Nico Hülkenberg,6.000000,6.000000,PUBLIC_DERIVED
202304,2023,4,hulkenberg,Nico Hülkenberg,0.000000,6.000000,PUBLIC_DERIVED
202305,2023,5,hulkenberg,Nico Hülkenberg,0.000000,6.000000,PUBLIC_DERIVED
202306,2023,6,hulkenberg,Nico Hülkenberg,0.000000,6.000000,PUBLIC_DERIVED
202307,2023,7,hulkenberg,Nico Hülkenberg,0.000000,6.000000,PUBLIC_DERIVED
202308,2023,8,hulkenberg,Nico Hülkenberg,0.000000,6.000000,PUBLIC_DERIVED
202309,2023,9,hulkenberg,Nico Hülkenberg,0.000000,6.000000,PUBLIC_DERIVED
202310,2023,10,hulkenberg,Nico Hülkenberg,0.000000,6.000000,PUBLIC_DERIVED
202311,2023,11,hulkenberg,Nico Hülkenberg,0.000000,6.000000,PUBLIC_DERIVED
202312,2023,12,hulkenberg,Nico Hülkenberg,0.000000,6.000000,PUBLIC_DERIVED
202313,2023,13,hulkenberg,Nico Hülkenberg,0.000000,6.000000,PUBLIC_DERIVED
202314,2023,14,hulkenberg,Nico Hülkenberg,0.000000,6.000000,PUBLIC_DERIVED
202315,2023,15,hulkenberg,Nico Hülkenberg,0.000000,6.000000,PUBLIC_DERIVED
202316,2023,16,hulkenberg,Nico Hülkenberg,0.000000,6.000000,PUBLIC_DERIVED
202317,2023,17,hulkenberg,Nico Hülkenberg,0.000000,6.000000,PUBLIC_DERIVED
202318,2023,18,hulkenberg,Nico Hülkenberg,0.000000,6.000000,PUBLIC_DERIVED
202319,2023,19,hulkenberg,Nico Hülkenberg,0.000000,6.000000,PUBLIC_DERIVED
202320,2023,20,hulkenberg,Nico Hülkenberg,0.000000,6.000000,PUBLIC_DERIVED
202321,2023,21,hulkenberg,Nico Hülkenberg,0.000000,6.000000,PUBLIC_DERIVED
202322,2023,22,hulkenberg,Nico Hülkenberg,0.000000,6.000000,PUBLIC_DERIVED
202301,2023,1,kevin_magnussen,Kevin Magnussen,0.000000,0.000000,PUBLIC_DERIVED
202302,2023,2,kevin_magnussen,Kevin Magnussen,1.000000,1.000000,PUBLIC_DERIVED
202303,2023,3,kevin_magnussen,Kevin Magnussen,0.000000,1.000000,PUBLIC_DERIVED
202304,2023,4,kevin_magnussen,Kevin Magnussen,0.000000,1.000000,PUBLIC_DERIVED
202305,2023,5,kevin_magnussen,Kevin Magnussen,1.000000,2.000000,PUBLIC_DERIVED
202306,2023,6,kevin_magnussen,Kevin Magnussen,0.000000,2.000000,PUBLIC_DERIVED
202307,2023,7,kevin_magnussen,Kevin Magnussen,0.000000,2.000000,PUBLIC_DERIVED
202308,2023,8,kevin_magnussen,Kevin Magnussen,0.000000,2.000000,PUBLIC_DERIVED
202309,2023,9,kevin_magnussen,Kevin Magnussen,0.000000,2.000000,PUBLIC_DERIVED
202310,2023,10,kevin_magnussen,Kevin Magnussen,0.000000,2.000000,PUBLIC_DERIVED
202311,2023,11,kevin_magnussen,Kevin Magnussen,0.000000,2.000000,PUBLIC_DERIVED
202312,2023,12,kevin_magnussen,Kevin Magnussen,0.000000,2.000000,PUBLIC_DERIVED
202313,2023,13,kevin_magnussen,Kevin Magnussen,0.000000,2.000000,PUBLIC_DERIVED
202314,2023,14,kevin_magnussen,Kevin Magnussen,0.000000,2.000000,PUBLIC_DERIVED
202315,2023,15,kevin_magnussen,Kevin Magnussen,1.000000,3.000000,PUBLIC_DERIVED
202316,2023,16,kevin_magnussen,Kevin Magnussen,0.000000,3.000000,PUBLIC_DERIVED
202317,2023,17,kevin_magnussen,Kevin Magnussen,0.000000,3.000000,PUBLIC_DERIVED
202318,2023,18,kevin_magnussen,Kevin Magnussen,0.000000,3.000000,PUBLIC_DERIVED
202319,2023,19,kevin_magnussen,Kevin Magnussen,0.000000,3.000000,PUBLIC_DERIVED
202320,2023,20,kevin_magnussen,Kevin Magnussen,0.000000,3.000000,PUBLIC_DERIVED
202321,2023,21,kevin_magnussen,Kevin Magnussen,0.000000,3.000000,PUBLIC_DERIVED
202322,2023,22,kevin_magnussen,Kevin Magnussen,0.000000,3.000000,PUBLIC_DERIVED
202313,2023,13,lawson,Liam Lawson,0.000000,0.000000,PUBLIC_DERIVED
202314,2023,14,lawson,Liam Lawson,0.000000,0.000000,PUBLIC_DERIVED
202315,2023,15,lawson,Liam Lawson,2.000000,2.000000,PUBLIC_DERIVED
202316,2023,16,lawson,Liam Lawson,0.000000,2.000000,PUBLIC_DERIVED
202317,2023,17,lawson,Liam Lawson,0.000000,2.000000,PUBLIC_DERIVED
202301,2023,1,leclerc,Charles Leclerc,0.000000,0.000000,PUBLIC_DERIVED
202302,2023,2,leclerc,Charles Leclerc,6.000000,6.000000,PUBLIC_DERIVED
202303,2023,3,leclerc,Charles Leclerc,0.000000,6.000000,PUBLIC_DERIVED
202304,2023,4,leclerc,Charles Leclerc,15.000000,21.000000,PUBLIC_DERIVED
202305,2023,5,leclerc,Charles Leclerc,6.000000,27.000000,PUBLIC_DERIVED
202306,2023,6,leclerc,Charles Leclerc,8.000000,35.000000,PUBLIC_DERIVED
202307,2023,7,leclerc,Charles Leclerc,0.000000,35.000000,PUBLIC_DERIVED
202308,2023,8,leclerc,Charles Leclerc,12.000000,47.000000,PUBLIC_DERIVED
202309,2023,9,leclerc,Charles Leclerc,18.000000,65.000000,PUBLIC_DERIVED
202310,2023,10,leclerc,Charles Leclerc,2.000000,67.000000,PUBLIC_DERIVED
202311,2023,11,leclerc,Charles Leclerc,6.000000,73.000000,PUBLIC_DERIVED
202312,2023,12,leclerc,Charles Leclerc,15.000000,88.000000,PUBLIC_DERIVED
202313,2023,13,leclerc,Charles Leclerc,0.000000,88.000000,PUBLIC_DERIVED
202314,2023,14,leclerc,Charles Leclerc,12.000000,100.000000,PUBLIC_DERIVED
202315,2023,15,leclerc,Charles Leclerc,12.000000,112.000000,PUBLIC_DERIVED
202316,2023,16,leclerc,Charles Leclerc,12.000000,124.000000,PUBLIC_DERIVED
202317,2023,17,leclerc,Charles Leclerc,10.000000,134.000000,PUBLIC_DERIVED
202318,2023,18,leclerc,Charles Leclerc,0.000000,134.000000,PUBLIC_DERIVED
202319,2023,19,leclerc,Charles Leclerc,15.000000,149.000000,PUBLIC_DERIVED
202320,2023,20,leclerc,Charles Leclerc,0.000000,149.000000,PUBLIC_DERIVED
202321,2023,21,leclerc,Charles Leclerc,18.000000,167.000000,PUBLIC_DERIVED
202322,2023,22,leclerc,Charles Leclerc,18.000000,185.000000,PUBLIC_DERIVED
202301,2023,1,max_verstappen,Max Verstappen,25.000000,25.000000,PUBLIC_DERIVED
202302,2023,2,max_verstappen,Max Verstappen,19.000000,44.000000,PUBLIC_DERIVED
202303,2023,3,max_verstappen,Max Verstappen,25.000000,69.000000,PUBLIC_DERIVED
202304,2023,4,max_verstappen,Max Verstappen,18.000000,87.000000,PUBLIC_DERIVED
202305,2023,5,max_verstappen,Max Verstappen,26.000000,113.000000,PUBLIC_DERIVED
202306,2023,6,max_verstappen,Max Verstappen,25.000000,138.000000,PUBLIC_DERIVED
202307,2023,7,max_verstappen,Max Verstappen,26.000000,164.000000,PUBLIC_DERIVED
202308,2023,8,max_verstappen,Max Verstappen,25.000000,189.000000,PUBLIC_DERIVED
202309,2023,9,max_verstappen,Max Verstappen,26.000000,215.000000,PUBLIC_DERIVED
202310,2023,10,max_verstappen,Max Verstappen,26.000000,241.000000,PUBLIC_DERIVED
202311,2023,11,max_verstappen,Max Verstappen,26.000000,267.000000,PUBLIC_DERIVED
202312,2023,12,max_verstappen,Max Verstappen,25.000000,292.000000,PUBLIC_DERIVED
202313,2023,13,max_verstappen,Max Verstappen,25.000000,317.000000,PUBLIC_DERIVED
202314,2023,14,max_verstappen,Max Verstappen,25.000000,342.000000,PUBLIC_DERIVED
202315,2023,15,max_verstappen,Max Verstappen,10.000000,352.000000,PUBLIC_DERIVED
202316,2023,16,max_verstappen,Max Verstappen,26.000000,378.000000,PUBLIC_DERIVED
202317,2023,17,max_verstappen,Max Verstappen,26.000000,404.000000,PUBLIC_DERIVED
202318,2023,18,max_verstappen,Max Verstappen,25.000000,429.000000,PUBLIC_DERIVED
202319,2023,19,max_verstappen,Max Verstappen,25.000000,454.000000,PUBLIC_DERIVED
202320,2023,20,max_verstappen,Max Verstappen,25.000000,479.000000,PUBLIC_DERIVED
202321,2023,21,max_verstappen,Max Verstappen,25.000000,504.000000,PUBLIC_DERIVED
202322,2023,22,max_verstappen,Max Verstappen,26.000000,530.000000,PUBLIC_DERIVED
202301,2023,1,norris,Lando Norris,0.000000,0.000000,PUBLIC_DERIVED
202302,2023,2,norris,Lando Norris,0.000000,0.000000,PUBLIC_DERIVED
202303,2023,3,norris,Lando Norris,8.000000,8.000000,PUBLIC_DERIVED
202304,2023,4,norris,Lando Norris,2.000000,10.000000,PUBLIC_DERIVED
202305,2023,5,norris,Lando Norris,0.000000,10.000000,PUBLIC_DERIVED
202306,2023,6,norris,Lando Norris,2.000000,12.000000,PUBLIC_DERIVED
202307,2023,7,norris,Lando Norris,0.000000,12.000000,PUBLIC_DERIVED
202308,2023,8,norris,Lando Norris,0.000000,12.000000,PUBLIC_DERIVED
202309,2023,9,norris,Lando Norris,12.000000,24.000000,PUBLIC_DERIVED
202310,2023,10,norris,Lando Norris,18.000000,42.000000,PUBLIC_DERIVED
202311,2023,11,norris,Lando Norris,18.000000,60.000000,PUBLIC_DERIVED
202312,2023,12,norris,Lando Norris,6.000000,66.000000,PUBLIC_DERIVED
202313,2023,13,norris,Lando Norris,6.000000,72.000000,PUBLIC_DERIVED
202314,2023,14,norris,Lando Norris,4.000000,76.000000,PUBLIC_DERIVED
202315,2023,15,norris,Lando Norris,18.000000,94.000000,PUBLIC_DERIVED
202316,2023,16,norris,Lando Norris,18.000000,112.000000,PUBLIC_DERIVED
202317,2023,17,norris,Lando Norris,15.000000,127.000000,PUBLIC_DERIVED
202318,2023,18,norris,Lando Norris,18.000000,145.000000,PUBLIC_DERIVED
202319,2023,19,norris,Lando Norris,10.000000,155.000000,PUBLIC_DERIVED
202320,2023,20,norris,Lando Norris,19.000000,174.000000,PUBLIC_DERIVED
202321,2023,21,norris,Lando Norris,0.000000,174.000000,PUBLIC_DERIVED
202322,2023,22,norris,Lando Norris,10.000000,184.000000,PUBLIC_DERIVED
202301,2023,1,ocon,Esteban Ocon,0.000000,0.000000,PUBLIC_DERIVED
202302,2023,2,ocon,Esteban Ocon,4.000000,4.000000,PUBLIC_DERIVED
202303,2023,3,ocon,Esteban Ocon,0.000000,4.000000,PUBLIC_DERIVED
202304,2023,4,ocon,Esteban Ocon,0.000000,4.000000,PUBLIC_DERIVED
202305,2023,5,ocon,Esteban Ocon,2.000000,6.000000,PUBLIC_DERIVED
202306,2023,6,ocon,Esteban Ocon,15.000000,21.000000,PUBLIC_DERIVED
202307,2023,7,ocon,Esteban Ocon,4.000000,25.000000,PUBLIC_DERIVED
202308,2023,8,ocon,Esteban Ocon,4.000000,29.000000,PUBLIC_DERIVED
202309,2023,9,ocon,Esteban Ocon,0.000000,29.000000,PUBLIC_DERIVED
202310,2023,10,ocon,Esteban Ocon,0.000000,29.000000,PUBLIC_DERIVED
202311,2023,11,ocon,Esteban Ocon,0.000000,29.000000,PUBLIC_DERIVED
202312,2023,12,ocon,Esteban Ocon,4.000000,33.000000,PUBLIC_DERIVED
202313,2023,13,ocon,Esteban Ocon,1.000000,34.000000,PUBLIC_DERIVED
202314,2023,14,ocon,Esteban Ocon,0.000000,34.000000,PUBLIC_DERIVED
202315,2023,15,ocon,Esteban Ocon,0.000000,34.000000,PUBLIC_DERIVED
202316,2023,16,ocon,Esteban Ocon,2.000000,36.000000,PUBLIC_DERIVED
202317,2023,17,ocon,Esteban Ocon,6.000000,42.000000,PUBLIC_DERIVED
202318,2023,18,ocon,Esteban Ocon,0.000000,42.000000,PUBLIC_DERIVED
202319,2023,19,ocon,Esteban Ocon,1.000000,43.000000,PUBLIC_DERIVED
202320,2023,20,ocon,Esteban Ocon,1.000000,44.000000,PUBLIC_DERIVED
202321,2023,21,ocon,Esteban Ocon,12.000000,56.000000,PUBLIC_DERIVED
202322,2023,22,ocon,Esteban Ocon,0.000000,56.000000,PUBLIC_DERIVED
202301,2023,1,perez,Sergio Pérez,18.000000,18.000000,PUBLIC_DERIVED
202302,2023,2,perez,Sergio Pérez,25.000000,43.000000,PUBLIC_DERIVED
202303,2023,3,perez,Sergio Pérez,11.000000,54.000000,PUBLIC_DERIVED
202304,2023,4,perez,Sergio Pérez,25.000000,79.000000,PUBLIC_DERIVED
202305,2023,5,perez,Sergio Pérez,18.000000,97.000000,PUBLIC_DERIVED
202306,2023,6,perez,Sergio Pérez,0.000000,97.000000,PUBLIC_DERIVED
202307,2023,7,perez,Sergio Pérez,12.000000,109.000000,PUBLIC_DERIVED
202308,2023,8,perez,Sergio Pérez,9.000000,118.000000,PUBLIC_DERIVED
202309,2023,9,perez,Sergio Pérez,15.000000,133.000000,PUBLIC_DERIVED
202310,2023,10,perez,Sergio Pérez,8.000000,141.000000,PUBLIC_DERIVED
202311,2023,11,perez,Sergio Pérez,15.000000,156.000000,PUBLIC_DERIVED
202312,2023,12,perez,Sergio Pérez,18.000000,174.000000,PUBLIC_DERIVED
202313,2023,13,perez,Sergio Pérez,12.000000,186.000000,PUBLIC_DERIVED
202314,2023,14,perez,Sergio Pérez,18.000000,204.000000,PUBLIC_DERIVED
202315,2023,15,perez,Sergio Pérez,4.000000,208.000000,PUBLIC_DERIVED
202316,2023,16,perez,Sergio Pérez,0.000000,208.000000,PUBLIC_DERIVED
202317,2023,17,perez,Sergio Pérez,1.000000,209.000000,PUBLIC_DERIVED
202318,2023,18,perez,Sergio Pérez,12.000000,221.000000,PUBLIC_DERIVED
202319,2023,19,perez,Sergio Pérez,0.000000,221.000000,PUBLIC_DERIVED
202320,2023,20,perez,Sergio Pérez,12.000000,233.000000,PUBLIC_DERIVED
202321,2023,21,perez,Sergio Pérez,15.000000,248.000000,PUBLIC_DERIVED
202322,2023,22,perez,Sergio Pérez,12.000000,260.000000,PUBLIC_DERIVED
202301,2023,1,piastri,Oscar Piastri,0.000000,0.000000,PUBLIC_DERIVED
202302,2023,2,piastri,Oscar Piastri,0.000000,0.000000,PUBLIC_DERIVED
202303,2023,3,piastri,Oscar Piastri,4.000000,4.000000,PUBLIC_DERIVED
202304,2023,4,piastri,Oscar Piastri,0.000000,4.000000,PUBLIC_DERIVED
202305,2023,5,piastri,Oscar Piastri,0.000000,4.000000,PUBLIC_DERIVED
202306,2023,6,piastri,Oscar Piastri,1.000000,5.000000,PUBLIC_DERIVED
202307,2023,7,piastri,Oscar Piastri,0.000000,5.000000,PUBLIC_DERIVED
202308,2023,8,piastri,Oscar Piastri,0.000000,5.000000,PUBLIC_DERIVED
202309,2023,9,piastri,Oscar Piastri,0.000000,5.000000,PUBLIC_DERIVED
202310,2023,10,piastri,Oscar Piastri,12.000000,17.000000,PUBLIC_DERIVED
202311,2023,11,piastri,Oscar Piastri,10.000000,27.000000,PUBLIC_DERIVED
202312,2023,12,piastri,Oscar Piastri,0.000000,27.000000,PUBLIC_DERIVED
202313,2023,13,piastri,Oscar Piastri,2.000000,29.000000,PUBLIC_DERIVED
202314,2023,14,piastri,Oscar Piastri,0.000000,29.000000,PUBLIC_DERIVED
202315,2023,15,piastri,Oscar Piastri,6.000000,35.000000,PUBLIC_DERIVED
202316,2023,16,piastri,Oscar Piastri,15.000000,50.000000,PUBLIC_DERIVED
202317,2023,17,piastri,Oscar Piastri,18.000000,68.000000,PUBLIC_DERIVED
202318,2023,18,piastri,Oscar Piastri,0.000000,68.000000,PUBLIC_DERIVED
202319,2023,19,piastri,Oscar Piastri,4.000000,72.000000,PUBLIC_DERIVED
202320,2023,20,piastri,Oscar Piastri,0.000000,72.000000,PUBLIC_DERIVED
202321,2023,21,piastri,Oscar Piastri,2.000000,74.000000,PUBLIC_DERIVED
202322,2023,22,piastri,Oscar Piastri,8.000000,82.000000,PUBLIC_DERIVED
202311,2023,11,ricciardo,Daniel Ricciardo,0.000000,0.000000,PUBLIC_DERIVED
202312,2023,12,ricciardo,Daniel Ricciardo,0.000000,0.000000,PUBLIC_DERIVED
202318,2023,18,ricciardo,Daniel Ricciardo,0.000000,0.000000,PUBLIC_DERIVED
202319,2023,19,ricciardo,Daniel Ricciardo,6.000000,6.000000,PUBLIC_DERIVED
202320,2023,20,ricciardo,Daniel Ricciardo,0.000000,6.000000,PUBLIC_DERIVED
202321,2023,21,ricciardo,Daniel Ricciardo,0.000000,6.000000,PUBLIC_DERIVED
202322,2023,22,ricciardo,Daniel Ricciardo,0.000000,6.000000,PUBLIC_DERIVED
202301,2023,1,russell,George Russell,6.000000,6.000000,PUBLIC_DERIVED
202302,2023,2,russell,George Russell,12.000000,18.000000,PUBLIC_DERIVED
202303,2023,3,russell,George Russell,0.000000,18.000000,PUBLIC_DERIVED
202304,2023,4,russell,George Russell,5.000000,23.000000,PUBLIC_DERIVED
202305,2023,5,russell,George Russell,12.000000,35.000000,PUBLIC_DERIVED
202306,2023,6,russell,George Russell,10.000000,45.000000,PUBLIC_DERIVED
202307,2023,7,russell,George Russell,15.000000,60.000000,PUBLIC_DERIVED
202308,2023,8,russell,George Russell,0.000000,60.000000,PUBLIC_DERIVED
202309,2023,9,russell,George Russell,6.000000,66.000000,PUBLIC_DERIVED
202310,2023,10,russell,George Russell,10.000000,76.000000,PUBLIC_DERIVED
202311,2023,11,russell,George Russell,8.000000,84.000000,PUBLIC_DERIVED
202312,2023,12,russell,George Russell,8.000000,92.000000,PUBLIC_DERIVED
202313,2023,13,russell,George Russell,0.000000,92.000000,PUBLIC_DERIVED
202314,2023,14,russell,George Russell,10.000000,102.000000,PUBLIC_DERIVED
202315,2023,15,russell,George Russell,0.000000,102.000000,PUBLIC_DERIVED
202316,2023,16,russell,George Russell,6.000000,108.000000,PUBLIC_DERIVED
202317,2023,17,russell,George Russell,12.000000,120.000000,PUBLIC_DERIVED
202318,2023,18,russell,George Russell,10.000000,130.000000,PUBLIC_DERIVED
202319,2023,19,russell,George Russell,8.000000,138.000000,PUBLIC_DERIVED
202320,2023,20,russell,George Russell,0.000000,138.000000,PUBLIC_DERIVED
202321,2023,21,russell,George Russell,4.000000,142.000000,PUBLIC_DERIVED
202322,2023,22,russell,George Russell,15.000000,157.000000,PUBLIC_DERIVED
202301,2023,1,sainz,Carlos Sainz,12.000000,12.000000,PUBLIC_DERIVED
202302,2023,2,sainz,Carlos Sainz,8.000000,20.000000,PUBLIC_DERIVED
202303,2023,3,sainz,Carlos Sainz,0.000000,20.000000,PUBLIC_DERIVED
202304,2023,4,sainz,Carlos Sainz,10.000000,30.000000,PUBLIC_DERIVED
202305,2023,5,sainz,Carlos Sainz,10.000000,40.000000,PUBLIC_DERIVED
202306,2023,6,sainz,Carlos Sainz,4.000000,44.000000,PUBLIC_DERIVED
202307,2023,7,sainz,Carlos Sainz,10.000000,54.000000,PUBLIC_DERIVED
202308,2023,8,sainz,Carlos Sainz,10.000000,64.000000,PUBLIC_DERIVED
202309,2023,9,sainz,Carlos Sainz,8.000000,72.000000,PUBLIC_DERIVED
202310,2023,10,sainz,Carlos Sainz,1.000000,73.000000,PUBLIC_DERIVED
202311,2023,11,sainz,Carlos Sainz,4.000000,77.000000,PUBLIC_DERIVED
202312,2023,12,sainz,Carlos Sainz,0.000000,77.000000,PUBLIC_DERIVED
202313,2023,13,sainz,Carlos Sainz,10.000000,87.000000,PUBLIC_DERIVED
202314,2023,14,sainz,Carlos Sainz,15.000000,102.000000,PUBLIC_DERIVED
202315,2023,15,sainz,Carlos Sainz,25.000000,127.000000,PUBLIC_DERIVED
202316,2023,16,sainz,Carlos Sainz,8.000000,135.000000,PUBLIC_DERIVED
202317,2023,17,sainz,Carlos Sainz,0.000000,135.000000,PUBLIC_DERIVED
202318,2023,18,sainz,Carlos Sainz,15.000000,150.000000,PUBLIC_DERIVED
202319,2023,19,sainz,Carlos Sainz,12.000000,162.000000,PUBLIC_DERIVED
202320,2023,20,sainz,Carlos Sainz,8.000000,170.000000,PUBLIC_DERIVED
202321,2023,21,sainz,Carlos Sainz,8.000000,178.000000,PUBLIC_DERIVED
202322,2023,22,sainz,Carlos Sainz,0.000000,178.000000,PUBLIC_DERIVED
202301,2023,1,sargeant,Logan Sargeant,0.000000,0.000000,PUBLIC_DERIVED
202302,2023,2,sargeant,Logan Sargeant,0.000000,0.000000,PUBLIC_DERIVED
202303,2023,3,sargeant,Logan Sargeant,0.000000,0.000000,PUBLIC_DERIVED
202304,2023,4,sargeant,Logan Sargeant,0.000000,0.000000,PUBLIC_DERIVED
202305,2023,5,sargeant,Logan Sargeant,0.000000,0.000000,PUBLIC_DERIVED
202306,2023,6,sargeant,Logan Sargeant,0.000000,0.000000,PUBLIC_DERIVED
202307,2023,7,sargeant,Logan Sargeant,0.000000,0.000000,PUBLIC_DERIVED
202308,2023,8,sargeant,Logan Sargeant,0.000000,0.000000,PUBLIC_DERIVED
202309,2023,9,sargeant,Logan Sargeant,0.000000,0.000000,PUBLIC_DERIVED
202310,2023,10,sargeant,Logan Sargeant,0.000000,0.000000,PUBLIC_DERIVED
202311,2023,11,sargeant,Logan Sargeant,0.000000,0.000000,PUBLIC_DERIVED
202312,2023,12,sargeant,Logan Sargeant,0.000000,0.000000,PUBLIC_DERIVED
202313,2023,13,sargeant,Logan Sargeant,0.000000,0.000000,PUBLIC_DERIVED
202314,2023,14,sargeant,Logan Sargeant,0.000000,0.000000,PUBLIC_DERIVED
202315,2023,15,sargeant,Logan Sargeant,0.000000,0.000000,PUBLIC_DERIVED
202316,2023,16,sargeant,Logan Sargeant,0.000000,0.000000,PUBLIC_DERIVED
202317,2023,17,sargeant,Logan Sargeant,0.000000,0.000000,PUBLIC_DERIVED
202318,2023,18,sargeant,Logan Sargeant,1.000000,1.000000,PUBLIC_DERIVED
202319,2023,19,sargeant,Logan Sargeant,0.000000,1.000000,PUBLIC_DERIVED
202320,2023,20,sargeant,Logan Sargeant,0.000000,1.000000,PUBLIC_DERIVED
202321,2023,21,sargeant,Logan Sargeant,0.000000,1.000000,PUBLIC_DERIVED
202322,2023,22,sargeant,Logan Sargeant,0.000000,1.000000,PUBLIC_DERIVED
202301,2023,1,stroll,Lance Stroll,8.000000,8.000000,PUBLIC_DERIVED
202302,2023,2,stroll,Lance Stroll,0.000000,8.000000,PUBLIC_DERIVED
202303,2023,3,stroll,Lance Stroll,12.000000,20.000000,PUBLIC_DERIVED
202304,2023,4,stroll,Lance Stroll,6.000000,26.000000,PUBLIC_DERIVED
202305,2023,5,stroll,Lance Stroll,0.000000,26.000000,PUBLIC_DERIVED
202306,2023,6,stroll,Lance Stroll,0.000000,26.000000,PUBLIC_DERIVED
202307,2023,7,stroll,Lance Stroll,8.000000,34.000000,PUBLIC_DERIVED
202308,2023,8,stroll,Lance Stroll,2.000000,36.000000,PUBLIC_DERIVED
202309,2023,9,stroll,Lance Stroll,2.000000,38.000000,PUBLIC_DERIVED
202310,2023,10,stroll,Lance Stroll,0.000000,38.000000,PUBLIC_DERIVED
202311,2023,11,stroll,Lance Stroll,1.000000,39.000000,PUBLIC_DERIVED
202312,2023,12,stroll,Lance Stroll,2.000000,41.000000,PUBLIC_DERIVED
202313,2023,13,stroll,Lance Stroll,0.000000,41.000000,PUBLIC_DERIVED
202314,2023,14,stroll,Lance Stroll,0.000000,41.000000,PUBLIC_DERIVED
202315,2023,15,stroll,Lance Stroll,0.000000,41.000000,PUBLIC_DERIVED
202316,2023,16,stroll,Lance Stroll,0.000000,41.000000,PUBLIC_DERIVED
202317,2023,17,stroll,Lance Stroll,0.000000,41.000000,PUBLIC_DERIVED
202318,2023,18,stroll,Lance Stroll,6.000000,47.000000,PUBLIC_DERIVED
202319,2023,19,stroll,Lance Stroll,0.000000,47.000000,PUBLIC_DERIVED
202320,2023,20,stroll,Lance Stroll,10.000000,57.000000,PUBLIC_DERIVED
202321,2023,21,stroll,Lance Stroll,10.000000,67.000000,PUBLIC_DERIVED
202322,2023,22,stroll,Lance Stroll,1.000000,68.000000,PUBLIC_DERIVED
202301,2023,1,tsunoda,Yuki Tsunoda,0.000000,0.000000,PUBLIC_DERIVED
202302,2023,2,tsunoda,Yuki Tsunoda,0.000000,0.000000,PUBLIC_DERIVED
202303,2023,3,tsunoda,Yuki Tsunoda,1.000000,1.000000,PUBLIC_DERIVED
202304,2023,4,tsunoda,Yuki Tsunoda,1.000000,2.000000,PUBLIC_DERIVED
202305,2023,5,tsunoda,Yuki Tsunoda,0.000000,2.000000,PUBLIC_DERIVED
202306,2023,6,tsunoda,Yuki Tsunoda,0.000000,2.000000,PUBLIC_DERIVED
202307,2023,7,tsunoda,Yuki Tsunoda,0.000000,2.000000,PUBLIC_DERIVED
202308,2023,8,tsunoda,Yuki Tsunoda,0.000000,2.000000,PUBLIC_DERIVED
202309,2023,9,tsunoda,Yuki Tsunoda,0.000000,2.000000,PUBLIC_DERIVED
202310,2023,10,tsunoda,Yuki Tsunoda,0.000000,2.000000,PUBLIC_DERIVED
202311,2023,11,tsunoda,Yuki Tsunoda,0.000000,2.000000,PUBLIC_DERIVED
202312,2023,12,tsunoda,Yuki Tsunoda,1.000000,3.000000,PUBLIC_DERIVED
202313,2023,13,tsunoda,Yuki Tsunoda,0.000000,3.000000,PUBLIC_DERIVED
202314,2023,14,tsunoda,Yuki Tsunoda,0.000000,3.000000,PUBLIC_DERIVED
202315,2023,15,tsunoda,Yuki Tsunoda,0.000000,3.000000,PUBLIC_DERIVED
202316,2023,16,tsunoda,Yuki Tsunoda,0.000000,3.000000,PUBLIC_DERIVED
202317,2023,17,tsunoda,Yuki Tsunoda,0.000000,3.000000,PUBLIC_DERIVED
202318,2023,18,tsunoda,Yuki Tsunoda,5.000000,8.000000,PUBLIC_DERIVED
202319,2023,19,tsunoda,Yuki Tsunoda,0.000000,8.000000,PUBLIC_DERIVED
202320,2023,20,tsunoda,Yuki Tsunoda,2.000000,10.000000,PUBLIC_DERIVED
202321,2023,21,tsunoda,Yuki Tsunoda,0.000000,10.000000,PUBLIC_DERIVED
202322,2023,22,tsunoda,Yuki Tsunoda,4.000000,14.000000,PUBLIC_DERIVED
202301,2023,1,zhou,Guanyu Zhou,0.000000,0.000000,PUBLIC_DERIVED
202302,2023,2,zhou,Guanyu Zhou,0.000000,0.000000,PUBLIC_DERIVED
202303,2023,3,zhou,Guanyu Zhou,2.000000,2.000000,PUBLIC_DERIVED
202304,2023,4,zhou,Guanyu Zhou,0.000000,2.000000,PUBLIC_DERIVED
202305,2023,5,zhou,Guanyu Zhou,0.000000,2.000000,PUBLIC_DERIVED
202306,2023,6,zhou,Guanyu Zhou,0.000000,2.000000,PUBLIC_DERIVED
202307,2023,7,zhou,Guanyu Zhou,2.000000,4.000000,PUBLIC_DERIVED
202308,2023,8,zhou,Guanyu Zhou,0.000000,4.000000,PUBLIC_DERIVED
202309,2023,9,zhou,Guanyu Zhou,0.000000,4.000000,PUBLIC_DERIVED
202310,2023,10,zhou,Guanyu Zhou,0.000000,4.000000,PUBLIC_DERIVED
202311,2023,11,zhou,Guanyu Zhou,0.000000,4.000000,PUBLIC_DERIVED
202312,2023,12,zhou,Guanyu Zhou,0.000000,4.000000,PUBLIC_DERIVED
202313,2023,13,zhou,Guanyu Zhou,0.000000,4.000000,PUBLIC_DERIVED
202314,2023,14,zhou,Guanyu Zhou,0.000000,4.000000,PUBLIC_DERIVED
202315,2023,15,zhou,Guanyu Zhou,0.000000,4.000000,PUBLIC_DERIVED
202316,2023,16,zhou,Guanyu Zhou,0.000000,4.000000,PUBLIC_DERIVED
202317,2023,17,zhou,Guanyu Zhou,2.000000,6.000000,PUBLIC_DERIVED
202318,2023,18,zhou,Guanyu Zhou,0.000000,6.000000,PUBLIC_DERIVED
202319,2023,19,zhou,Guanyu Zhou,0.000000,6.000000,PUBLIC_DERIVED
202320,2023,20,zhou,Guanyu Zhou,0.000000,6.000000,PUBLIC_DERIVED
202321,2023,21,zhou,Guanyu Zhou,0.000000,6.000000,PUBLIC_DERIVED
202322,2023,22,zhou,Guanyu Zhou,0.000000,6.000000,PUBLIC_DERIVED
202401,2024,1,albon,Alexander Albon,0.000000,0.000000,PUBLIC_DERIVED
202402,2024,2,albon,Alexander Albon,0.000000,0.000000,PUBLIC_DERIVED
202403,2024,3,albon,Alexander Albon,0.000000,0.000000,PUBLIC_DERIVED
202404,2024,4,albon,Alexander Albon,0.000000,0.000000,PUBLIC_DERIVED
202405,2024,5,albon,Alexander Albon,0.000000,0.000000,PUBLIC_DERIVED
202406,2024,6,albon,Alexander Albon,0.000000,0.000000,PUBLIC_DERIVED
202407,2024,7,albon,Alexander Albon,0.000000,0.000000,PUBLIC_DERIVED
202408,2024,8,albon,Alexander Albon,2.000000,2.000000,PUBLIC_DERIVED
202409,2024,9,albon,Alexander Albon,0.000000,2.000000,PUBLIC_DERIVED
202410,2024,10,albon,Alexander Albon,0.000000,2.000000,PUBLIC_DERIVED
202411,2024,11,albon,Alexander Albon,0.000000,2.000000,PUBLIC_DERIVED
202412,2024,12,albon,Alexander Albon,2.000000,4.000000,PUBLIC_DERIVED
202413,2024,13,albon,Alexander Albon,0.000000,4.000000,PUBLIC_DERIVED
202414,2024,14,albon,Alexander Albon,0.000000,4.000000,PUBLIC_DERIVED
202415,2024,15,albon,Alexander Albon,0.000000,4.000000,PUBLIC_DERIVED
202416,2024,16,albon,Alexander Albon,2.000000,6.000000,PUBLIC_DERIVED
202417,2024,17,albon,Alexander Albon,6.000000,12.000000,PUBLIC_DERIVED
202418,2024,18,albon,Alexander Albon,0.000000,12.000000,PUBLIC_DERIVED
202419,2024,19,albon,Alexander Albon,0.000000,12.000000,PUBLIC_DERIVED
202420,2024,20,albon,Alexander Albon,0.000000,12.000000,PUBLIC_DERIVED
202421,2024,21,albon,Alexander Albon,0.000000,12.000000,PUBLIC_DERIVED
202422,2024,22,albon,Alexander Albon,0.000000,12.000000,PUBLIC_DERIVED
202423,2024,23,albon,Alexander Albon,0.000000,12.000000,PUBLIC_DERIVED
202424,2024,24,albon,Alexander Albon,0.000000,12.000000,PUBLIC_DERIVED
202401,2024,1,alonso,Fernando Alonso,2.000000,2.000000,PUBLIC_DERIVED
202402,2024,2,alonso,Fernando Alonso,10.000000,12.000000,PUBLIC_DERIVED
202403,2024,3,alonso,Fernando Alonso,4.000000,16.000000,PUBLIC_DERIVED
202404,2024,4,alonso,Fernando Alonso,8.000000,24.000000,PUBLIC_DERIVED
202405,2024,5,alonso,Fernando Alonso,7.000000,31.000000,PUBLIC_DERIVED
202406,2024,6,alonso,Fernando Alonso,2.000000,33.000000,PUBLIC_DERIVED
202407,2024,7,alonso,Fernando Alonso,0.000000,33.000000,PUBLIC_DERIVED
202408,2024,8,alonso,Fernando Alonso,0.000000,33.000000,PUBLIC_DERIVED
202409,2024,9,alonso,Fernando Alonso,8.000000,41.000000,PUBLIC_DERIVED
202410,2024,10,alonso,Fernando Alonso,0.000000,41.000000,PUBLIC_DERIVED
202411,2024,11,alonso,Fernando Alonso,0.000000,41.000000,PUBLIC_DERIVED
202412,2024,12,alonso,Fernando Alonso,4.000000,45.000000,PUBLIC_DERIVED
202413,2024,13,alonso,Fernando Alonso,0.000000,45.000000,PUBLIC_DERIVED
202414,2024,14,alonso,Fernando Alonso,4.000000,49.000000,PUBLIC_DERIVED
202415,2024,15,alonso,Fernando Alonso,1.000000,50.000000,PUBLIC_DERIVED
202416,2024,16,alonso,Fernando Alonso,0.000000,50.000000,PUBLIC_DERIVED
202417,2024,17,alonso,Fernando Alonso,8.000000,58.000000,PUBLIC_DERIVED
202418,2024,18,alonso,Fernando Alonso,4.000000,62.000000,PUBLIC_DERIVED
202419,2024,19,alonso,Fernando Alonso,0.000000,62.000000,PUBLIC_DERIVED
202420,2024,20,alonso,Fernando Alonso,0.000000,62.000000,PUBLIC_DERIVED
202421,2024,21,alonso,Fernando Alonso,0.000000,62.000000,PUBLIC_DERIVED
202422,2024,22,alonso,Fernando Alonso,0.000000,62.000000,PUBLIC_DERIVED
202423,2024,23,alonso,Fernando Alonso,6.000000,68.000000,PUBLIC_DERIVED
202424,2024,24,alonso,Fernando Alonso,2.000000,70.000000,PUBLIC_DERIVED
202402,2024,2,bearman,Oliver Bearman,6.000000,6.000000,PUBLIC_DERIVED
202417,2024,17,bearman,Oliver Bearman,1.000000,7.000000,PUBLIC_DERIVED
202421,2024,21,bearman,Oliver Bearman,0.000000,7.000000,PUBLIC_DERIVED
202401,2024,1,bottas,Valtteri Bottas,0.000000,0.000000,PUBLIC_DERIVED
202402,2024,2,bottas,Valtteri Bottas,0.000000,0.000000,PUBLIC_DERIVED
202403,2024,3,bottas,Valtteri Bottas,0.000000,0.000000,PUBLIC_DERIVED
202404,2024,4,bottas,Valtteri Bottas,0.000000,0.000000,PUBLIC_DERIVED
202405,2024,5,bottas,Valtteri Bottas,0.000000,0.000000,PUBLIC_DERIVED
202406,2024,6,bottas,Valtteri Bottas,0.000000,0.000000,PUBLIC_DERIVED
202407,2024,7,bottas,Valtteri Bottas,0.000000,0.000000,PUBLIC_DERIVED
202408,2024,8,bottas,Valtteri Bottas,0.000000,0.000000,PUBLIC_DERIVED
202409,2024,9,bottas,Valtteri Bottas,0.000000,0.000000,PUBLIC_DERIVED
202410,2024,10,bottas,Valtteri Bottas,0.000000,0.000000,PUBLIC_DERIVED
202411,2024,11,bottas,Valtteri Bottas,0.000000,0.000000,PUBLIC_DERIVED
202412,2024,12,bottas,Valtteri Bottas,0.000000,0.000000,PUBLIC_DERIVED
202413,2024,13,bottas,Valtteri Bottas,0.000000,0.000000,PUBLIC_DERIVED
202414,2024,14,bottas,Valtteri Bottas,0.000000,0.000000,PUBLIC_DERIVED
202415,2024,15,bottas,Valtteri Bottas,0.000000,0.000000,PUBLIC_DERIVED
202416,2024,16,bottas,Valtteri Bottas,0.000000,0.000000,PUBLIC_DERIVED
202417,2024,17,bottas,Valtteri Bottas,0.000000,0.000000,PUBLIC_DERIVED
202418,2024,18,bottas,Valtteri Bottas,0.000000,0.000000,PUBLIC_DERIVED
202419,2024,19,bottas,Valtteri Bottas,0.000000,0.000000,PUBLIC_DERIVED
202420,2024,20,bottas,Valtteri Bottas,0.000000,0.000000,PUBLIC_DERIVED
202421,2024,21,bottas,Valtteri Bottas,0.000000,0.000000,PUBLIC_DERIVED
202422,2024,22,bottas,Valtteri Bottas,0.000000,0.000000,PUBLIC_DERIVED
202423,2024,23,bottas,Valtteri Bottas,0.000000,0.000000,PUBLIC_DERIVED
202424,2024,24,bottas,Valtteri Bottas,0.000000,0.000000,PUBLIC_DERIVED
202416,2024,16,colapinto,Franco Colapinto,0.000000,0.000000,PUBLIC_DERIVED
202417,2024,17,colapinto,Franco Colapinto,4.000000,4.000000,PUBLIC_DERIVED
202418,2024,18,colapinto,Franco Colapinto,0.000000,4.000000,PUBLIC_DERIVED
202419,2024,19,colapinto,Franco Colapinto,1.000000,5.000000,PUBLIC_DERIVED
202420,2024,20,colapinto,Franco Colapinto,0.000000,5.000000,PUBLIC_DERIVED
202421,2024,21,colapinto,Franco Colapinto,0.000000,5.000000,PUBLIC_DERIVED
202422,2024,22,colapinto,Franco Colapinto,0.000000,5.000000,PUBLIC_DERIVED
202423,2024,23,colapinto,Franco Colapinto,0.000000,5.000000,PUBLIC_DERIVED
202424,2024,24,colapinto,Franco Colapinto,0.000000,5.000000,PUBLIC_DERIVED
202424,2024,24,doohan,Jack Doohan,0.000000,0.000000,PUBLIC_DERIVED
202401,2024,1,gasly,Pierre Gasly,0.000000,0.000000,PUBLIC_DERIVED
202402,2024,2,gasly,Pierre Gasly,0.000000,0.000000,PUBLIC_DERIVED
202403,2024,3,gasly,Pierre Gasly,0.000000,0.000000,PUBLIC_DERIVED
202404,2024,4,gasly,Pierre Gasly,0.000000,0.000000,PUBLIC_DERIVED
202405,2024,5,gasly,Pierre Gasly,0.000000,0.000000,PUBLIC_DERIVED
202406,2024,6,gasly,Pierre Gasly,0.000000,0.000000,PUBLIC_DERIVED
202407,2024,7,gasly,Pierre Gasly,0.000000,0.000000,PUBLIC_DERIVED
202408,2024,8,gasly,Pierre Gasly,1.000000,1.000000,PUBLIC_DERIVED
202409,2024,9,gasly,Pierre Gasly,2.000000,3.000000,PUBLIC_DERIVED
202410,2024,10,gasly,Pierre Gasly,2.000000,5.000000,PUBLIC_DERIVED
202411,2024,11,gasly,Pierre Gasly,1.000000,6.000000,PUBLIC_DERIVED
202412,2024,12,gasly,Pierre Gasly,0.000000,6.000000,PUBLIC_DERIVED
202413,2024,13,gasly,Pierre Gasly,0.000000,6.000000,PUBLIC_DERIVED
202414,2024,14,gasly,Pierre Gasly,0.000000,6.000000,PUBLIC_DERIVED
202415,2024,15,gasly,Pierre Gasly,2.000000,8.000000,PUBLIC_DERIVED
202416,2024,16,gasly,Pierre Gasly,0.000000,8.000000,PUBLIC_DERIVED
202417,2024,17,gasly,Pierre Gasly,0.000000,8.000000,PUBLIC_DERIVED
202418,2024,18,gasly,Pierre Gasly,0.000000,8.000000,PUBLIC_DERIVED
202419,2024,19,gasly,Pierre Gasly,0.000000,8.000000,PUBLIC_DERIVED
202420,2024,20,gasly,Pierre Gasly,1.000000,9.000000,PUBLIC_DERIVED
202421,2024,21,gasly,Pierre Gasly,15.000000,24.000000,PUBLIC_DERIVED
202422,2024,22,gasly,Pierre Gasly,0.000000,24.000000,PUBLIC_DERIVED
202423,2024,23,gasly,Pierre Gasly,10.000000,34.000000,PUBLIC_DERIVED
202424,2024,24,gasly,Pierre Gasly,6.000000,40.000000,PUBLIC_DERIVED
202401,2024,1,hamilton,Lewis Hamilton,6.000000,6.000000,PUBLIC_DERIVED
202402,2024,2,hamilton,Lewis Hamilton,2.000000,8.000000,PUBLIC_DERIVED
202403,2024,3,hamilton,Lewis Hamilton,0.000000,8.000000,PUBLIC_DERIVED
202404,2024,4,hamilton,Lewis Hamilton,2.000000,10.000000,PUBLIC_DERIVED
202405,2024,5,hamilton,Lewis Hamilton,2.000000,12.000000,PUBLIC_DERIVED
202406,2024,6,hamilton,Lewis Hamilton,8.000000,20.000000,PUBLIC_DERIVED
202407,2024,7,hamilton,Lewis Hamilton,8.000000,28.000000,PUBLIC_DERIVED
202408,2024,8,hamilton,Lewis Hamilton,7.000000,35.000000,PUBLIC_DERIVED
202409,2024,9,hamilton,Lewis Hamilton,13.000000,48.000000,PUBLIC_DERIVED
202410,2024,10,hamilton,Lewis Hamilton,15.000000,63.000000,PUBLIC_DERIVED
202411,2024,11,hamilton,Lewis Hamilton,12.000000,75.000000,PUBLIC_DERIVED
202412,2024,12,hamilton,Lewis Hamilton,25.000000,100.000000,PUBLIC_DERIVED
202413,2024,13,hamilton,Lewis Hamilton,15.000000,115.000000,PUBLIC_DERIVED
202414,2024,14,hamilton,Lewis Hamilton,25.000000,140.000000,PUBLIC_DERIVED
202415,2024,15,hamilton,Lewis Hamilton,4.000000,144.000000,PUBLIC_DERIVED
202416,2024,16,hamilton,Lewis Hamilton,10.000000,154.000000,PUBLIC_DERIVED
202417,2024,17,hamilton,Lewis Hamilton,2.000000,156.000000,PUBLIC_DERIVED
202418,2024,18,hamilton,Lewis Hamilton,8.000000,164.000000,PUBLIC_DERIVED
202419,2024,19,hamilton,Lewis Hamilton,0.000000,164.000000,PUBLIC_DERIVED
202420,2024,20,hamilton,Lewis Hamilton,12.000000,176.000000,PUBLIC_DERIVED
202421,2024,21,hamilton,Lewis Hamilton,1.000000,177.000000,PUBLIC_DERIVED
202422,2024,22,hamilton,Lewis Hamilton,18.000000,195.000000,PUBLIC_DERIVED
202423,2024,23,hamilton,Lewis Hamilton,0.000000,195.000000,PUBLIC_DERIVED
202424,2024,24,hamilton,Lewis Hamilton,12.000000,207.000000,PUBLIC_DERIVED
202401,2024,1,hulkenberg,Nico Hülkenberg,0.000000,0.000000,PUBLIC_DERIVED
202402,2024,2,hulkenberg,Nico Hülkenberg,1.000000,1.000000,PUBLIC_DERIVED
202403,2024,3,hulkenberg,Nico Hülkenberg,2.000000,3.000000,PUBLIC_DERIVED
202404,2024,4,hulkenberg,Nico Hülkenberg,0.000000,3.000000,PUBLIC_DERIVED
202405,2024,5,hulkenberg,Nico Hülkenberg,1.000000,4.000000,PUBLIC_DERIVED
202406,2024,6,hulkenberg,Nico Hülkenberg,0.000000,4.000000,PUBLIC_DERIVED
202407,2024,7,hulkenberg,Nico Hülkenberg,0.000000,4.000000,PUBLIC_DERIVED
202408,2024,8,hulkenberg,Nico Hülkenberg,0.000000,4.000000,PUBLIC_DERIVED
202409,2024,9,hulkenberg,Nico Hülkenberg,0.000000,4.000000,PUBLIC_DERIVED
202410,2024,10,hulkenberg,Nico Hülkenberg,0.000000,4.000000,PUBLIC_DERIVED
202411,2024,11,hulkenberg,Nico Hülkenberg,8.000000,12.000000,PUBLIC_DERIVED
202412,2024,12,hulkenberg,Nico Hülkenberg,8.000000,20.000000,PUBLIC_DERIVED
202413,2024,13,hulkenberg,Nico Hülkenberg,0.000000,20.000000,PUBLIC_DERIVED
202414,2024,14,hulkenberg,Nico Hülkenberg,0.000000,20.000000,PUBLIC_DERIVED
202415,2024,15,hulkenberg,Nico Hülkenberg,0.000000,20.000000,PUBLIC_DERIVED
202416,2024,16,hulkenberg,Nico Hülkenberg,0.000000,20.000000,PUBLIC_DERIVED
202417,2024,17,hulkenberg,Nico Hülkenberg,0.000000,20.000000,PUBLIC_DERIVED
202418,2024,18,hulkenberg,Nico Hülkenberg,2.000000,22.000000,PUBLIC_DERIVED
202419,2024,19,hulkenberg,Nico Hülkenberg,4.000000,26.000000,PUBLIC_DERIVED
202420,2024,20,hulkenberg,Nico Hülkenberg,2.000000,28.000000,PUBLIC_DERIVED
202421,2024,21,hulkenberg,Nico Hülkenberg,0.000000,28.000000,PUBLIC_DERIVED
202422,2024,22,hulkenberg,Nico Hülkenberg,4.000000,32.000000,PUBLIC_DERIVED
202423,2024,23,hulkenberg,Nico Hülkenberg,0.000000,32.000000,PUBLIC_DERIVED
202424,2024,24,hulkenberg,Nico Hülkenberg,4.000000,36.000000,PUBLIC_DERIVED
202401,2024,1,kevin_magnussen,Kevin Magnussen,0.000000,0.000000,PUBLIC_DERIVED
202402,2024,2,kevin_magnussen,Kevin Magnussen,0.000000,0.000000,PUBLIC_DERIVED
202403,2024,3,kevin_magnussen,Kevin Magnussen,1.000000,1.000000,PUBLIC_DERIVED
202404,2024,4,kevin_magnussen,Kevin Magnussen,0.000000,1.000000,PUBLIC_DERIVED
202405,2024,5,kevin_magnussen,Kevin Magnussen,0.000000,1.000000,PUBLIC_DERIVED
202406,2024,6,kevin_magnussen,Kevin Magnussen,0.000000,1.000000,PUBLIC_DERIVED
202407,2024,7,kevin_magnussen,Kevin Magnussen,0.000000,1.000000,PUBLIC_DERIVED
202408,2024,8,kevin_magnussen,Kevin Magnussen,0.000000,1.000000,PUBLIC_DERIVED
202409,2024,9,kevin_magnussen,Kevin Magnussen,0.000000,1.000000,PUBLIC_DERIVED
202410,2024,10,kevin_magnussen,Kevin Magnussen,0.000000,1.000000,PUBLIC_DERIVED
202411,2024,11,kevin_magnussen,Kevin Magnussen,4.000000,5.000000,PUBLIC_DERIVED
202412,2024,12,kevin_magnussen,Kevin Magnussen,0.000000,5.000000,PUBLIC_DERIVED
202413,2024,13,kevin_magnussen,Kevin Magnussen,0.000000,5.000000,PUBLIC_DERIVED
202414,2024,14,kevin_magnussen,Kevin Magnussen,0.000000,5.000000,PUBLIC_DERIVED
202415,2024,15,kevin_magnussen,Kevin Magnussen,0.000000,5.000000,PUBLIC_DERIVED
202416,2024,16,kevin_magnussen,Kevin Magnussen,1.000000,6.000000,PUBLIC_DERIVED
202418,2024,18,kevin_magnussen,Kevin Magnussen,0.000000,6.000000,PUBLIC_DERIVED
202419,2024,19,kevin_magnussen,Kevin Magnussen,0.000000,6.000000,PUBLIC_DERIVED
202420,2024,20,kevin_magnussen,Kevin Magnussen,6.000000,12.000000,PUBLIC_DERIVED
202422,2024,22,kevin_magnussen,Kevin Magnussen,0.000000,12.000000,PUBLIC_DERIVED
202423,2024,23,kevin_magnussen,Kevin Magnussen,2.000000,14.000000,PUBLIC_DERIVED
202424,2024,24,kevin_magnussen,Kevin Magnussen,0.000000,14.000000,PUBLIC_DERIVED
202419,2024,19,lawson,Liam Lawson,2.000000,2.000000,PUBLIC_DERIVED
202420,2024,20,lawson,Liam Lawson,0.000000,2.000000,PUBLIC_DERIVED
202421,2024,21,lawson,Liam Lawson,2.000000,4.000000,PUBLIC_DERIVED
202422,2024,22,lawson,Liam Lawson,0.000000,4.000000,PUBLIC_DERIVED
202423,2024,23,lawson,Liam Lawson,0.000000,4.000000,PUBLIC_DERIVED
202424,2024,24,lawson,Liam Lawson,0.000000,4.000000,PUBLIC_DERIVED
202401,2024,1,leclerc,Charles Leclerc,12.000000,12.000000,PUBLIC_DERIVED
202402,2024,2,leclerc,Charles Leclerc,16.000000,28.000000,PUBLIC_DERIVED
202403,2024,3,leclerc,Charles Leclerc,19.000000,47.000000,PUBLIC_DERIVED
202404,2024,4,leclerc,Charles Leclerc,12.000000,59.000000,PUBLIC_DERIVED
202405,2024,5,leclerc,Charles Leclerc,12.000000,71.000000,PUBLIC_DERIVED
202406,2024,6,leclerc,Charles Leclerc,15.000000,86.000000,PUBLIC_DERIVED
202407,2024,7,leclerc,Charles Leclerc,15.000000,101.000000,PUBLIC_DERIVED
202408,2024,8,leclerc,Charles Leclerc,25.000000,126.000000,PUBLIC_DERIVED
202409,2024,9,leclerc,Charles Leclerc,0.000000,126.000000,PUBLIC_DERIVED
202410,2024,10,leclerc,Charles Leclerc,10.000000,136.000000,PUBLIC_DERIVED
202411,2024,11,leclerc,Charles Leclerc,0.000000,136.000000,PUBLIC_DERIVED
202412,2024,12,leclerc,Charles Leclerc,0.000000,136.000000,PUBLIC_DERIVED
202413,2024,13,leclerc,Charles Leclerc,12.000000,148.000000,PUBLIC_DERIVED
202414,2024,14,leclerc,Charles Leclerc,15.000000,163.000000,PUBLIC_DERIVED
202415,2024,15,leclerc,Charles Leclerc,15.000000,178.000000,PUBLIC_DERIVED
202416,2024,16,leclerc,Charles Leclerc,25.000000,203.000000,PUBLIC_DERIVED
202417,2024,17,leclerc,Charles Leclerc,18.000000,221.000000,PUBLIC_DERIVED
202418,2024,18,leclerc,Charles Leclerc,10.000000,231.000000,PUBLIC_DERIVED
202419,2024,19,leclerc,Charles Leclerc,25.000000,256.000000,PUBLIC_DERIVED
202420,2024,20,leclerc,Charles Leclerc,16.000000,272.000000,PUBLIC_DERIVED
202421,2024,21,leclerc,Charles Leclerc,10.000000,282.000000,PUBLIC_DERIVED
202422,2024,22,leclerc,Charles Leclerc,12.000000,294.000000,PUBLIC_DERIVED
202423,2024,23,leclerc,Charles Leclerc,18.000000,312.000000,PUBLIC_DERIVED
202424,2024,24,leclerc,Charles Leclerc,15.000000,327.000000,PUBLIC_DERIVED
202401,2024,1,max_verstappen,Max Verstappen,26.000000,26.000000,PUBLIC_DERIVED
202402,2024,2,max_verstappen,Max Verstappen,25.000000,51.000000,PUBLIC_DERIVED
202403,2024,3,max_verstappen,Max Verstappen,0.000000,51.000000,PUBLIC_DERIVED
202404,2024,4,max_verstappen,Max Verstappen,26.000000,77.000000,PUBLIC_DERIVED
202405,2024,5,max_verstappen,Max Verstappen,25.000000,102.000000,PUBLIC_DERIVED
202406,2024,6,max_verstappen,Max Verstappen,18.000000,120.000000,PUBLIC_DERIVED
202407,2024,7,max_verstappen,Max Verstappen,25.000000,145.000000,PUBLIC_DERIVED
202408,2024,8,max_verstappen,Max Verstappen,8.000000,153.000000,PUBLIC_DERIVED
202409,2024,9,max_verstappen,Max Verstappen,25.000000,178.000000,PUBLIC_DERIVED
202410,2024,10,max_verstappen,Max Verstappen,25.000000,203.000000,PUBLIC_DERIVED
202411,2024,11,max_verstappen,Max Verstappen,10.000000,213.000000,PUBLIC_DERIVED
202412,2024,12,max_verstappen,Max Verstappen,18.000000,231.000000,PUBLIC_DERIVED
202413,2024,13,max_verstappen,Max Verstappen,10.000000,241.000000,PUBLIC_DERIVED
202414,2024,14,max_verstappen,Max Verstappen,12.000000,253.000000,PUBLIC_DERIVED
202415,2024,15,max_verstappen,Max Verstappen,18.000000,271.000000,PUBLIC_DERIVED
202416,2024,16,max_verstappen,Max Verstappen,8.000000,279.000000,PUBLIC_DERIVED
202417,2024,17,max_verstappen,Max Verstappen,10.000000,289.000000,PUBLIC_DERIVED
202418,2024,18,max_verstappen,Max Verstappen,18.000000,307.000000,PUBLIC_DERIVED
202419,2024,19,max_verstappen,Max Verstappen,15.000000,322.000000,PUBLIC_DERIVED
202420,2024,20,max_verstappen,Max Verstappen,8.000000,330.000000,PUBLIC_DERIVED
202421,2024,21,max_verstappen,Max Verstappen,26.000000,356.000000,PUBLIC_DERIVED
202422,2024,22,max_verstappen,Max Verstappen,10.000000,366.000000,PUBLIC_DERIVED
202423,2024,23,max_verstappen,Max Verstappen,25.000000,391.000000,PUBLIC_DERIVED
202424,2024,24,max_verstappen,Max Verstappen,8.000000,399.000000,PUBLIC_DERIVED
202401,2024,1,norris,Lando Norris,8.000000,8.000000,PUBLIC_DERIVED
202402,2024,2,norris,Lando Norris,4.000000,12.000000,PUBLIC_DERIVED
202403,2024,3,norris,Lando Norris,15.000000,27.000000,PUBLIC_DERIVED
202404,2024,4,norris,Lando Norris,10.000000,37.000000,PUBLIC_DERIVED
202405,2024,5,norris,Lando Norris,18.000000,55.000000,PUBLIC_DERIVED
202406,2024,6,norris,Lando Norris,25.000000,80.000000,PUBLIC_DERIVED
202407,2024,7,norris,Lando Norris,18.000000,98.000000,PUBLIC_DERIVED
202408,2024,8,norris,Lando Norris,12.000000,110.000000,PUBLIC_DERIVED
202409,2024,9,norris,Lando Norris,18.000000,128.000000,PUBLIC_DERIVED
202410,2024,10,norris,Lando Norris,19.000000,147.000000,PUBLIC_DERIVED
202411,2024,11,norris,Lando Norris,0.000000,147.000000,PUBLIC_DERIVED
202412,2024,12,norris,Lando Norris,15.000000,162.000000,PUBLIC_DERIVED
202413,2024,13,norris,Lando Norris,18.000000,180.000000,PUBLIC_DERIVED
202414,2024,14,norris,Lando Norris,10.000000,190.000000,PUBLIC_DERIVED
202415,2024,15,norris,Lando Norris,26.000000,216.000000,PUBLIC_DERIVED
202416,2024,16,norris,Lando Norris,16.000000,232.000000,PUBLIC_DERIVED
202417,2024,17,norris,Lando Norris,13.000000,245.000000,PUBLIC_DERIVED
202418,2024,18,norris,Lando Norris,25.000000,270.000000,PUBLIC_DERIVED
202419,2024,19,norris,Lando Norris,12.000000,282.000000,PUBLIC_DERIVED
202420,2024,20,norris,Lando Norris,18.000000,300.000000,PUBLIC_DERIVED
202421,2024,21,norris,Lando Norris,8.000000,308.000000,PUBLIC_DERIVED
202422,2024,22,norris,Lando Norris,9.000000,317.000000,PUBLIC_DERIVED
202423,2024,23,norris,Lando Norris,2.000000,319.000000,PUBLIC_DERIVED
202424,2024,24,norris,Lando Norris,25.000000,344.000000,PUBLIC_DERIVED
202401,2024,1,ocon,Esteban Ocon,0.000000,0.000000,PUBLIC_DERIVED
202402,2024,2,ocon,Esteban Ocon,0.000000,0.000000,PUBLIC_DERIVED
202403,2024,3,ocon,Esteban Ocon,0.000000,0.000000,PUBLIC_DERIVED
202404,2024,4,ocon,Esteban Ocon,0.000000,0.000000,PUBLIC_DERIVED
202405,2024,5,ocon,Esteban Ocon,0.000000,0.000000,PUBLIC_DERIVED
202406,2024,6,ocon,Esteban Ocon,1.000000,1.000000,PUBLIC_DERIVED
202407,2024,7,ocon,Esteban Ocon,0.000000,1.000000,PUBLIC_DERIVED
202408,2024,8,ocon,Esteban Ocon,0.000000,1.000000,PUBLIC_DERIVED
202409,2024,9,ocon,Esteban Ocon,1.000000,2.000000,PUBLIC_DERIVED
202410,2024,10,ocon,Esteban Ocon,1.000000,3.000000,PUBLIC_DERIVED
202411,2024,11,ocon,Esteban Ocon,0.000000,3.000000,PUBLIC_DERIVED
202412,2024,12,ocon,Esteban Ocon,0.000000,3.000000,PUBLIC_DERIVED
202413,2024,13,ocon,Esteban Ocon,0.000000,3.000000,PUBLIC_DERIVED
202414,2024,14,ocon,Esteban Ocon,2.000000,5.000000,PUBLIC_DERIVED
202415,2024,15,ocon,Esteban Ocon,0.000000,5.000000,PUBLIC_DERIVED
202416,2024,16,ocon,Esteban Ocon,0.000000,5.000000,PUBLIC_DERIVED
202417,2024,17,ocon,Esteban Ocon,0.000000,5.000000,PUBLIC_DERIVED
202418,2024,18,ocon,Esteban Ocon,0.000000,5.000000,PUBLIC_DERIVED
202419,2024,19,ocon,Esteban Ocon,0.000000,5.000000,PUBLIC_DERIVED
202420,2024,20,ocon,Esteban Ocon,0.000000,5.000000,PUBLIC_DERIVED
202421,2024,21,ocon,Esteban Ocon,18.000000,23.000000,PUBLIC_DERIVED
202422,2024,22,ocon,Esteban Ocon,0.000000,23.000000,PUBLIC_DERIVED
202423,2024,23,ocon,Esteban Ocon,0.000000,23.000000,PUBLIC_DERIVED
202401,2024,1,perez,Sergio Pérez,18.000000,18.000000,PUBLIC_DERIVED
202402,2024,2,perez,Sergio Pérez,18.000000,36.000000,PUBLIC_DERIVED
202403,2024,3,perez,Sergio Pérez,10.000000,46.000000,PUBLIC_DERIVED
202404,2024,4,perez,Sergio Pérez,18.000000,64.000000,PUBLIC_DERIVED
202405,2024,5,perez,Sergio Pérez,15.000000,79.000000,PUBLIC_DERIVED
202406,2024,6,perez,Sergio Pérez,12.000000,91.000000,PUBLIC_DERIVED
202407,2024,7,perez,Sergio Pérez,4.000000,95.000000,PUBLIC_DERIVED
202408,2024,8,perez,Sergio Pérez,0.000000,95.000000,PUBLIC_DERIVED
202409,2024,9,perez,Sergio Pérez,0.000000,95.000000,PUBLIC_DERIVED
202410,2024,10,perez,Sergio Pérez,4.000000,99.000000,PUBLIC_DERIVED
202411,2024,11,perez,Sergio Pérez,6.000000,105.000000,PUBLIC_DERIVED
202412,2024,12,perez,Sergio Pérez,0.000000,105.000000,PUBLIC_DERIVED
202413,2024,13,perez,Sergio Pérez,6.000000,111.000000,PUBLIC_DERIVED
202414,2024,14,perez,Sergio Pérez,7.000000,118.000000,PUBLIC_DERIVED
202415,2024,15,perez,Sergio Pérez,8.000000,126.000000,PUBLIC_DERIVED
202416,2024,16,perez,Sergio Pérez,4.000000,130.000000,PUBLIC_DERIVED
202417,2024,17,perez,Sergio Pérez,0.000000,130.000000,PUBLIC_DERIVED
202418,2024,18,perez,Sergio Pérez,1.000000,131.000000,PUBLIC_DERIVED
202419,2024,19,perez,Sergio Pérez,6.000000,137.000000,PUBLIC_DERIVED
202420,2024,20,perez,Sergio Pérez,0.000000,137.000000,PUBLIC_DERIVED
202421,2024,21,perez,Sergio Pérez,0.000000,137.000000,PUBLIC_DERIVED
202422,2024,22,perez,Sergio Pérez,1.000000,138.000000,PUBLIC_DERIVED
202423,2024,23,perez,Sergio Pérez,0.000000,138.000000,PUBLIC_DERIVED
202424,2024,24,perez,Sergio Pérez,0.000000,138.000000,PUBLIC_DERIVED
202401,2024,1,piastri,Oscar Piastri,4.000000,4.000000,PUBLIC_DERIVED
202402,2024,2,piastri,Oscar Piastri,12.000000,16.000000,PUBLIC_DERIVED
202403,2024,3,piastri,Oscar Piastri,12.000000,28.000000,PUBLIC_DERIVED
202404,2024,4,piastri,Oscar Piastri,4.000000,32.000000,PUBLIC_DERIVED
202405,2024,5,piastri,Oscar Piastri,4.000000,36.000000,PUBLIC_DERIVED
202406,2024,6,piastri,Oscar Piastri,0.000000,36.000000,PUBLIC_DERIVED
202407,2024,7,piastri,Oscar Piastri,12.000000,48.000000,PUBLIC_DERIVED
202408,2024,8,piastri,Oscar Piastri,18.000000,66.000000,PUBLIC_DERIVED
202409,2024,9,piastri,Oscar Piastri,10.000000,76.000000,PUBLIC_DERIVED
202410,2024,10,piastri,Oscar Piastri,6.000000,82.000000,PUBLIC_DERIVED
202411,2024,11,piastri,Oscar Piastri,18.000000,100.000000,PUBLIC_DERIVED
202412,2024,12,piastri,Oscar Piastri,12.000000,112.000000,PUBLIC_DERIVED
202413,2024,13,piastri,Oscar Piastri,25.000000,137.000000,PUBLIC_DERIVED
202414,2024,14,piastri,Oscar Piastri,18.000000,155.000000,PUBLIC_DERIVED
202415,2024,15,piastri,Oscar Piastri,12.000000,167.000000,PUBLIC_DERIVED
202416,2024,16,piastri,Oscar Piastri,18.000000,185.000000,PUBLIC_DERIVED
202417,2024,17,piastri,Oscar Piastri,25.000000,210.000000,PUBLIC_DERIVED
202418,2024,18,piastri,Oscar Piastri,15.000000,225.000000,PUBLIC_DERIVED
202419,2024,19,piastri,Oscar Piastri,10.000000,235.000000,PUBLIC_DERIVED
202420,2024,20,piastri,Oscar Piastri,4.000000,239.000000,PUBLIC_DERIVED
202421,2024,21,piastri,Oscar Piastri,4.000000,243.000000,PUBLIC_DERIVED
202422,2024,22,piastri,Oscar Piastri,6.000000,249.000000,PUBLIC_DERIVED
202423,2024,23,piastri,Oscar Piastri,15.000000,264.000000,PUBLIC_DERIVED
202424,2024,24,piastri,Oscar Piastri,1.000000,265.000000,PUBLIC_DERIVED
202401,2024,1,ricciardo,Daniel Ricciardo,0.000000,0.000000,PUBLIC_DERIVED
202402,2024,2,ricciardo,Daniel Ricciardo,0.000000,0.000000,PUBLIC_DERIVED
202403,2024,3,ricciardo,Daniel Ricciardo,0.000000,0.000000,PUBLIC_DERIVED
202404,2024,4,ricciardo,Daniel Ricciardo,0.000000,0.000000,PUBLIC_DERIVED
202405,2024,5,ricciardo,Daniel Ricciardo,0.000000,0.000000,PUBLIC_DERIVED
202406,2024,6,ricciardo,Daniel Ricciardo,0.000000,0.000000,PUBLIC_DERIVED
202407,2024,7,ricciardo,Daniel Ricciardo,0.000000,0.000000,PUBLIC_DERIVED
202408,2024,8,ricciardo,Daniel Ricciardo,0.000000,0.000000,PUBLIC_DERIVED
202409,2024,9,ricciardo,Daniel Ricciardo,4.000000,4.000000,PUBLIC_DERIVED
202410,2024,10,ricciardo,Daniel Ricciardo,0.000000,4.000000,PUBLIC_DERIVED
202411,2024,11,ricciardo,Daniel Ricciardo,2.000000,6.000000,PUBLIC_DERIVED
202412,2024,12,ricciardo,Daniel Ricciardo,0.000000,6.000000,PUBLIC_DERIVED
202413,2024,13,ricciardo,Daniel Ricciardo,0.000000,6.000000,PUBLIC_DERIVED
202414,2024,14,ricciardo,Daniel Ricciardo,1.000000,7.000000,PUBLIC_DERIVED
202415,2024,15,ricciardo,Daniel Ricciardo,0.000000,7.000000,PUBLIC_DERIVED
202416,2024,16,ricciardo,Daniel Ricciardo,0.000000,7.000000,PUBLIC_DERIVED
202417,2024,17,ricciardo,Daniel Ricciardo,0.000000,7.000000,PUBLIC_DERIVED
202418,2024,18,ricciardo,Daniel Ricciardo,0.000000,7.000000,PUBLIC_DERIVED
202401,2024,1,russell,George Russell,10.000000,10.000000,PUBLIC_DERIVED
202402,2024,2,russell,George Russell,8.000000,18.000000,PUBLIC_DERIVED
202403,2024,3,russell,George Russell,0.000000,18.000000,PUBLIC_DERIVED
202404,2024,4,russell,George Russell,6.000000,24.000000,PUBLIC_DERIVED
202405,2024,5,russell,George Russell,8.000000,32.000000,PUBLIC_DERIVED
202406,2024,6,russell,George Russell,4.000000,36.000000,PUBLIC_DERIVED
202407,2024,7,russell,George Russell,7.000000,43.000000,PUBLIC_DERIVED
202408,2024,8,russell,George Russell,10.000000,53.000000,PUBLIC_DERIVED
202409,2024,9,russell,George Russell,15.000000,68.000000,PUBLIC_DERIVED
202410,2024,10,russell,George Russell,12.000000,80.000000,PUBLIC_DERIVED
202411,2024,11,russell,George Russell,25.000000,105.000000,PUBLIC_DERIVED
202412,2024,12,russell,George Russell,0.000000,105.000000,PUBLIC_DERIVED
202413,2024,13,russell,George Russell,5.000000,110.000000,PUBLIC_DERIVED
202414,2024,14,russell,George Russell,0.000000,110.000000,PUBLIC_DERIVED
202415,2024,15,russell,George Russell,6.000000,116.000000,PUBLIC_DERIVED
202416,2024,16,russell,George Russell,6.000000,122.000000,PUBLIC_DERIVED
202417,2024,17,russell,George Russell,15.000000,137.000000,PUBLIC_DERIVED
202418,2024,18,russell,George Russell,12.000000,149.000000,PUBLIC_DERIVED
202419,2024,19,russell,George Russell,8.000000,157.000000,PUBLIC_DERIVED
202420,2024,20,russell,George Russell,10.000000,167.000000,PUBLIC_DERIVED
202421,2024,21,russell,George Russell,12.000000,179.000000,PUBLIC_DERIVED
202422,2024,22,russell,George Russell,25.000000,204.000000,PUBLIC_DERIVED
202423,2024,23,russell,George Russell,12.000000,216.000000,PUBLIC_DERIVED
202424,2024,24,russell,George Russell,10.000000,226.000000,PUBLIC_DERIVED
202401,2024,1,sainz,Carlos Sainz,15.000000,15.000000,PUBLIC_DERIVED
202403,2024,3,sainz,Carlos Sainz,25.000000,40.000000,PUBLIC_DERIVED
202404,2024,4,sainz,Carlos Sainz,15.000000,55.000000,PUBLIC_DERIVED
202405,2024,5,sainz,Carlos Sainz,10.000000,65.000000,PUBLIC_DERIVED
202406,2024,6,sainz,Carlos Sainz,10.000000,75.000000,PUBLIC_DERIVED
202407,2024,7,sainz,Carlos Sainz,10.000000,85.000000,PUBLIC_DERIVED
202408,2024,8,sainz,Carlos Sainz,15.000000,100.000000,PUBLIC_DERIVED
202409,2024,9,sainz,Carlos Sainz,0.000000,100.000000,PUBLIC_DERIVED
202410,2024,10,sainz,Carlos Sainz,8.000000,108.000000,PUBLIC_DERIVED
202411,2024,11,sainz,Carlos Sainz,15.000000,123.000000,PUBLIC_DERIVED
202412,2024,12,sainz,Carlos Sainz,11.000000,134.000000,PUBLIC_DERIVED
202413,2024,13,sainz,Carlos Sainz,8.000000,142.000000,PUBLIC_DERIVED
202414,2024,14,sainz,Carlos Sainz,8.000000,150.000000,PUBLIC_DERIVED
202415,2024,15,sainz,Carlos Sainz,10.000000,160.000000,PUBLIC_DERIVED
202416,2024,16,sainz,Carlos Sainz,12.000000,172.000000,PUBLIC_DERIVED
202417,2024,17,sainz,Carlos Sainz,0.000000,172.000000,PUBLIC_DERIVED
202418,2024,18,sainz,Carlos Sainz,6.000000,178.000000,PUBLIC_DERIVED
202419,2024,19,sainz,Carlos Sainz,18.000000,196.000000,PUBLIC_DERIVED
202420,2024,20,sainz,Carlos Sainz,25.000000,221.000000,PUBLIC_DERIVED
202421,2024,21,sainz,Carlos Sainz,0.000000,221.000000,PUBLIC_DERIVED
202422,2024,22,sainz,Carlos Sainz,15.000000,236.000000,PUBLIC_DERIVED
202423,2024,23,sainz,Carlos Sainz,8.000000,244.000000,PUBLIC_DERIVED
202424,2024,24,sainz,Carlos Sainz,18.000000,262.000000,PUBLIC_DERIVED
202401,2024,1,sargeant,Logan Sargeant,0.000000,0.000000,PUBLIC_DERIVED
202402,2024,2,sargeant,Logan Sargeant,0.000000,0.000000,PUBLIC_DERIVED
202404,2024,4,sargeant,Logan Sargeant,0.000000,0.000000,PUBLIC_DERIVED
202405,2024,5,sargeant,Logan Sargeant,0.000000,0.000000,PUBLIC_DERIVED
202406,2024,6,sargeant,Logan Sargeant,0.000000,0.000000,PUBLIC_DERIVED
202407,2024,7,sargeant,Logan Sargeant,0.000000,0.000000,PUBLIC_DERIVED
202408,2024,8,sargeant,Logan Sargeant,0.000000,0.000000,PUBLIC_DERIVED
202409,2024,9,sargeant,Logan Sargeant,0.000000,0.000000,PUBLIC_DERIVED
202410,2024,10,sargeant,Logan Sargeant,0.000000,0.000000,PUBLIC_DERIVED
202411,2024,11,sargeant,Logan Sargeant,0.000000,0.000000,PUBLIC_DERIVED
202412,2024,12,sargeant,Logan Sargeant,0.000000,0.000000,PUBLIC_DERIVED
202413,2024,13,sargeant,Logan Sargeant,0.000000,0.000000,PUBLIC_DERIVED
202414,2024,14,sargeant,Logan Sargeant,0.000000,0.000000,PUBLIC_DERIVED
202415,2024,15,sargeant,Logan Sargeant,0.000000,0.000000,PUBLIC_DERIVED
202401,2024,1,stroll,Lance Stroll,1.000000,1.000000,PUBLIC_DERIVED
202402,2024,2,stroll,Lance Stroll,0.000000,1.000000,PUBLIC_DERIVED
202403,2024,3,stroll,Lance Stroll,8.000000,9.000000,PUBLIC_DERIVED
202404,2024,4,stroll,Lance Stroll,0.000000,9.000000,PUBLIC_DERIVED
202405,2024,5,stroll,Lance Stroll,0.000000,9.000000,PUBLIC_DERIVED
202406,2024,6,stroll,Lance Stroll,0.000000,9.000000,PUBLIC_DERIVED
202407,2024,7,stroll,Lance Stroll,2.000000,11.000000,PUBLIC_DERIVED
202408,2024,8,stroll,Lance Stroll,0.000000,11.000000,PUBLIC_DERIVED
202409,2024,9,stroll,Lance Stroll,6.000000,17.000000,PUBLIC_DERIVED
202410,2024,10,stroll,Lance Stroll,0.000000,17.000000,PUBLIC_DERIVED
202411,2024,11,stroll,Lance Stroll,0.000000,17.000000,PUBLIC_DERIVED
202412,2024,12,stroll,Lance Stroll,6.000000,23.000000,PUBLIC_DERIVED
202413,2024,13,stroll,Lance Stroll,1.000000,24.000000,PUBLIC_DERIVED
202414,2024,14,stroll,Lance Stroll,0.000000,24.000000,PUBLIC_DERIVED
202415,2024,15,stroll,Lance Stroll,0.000000,24.000000,PUBLIC_DERIVED
202416,2024,16,stroll,Lance Stroll,0.000000,24.000000,PUBLIC_DERIVED
202417,2024,17,stroll,Lance Stroll,0.000000,24.000000,PUBLIC_DERIVED
202418,2024,18,stroll,Lance Stroll,0.000000,24.000000,PUBLIC_DERIVED
202419,2024,19,stroll,Lance Stroll,0.000000,24.000000,PUBLIC_DERIVED
202420,2024,20,stroll,Lance Stroll,0.000000,24.000000,PUBLIC_DERIVED
202421,2024,21,stroll,Lance Stroll,0.000000,24.000000,PUBLIC_DERIVED
202422,2024,22,stroll,Lance Stroll,0.000000,24.000000,PUBLIC_DERIVED
202423,2024,23,stroll,Lance Stroll,0.000000,24.000000,PUBLIC_DERIVED
202424,2024,24,stroll,Lance Stroll,0.000000,24.000000,PUBLIC_DERIVED
202401,2024,1,tsunoda,Yuki Tsunoda,0.000000,0.000000,PUBLIC_DERIVED
202402,2024,2,tsunoda,Yuki Tsunoda,0.000000,0.000000,PUBLIC_DERIVED
202403,2024,3,tsunoda,Yuki Tsunoda,6.000000,6.000000,PUBLIC_DERIVED
202404,2024,4,tsunoda,Yuki Tsunoda,1.000000,7.000000,PUBLIC_DERIVED
202405,2024,5,tsunoda,Yuki Tsunoda,0.000000,7.000000,PUBLIC_DERIVED
202406,2024,6,tsunoda,Yuki Tsunoda,6.000000,13.000000,PUBLIC_DERIVED
202407,2024,7,tsunoda,Yuki Tsunoda,1.000000,14.000000,PUBLIC_DERIVED
202408,2024,8,tsunoda,Yuki Tsunoda,4.000000,18.000000,PUBLIC_DERIVED
202409,2024,9,tsunoda,Yuki Tsunoda,0.000000,18.000000,PUBLIC_DERIVED
202410,2024,10,tsunoda,Yuki Tsunoda,0.000000,18.000000,PUBLIC_DERIVED
202411,2024,11,tsunoda,Yuki Tsunoda,0.000000,18.000000,PUBLIC_DERIVED
202412,2024,12,tsunoda,Yuki Tsunoda,1.000000,19.000000,PUBLIC_DERIVED
202413,2024,13,tsunoda,Yuki Tsunoda,2.000000,21.000000,PUBLIC_DERIVED
202414,2024,14,tsunoda,Yuki Tsunoda,0.000000,21.000000,PUBLIC_DERIVED
202415,2024,15,tsunoda,Yuki Tsunoda,0.000000,21.000000,PUBLIC_DERIVED
202416,2024,16,tsunoda,Yuki Tsunoda,0.000000,21.000000,PUBLIC_DERIVED
202417,2024,17,tsunoda,Yuki Tsunoda,0.000000,21.000000,PUBLIC_DERIVED
202418,2024,18,tsunoda,Yuki Tsunoda,0.000000,21.000000,PUBLIC_DERIVED
202419,2024,19,tsunoda,Yuki Tsunoda,0.000000,21.000000,PUBLIC_DERIVED
202420,2024,20,tsunoda,Yuki Tsunoda,0.000000,21.000000,PUBLIC_DERIVED
202421,2024,21,tsunoda,Yuki Tsunoda,6.000000,27.000000,PUBLIC_DERIVED
202422,2024,22,tsunoda,Yuki Tsunoda,2.000000,29.000000,PUBLIC_DERIVED
202423,2024,23,tsunoda,Yuki Tsunoda,0.000000,29.000000,PUBLIC_DERIVED
202424,2024,24,tsunoda,Yuki Tsunoda,0.000000,29.000000,PUBLIC_DERIVED
202401,2024,1,zhou,Guanyu Zhou,0.000000,0.000000,PUBLIC_DERIVED
202402,2024,2,zhou,Guanyu Zhou,0.000000,0.000000,PUBLIC_DERIVED
202403,2024,3,zhou,Guanyu Zhou,0.000000,0.000000,PUBLIC_DERIVED
202404,2024,4,zhou,Guanyu Zhou,0.000000,0.000000,PUBLIC_DERIVED
202405,2024,5,zhou,Guanyu Zhou,0.000000,0.000000,PUBLIC_DERIVED
202406,2024,6,zhou,Guanyu Zhou,0.000000,0.000000,PUBLIC_DERIVED
202407,2024,7,zhou,Guanyu Zhou,0.000000,0.000000,PUBLIC_DERIVED
202408,2024,8,zhou,Guanyu Zhou,0.000000,0.000000,PUBLIC_DERIVED
202409,2024,9,zhou,Guanyu Zhou,0.000000,0.000000,PUBLIC_DERIVED
202410,2024,10,zhou,Guanyu Zhou,0.000000,0.000000,PUBLIC_DERIVED
202411,2024,11,zhou,Guanyu Zhou,0.000000,0.000000,PUBLIC_DERIVED
202412,2024,12,zhou,Guanyu Zhou,0.000000,0.000000,PUBLIC_DERIVED
202413,2024,13,zhou,Guanyu Zhou,0.000000,0.000000,PUBLIC_DERIVED
202414,2024,14,zhou,Guanyu Zhou,0.000000,0.000000,PUBLIC_DERIVED
202415,2024,15,zhou,Guanyu Zhou,0.000000,0.000000,PUBLIC_DERIVED
202416,2024,16,zhou,Guanyu Zhou,0.000000,0.000000,PUBLIC_DERIVED
202417,2024,17,zhou,Guanyu Zhou,0.000000,0.000000,PUBLIC_DERIVED
202418,2024,18,zhou,Guanyu Zhou,0.000000,0.000000,PUBLIC_DERIVED
202419,2024,19,zhou,Guanyu Zhou,0.000000,0.000000,PUBLIC_DERIVED
202420,2024,20,zhou,Guanyu Zhou,0.000000,0.000000,PUBLIC_DERIVED
202421,2024,21,zhou,Guanyu Zhou,0.000000,0.000000,PUBLIC_DERIVED
202422,2024,22,zhou,Guanyu Zhou,0.000000,0.000000,PUBLIC_DERIVED
202423,2024,23,zhou,Guanyu Zhou,4.000000,4.000000,PUBLIC_DERIVED
202424,2024,24,zhou,Guanyu Zhou,0.000000,4.000000,PUBLIC_DERIVED
