Season,ConstructorKey,Constructor,EligibleStops,MeanPitDuration,MedianPitDuration,PopulationVariance,MinDuration,MaxDuration,DataClass
2023,alfa,Alfa Romeo,89,25.467157,24.038000,38.813160,17.130000,55.802000,PUBLIC_DERIVED
2023,alphatauri,AlphaTauri,83,24.543735,23.508000,19.078396,16.246000,42.641000,PUBLIC_DERIVED
2023,alpine,Alpine F1 Team,75,24.895107,24.037000,22.407274,16.380000,44.518000,PUBLIC_DERIVED
2023,aston_martin,Aston Martin,80,24.128588,23.634500,19.209942,16.600000,52.708000,PUBLIC_DERIVED
2023,ferrari,Ferrari,69,23.662638,23.197000,10.476229,16.380000,32.888000,PUBLIC_DERIVED
2023,haas,Haas F1 Team,86,25.822558,24.442500,28.021096,16.778000,51.052000,PUBLIC_DERIVED
2023,mclaren,McLaren,82,25.174232,23.553000,26.738548,17.324000,44.272000,PUBLIC_DERIVED
2023,mercedes,Mercedes,80,23.881538,22.877000,16.722750,16.415000,39.845000,PUBLIC_DERIVED
2023,red_bull,Red Bull,88,23.928477,23.003000,19.059341,16.369000,41.499000,PUBLIC_DERIVED
2023,williams,Williams,76,25.846513,24.322000,43.972448,16.737000,52.165000,PUBLIC_DERIVED
2024,alpine,Alpine F1 Team,71,24.220915,23.208000,14.898486,15.790000,39.712000,PUBLIC_DERIVED
2024,aston_martin,Aston Martin,81,24.713222,23.266000,17.593207,17.901000,41.674000,PUBLIC_DERIVED
2024,ferrari,Ferrari,75,24.300813,23.080000,20.566593,17.308000,47.186000,PUBLIC_DERIVED
2024,haas,Haas F1 Team,85,25.770118,23.966000,33.354052,18.145000,58.984000,PUBLIC_DERIVED
2024,mclaren,McLaren,77,23.920753,22.867000,12.545971,17.573000,36.069000,PUBLIC_DERIVED
2024,mercedes,Mercedes,78,24.250321,22.895500,14.615584,17.596000,37.915000,PUBLIC_DERIVED
2024,rb,RB F1 Team,71,24.659493,22.737000,21.714428,17.535000,45.049000,PUBLIC_DERIVED
2024,red_bull,Red Bull,80,24.357275,22.949500,15.787355,17.222000,43.730000,PUBLIC_DERIVED
2024,sauber,Sauber,78,25.748282,24.246000,27.365516,18.938000,46.969000,PUBLIC_DERIVED
2024,williams,Williams,73,25.204671,23.606000,22.015739,17.745000,39.687000,PUBLIC_DERIVED
