ProductKey,CustomerKey,RevenueDelta,VolumeEffect,PriceMixEffect,InteractionEffect,NewProductEffect,DataClass
1,1,33763.040000,19208.043652,14002.672382,552.323966,0.000000,SYNTHETIC_DERIVED
1,2,28268.980000,14002.669414,13844.416431,421.894155,0.000000,SYNTHETIC_DERIVED
1,3,11242.600000,-3537.413008,14889.813867,-109.800858,0.000000,SYNTHETIC_DERIVED
1,4,11446.400000,3749.199341,7552.755849,144.444810,0.000000,SYNTHETIC_DERIVED
1,5,6006.530000,-1244.030490,7299.712814,-49.152324,0.000000,SYNTHETIC_DERIVED
1,6,6990.370000,-350.746261,7354.650078,-13.533817,0.000000,SYNTHETIC_DERIVED
1,7,9515.250000,2947.953162,6461.258849,106.037989,0.000000,SYNTHETIC_DERIVED
1,8,7846.900000,2728.758465,5036.975237,81.166299,0.000000,SYNTHETIC_DERIVED
1,9,12063.600000,6965.459438,4900.318437,197.822125,0.000000,SYNTHETIC_DERIVED
1,10,3858.040000,2166.153141,1634.924393,56.962466,0.000000,SYNTHETIC_DERIVED
1,11,2659.100000,891.804698,1740.596504,26.698798,0.000000,SYNTHETIC_DERIVED
1,12,4523.350000,2142.938614,2297.937224,82.474162,0.000000,SYNTHETIC_DERIVED
1,13,7608.620000,513.093169,7073.799382,21.727449,0.000000,SYNTHETIC_DERIVED
1,14,9441.920000,2630.692937,6697.610976,113.616087,0.000000,SYNTHETIC_DERIVED
1,15,3622.590000,-3170.196784,6928.038112,-135.251329,0.000000,SYNTHETIC_DERIVED
2,1,31123.720000,13066.061532,17704.941012,352.717455,0.000000,SYNTHETIC_DERIVED
2,2,24961.450000,6333.550486,18437.340382,190.559132,0.000000,SYNTHETIC_DERIVED
2,3,42936.930000,17330.676134,24921.376359,684.877507,0.000000,SYNTHETIC_DERIVED
2,4,18901.550000,7654.083401,10925.401252,322.065347,0.000000,SYNTHETIC_DERIVED
2,5,17878.160000,6945.468497,10633.589566,299.101937,0.000000,SYNTHETIC_DERIVED
2,6,12086.570000,2166.541012,9837.244825,82.784163,0.000000,SYNTHETIC_DERIVED
2,7,14141.340000,7823.430399,6117.959464,199.950137,0.000000,SYNTHETIC_DERIVED
2,8,7747.140000,2158.621949,5535.707934,52.810118,0.000000,SYNTHETIC_DERIVED
2,9,12921.460000,6573.735841,6172.369589,175.354570,0.000000,SYNTHETIC_DERIVED
2,10,4584.960000,1836.451535,2688.365028,60.143437,0.000000,SYNTHETIC_DERIVED
2,11,4156.100000,825.794610,3294.902406,35.402984,0.000000,SYNTHETIC_DERIVED
2,12,2525.990000,-1022.199792,3594.106644,-45.916852,0.000000,SYNTHETIC_DERIVED
2,13,13153.240000,3677.061380,9320.635623,155.542997,0.000000,SYNTHETIC_DERIVED
2,14,4122.750000,-3894.650175,8168.249699,-150.849524,0.000000,SYNTHETIC_DERIVED
2,15,11655.740000,5584.957501,5916.940291,153.842208,0.000000,SYNTHETIC_DERIVED
3,1,47222.010000,27970.258133,18499.914490,751.837378,0.000000,SYNTHETIC_DERIVED
3,2,27250.300000,-4403.422561,31870.494469,-216.771909,0.000000,SYNTHETIC_DERIVED
3,3,37741.830000,7828.364926,29563.951503,349.513571,0.000000,SYNTHETIC_DERIVED
3,4,16987.800000,4076.060767,12725.314988,186.424246,0.000000,SYNTHETIC_DERIVED
3,5,14774.600000,4149.665118,10457.032483,167.902399,0.000000,SYNTHETIC_DERIVED
3,6,19469.220000,11838.844937,7300.774021,329.601042,0.000000,SYNTHETIC_DERIVED
3,7,17177.880000,9466.932206,7432.791579,278.156215,0.000000,SYNTHETIC_DERIVED
3,8,10598.530000,4498.951514,5986.901016,112.677470,0.000000,SYNTHETIC_DERIVED
3,9,12777.770000,5563.526441,7052.162093,162.081466,0.000000,SYNTHETIC_DERIVED
3,10,4442.820000,540.340651,3878.599195,23.880154,0.000000,SYNTHETIC_DERIVED
3,11,3501.520000,-146.232332,3654.283671,-6.531338,0.000000,SYNTHETIC_DERIVED
3,12,6039.870000,2536.443298,3398.934755,104.491947,0.000000,SYNTHETIC_DERIVED
3,13,9670.840000,-646.757090,10345.671264,-28.074174,0.000000,SYNTHETIC_DERIVED
3,14,8540.110000,2945.897725,5520.407917,73.804358,0.000000,SYNTHETIC_DERIVED
3,15,12339.180000,6956.753078,5220.469989,161.956933,0.000000,SYNTHETIC_DERIVED
4,1,41729.040000,4671.094236,36884.709351,173.236414,0.000000,SYNTHETIC_DERIVED
4,2,34273.410000,-1177.608579,35496.151196,-45.132617,0.000000,SYNTHETIC_DERIVED
4,3,37508.640000,2643.163305,34768.741726,96.734969,0.000000,SYNTHETIC_DERIVED
4,4,18636.370000,3995.646680,14494.124872,146.598449,0.000000,SYNTHETIC_DERIVED
4,5,19786.550000,8361.915581,11169.798186,254.836233,0.000000,SYNTHETIC_DERIVED
4,6,23796.550000,11462.334885,11970.978944,363.236171,0.000000,SYNTHETIC_DERIVED
4,7,21463.800000,9792.183391,11363.823854,307.792755,0.000000,SYNTHETIC_DERIVED
4,8,19577.760000,8174.420113,11134.937475,268.402413,0.000000,SYNTHETIC_DERIVED
4,9,12149.370000,-1287.747556,13486.558519,-49.440963,0.000000,SYNTHETIC_DERIVED
4,10,6201.400000,1220.626841,4932.593648,48.179511,0.000000,SYNTHETIC_DERIVED
4,11,5063.210000,487.975542,4556.185227,19.049231,0.000000,SYNTHETIC_DERIVED
4,12,5465.020000,844.369820,4588.274212,32.375968,0.000000,SYNTHETIC_DERIVED
4,13,13069.310000,2405.686449,10587.858323,75.765228,0.000000,SYNTHETIC_DERIVED
4,14,22697.610000,12247.253324,10052.226084,398.130592,0.000000,SYNTHETIC_DERIVED
4,15,19065.830000,8686.501342,10109.411867,269.916791,0.000000,SYNTHETIC_DERIVED
5,1,15632.350000,5175.175033,10259.192404,197.982562,0.000000,SYNTHETIC_DERIVED
5,2,13303.290000,3154.184542,10023.996989,125.108470,0.000000,SYNTHETIC_DERIVED
5,3,23824.540000,14025.846469,9297.653799,501.039731,0.000000,SYNTHETIC_DERIVED
5,4,7833.860000,4273.621150,3425.708907,134.529943,0.000000,SYNTHETIC_DERIVED
5,5,4770.300000,1583.856978,3137.309547,49.133475,0.000000,SYNTHETIC_DERIVED
5,6,7547.520000,4139.582000,3277.699942,130.238058,0.000000,SYNTHETIC_DERIVED
5,7,5071.370000,1599.929850,3416.809267,54.630883,0.000000,SYNTHETIC_DERIVED
5,8,4449.200000,277.082065,4159.887635,12.230301,0.000000,SYNTHETIC_DERIVED
5,9,5194.680000,988.103777,4163.696299,42.879924,0.000000,SYNTHETIC_DERIVED
5,10,1606.790000,205.026279,1393.476844,8.286877,0.000000,SYNTHETIC_DERIVED
5,11,1346.080000,48.602319,1295.544284,1.933397,0.000000,SYNTHETIC_DERIVED
5,12,2040.540000,972.732333,1037.230206,30.577461,0.000000,SYNTHETIC_DERIVED
5,13,5108.090000,1919.990753,3123.385351,64.713895,0.000000,SYNTHETIC_DERIVED
5,14,5217.620000,2353.842542,2788.286596,75.490862,0.000000,SYNTHETIC_DERIVED
5,15,5654.880000,2599.556589,2967.838993,87.484419,0.000000,SYNTHETIC_DERIVED
6,1,38407.960000,11759.143758,26157.827132,490.989110,0.000000,SYNTHETIC_DERIVED
6,2,21834.920000,-1228.140613,23111.818531,-48.757918,0.000000,SYNTHETIC_DERIVED
6,3,35952.340000,19008.946275,16421.781607,521.612118,0.000000,SYNTHETIC_DERIVED
6,4,12344.410000,5522.584570,6676.304843,145.520587,0.000000,SYNTHETIC_DERIVED
6,5,13045.000000,6239.218048,6630.618984,175.162968,0.000000,SYNTHETIC_DERIVED
6,6,16437.500000,9166.655132,7002.149255,268.695613,0.000000,SYNTHETIC_DERIVED
6,7,9281.870000,-402.186471,9700.866757,-16.810286,0.000000,SYNTHETIC_DERIVED
6,8,7812.670000,-642.848003,8481.069608,-25.551605,0.000000,SYNTHETIC_DERIVED
6,9,13132.140000,3626.664675,9351.894734,153.580591,0.000000,SYNTHETIC_DERIVED
6,10,2842.870000,-255.177228,3107.950416,-9.903188,0.000000,SYNTHETIC_DERIVED
6,11,4279.100000,2174.259958,2043.844897,60.995145,0.000000,SYNTHETIC_DERIVED
6,12,4853.870000,2718.934821,2060.883401,74.051777,0.000000,SYNTHETIC_DERIVED
6,13,11652.140000,5300.039770,6198.084553,154.015677,0.000000,SYNTHETIC_DERIVED
6,14,11938.830000,5353.430791,6412.377741,173.021467,0.000000,SYNTHETIC_DERIVED
6,15,10646.520000,1321.777146,9264.470121,60.272734,0.000000,SYNTHETIC_DERIVED
7,1,98314.020000,73644.019690,21456.262525,3213.737785,0.000000,SYNTHETIC_DERIVED
7,2,97768.350000,83109.552894,12405.601061,2253.196044,0.000000,SYNTHETIC_DERIVED
7,3,111725.090000,97574.187452,11701.317148,2449.585400,0.000000,SYNTHETIC_DERIVED
7,4,29453.360000,25369.157272,3440.425545,643.777183,0.000000,SYNTHETIC_DERIVED
7,5,25926.330000,21226.590844,4039.350063,660.389093,0.000000,SYNTHETIC_DERIVED
7,6,26437.260000,19080.293506,6436.531362,920.435132,0.000000,SYNTHETIC_DERIVED
7,7,38560.730000,28711.719663,8480.346398,1368.663939,0.000000,SYNTHETIC_DERIVED
7,8,32838.140000,24246.101553,7519.559787,1072.478660,0.000000,SYNTHETIC_DERIVED
7,9,32915.840000,24769.932211,7131.316675,1014.591114,0.000000,SYNTHETIC_DERIVED
7,10,13088.370000,11296.741876,1514.192177,277.435947,0.000000,SYNTHETIC_DERIVED
7,11,11824.550000,10195.912196,1383.779975,244.857829,0.000000,SYNTHETIC_DERIVED
7,12,13325.740000,11330.121309,1673.225272,322.393419,0.000000,SYNTHETIC_DERIVED
7,13,36826.050000,31476.250577,4500.584536,849.214887,0.000000,SYNTHETIC_DERIVED
7,14,30745.300000,22124.820253,7559.200405,1061.279342,0.000000,SYNTHETIC_DERIVED
7,15,35458.120000,27259.093775,7002.220775,1196.805450,0.000000,SYNTHETIC_DERIVED
8,1,136783.090000,113282.861329,20006.693566,3493.535105,0.000000,SYNTHETIC_DERIVED
8,2,132026.800000,110389.486390,18282.963736,3354.349874,0.000000,SYNTHETIC_DERIVED
8,3,137970.860000,114669.062692,19681.912391,3619.884918,0.000000,SYNTHETIC_DERIVED
8,4,32264.720000,25498.520167,5912.168102,854.031731,0.000000,SYNTHETIC_DERIVED
8,5,29050.260000,21503.495147,6695.037463,851.727390,0.000000,SYNTHETIC_DERIVED
8,6,37379.800000,29808.000319,6428.854158,1142.945523,0.000000,SYNTHETIC_DERIVED
8,7,44287.800000,33283.207694,9663.444409,1341.147897,0.000000,SYNTHETIC_DERIVED
8,8,53364.910000,43143.258539,8570.820075,1650.831386,0.000000,SYNTHETIC_DERIVED
8,9,55011.840000,45772.049872,7685.048366,1554.741763,0.000000,SYNTHETIC_DERIVED
8,10,16668.060000,13687.065928,2558.138976,422.855096,0.000000,SYNTHETIC_DERIVED
8,11,16561.960000,13753.067242,2382.969150,425.923608,0.000000,SYNTHETIC_DERIVED
8,12,14606.080000,11650.170074,2580.614865,375.295061,0.000000,SYNTHETIC_DERIVED
8,13,45122.900000,35151.423233,8607.209351,1364.267417,0.000000,SYNTHETIC_DERIVED
8,14,41789.460000,32736.098969,7802.156150,1251.204881,0.000000,SYNTHETIC_DERIVED
8,15,41279.700000,31972.243963,8092.827997,1214.628040,0.000000,SYNTHETIC_DERIVED
9,1,146983.440000,122593.467489,20692.545011,3697.427501,0.000000,SYNTHETIC_DERIVED
9,2,142248.430000,119999.923537,18730.141605,3518.364858,0.000000,SYNTHETIC_DERIVED
9,3,126521.480000,101559.265481,21649.738078,3312.476441,0.000000,SYNTHETIC_DERIVED
9,4,30673.200000,22303.308366,7457.365895,912.525739,0.000000,SYNTHETIC_DERIVED
9,5,37677.180000,29678.822092,6768.657093,1229.700815,0.000000,SYNTHETIC_DERIVED
9,6,35737.110000,27487.519426,7102.443103,1147.147471,0.000000,SYNTHETIC_DERIVED
9,7,53143.810000,41240.452381,10235.654685,1667.702934,0.000000,SYNTHETIC_DERIVED
9,8,49611.550000,41399.895259,6975.733151,1235.921591,0.000000,SYNTHETIC_DERIVED
9,9,50754.530000,41913.130832,7531.706030,1309.693138,0.000000,SYNTHETIC_DERIVED
9,10,16783.000000,13776.447502,2594.311004,412.241494,0.000000,SYNTHETIC_DERIVED
9,11,16329.020000,13153.713813,2730.507274,444.798913,0.000000,SYNTHETIC_DERIVED
9,12,16398.940000,12259.203129,3617.613459,522.123412,0.000000,SYNTHETIC_DERIVED
9,13,46453.730000,35116.994336,9852.854185,1483.881479,0.000000,SYNTHETIC_DERIVED
9,14,43085.710000,32991.306753,8768.186931,1326.216316,0.000000,SYNTHETIC_DERIVED
9,15,45234.940000,34754.998217,9082.384011,1397.557772,0.000000,SYNTHETIC_DERIVED
10,1,203486.470000,170735.053038,27945.053717,4806.363246,0.000000,SYNTHETIC_DERIVED
10,2,178357.290000,144135.815691,29631.208494,4590.265815,0.000000,SYNTHETIC_DERIVED
10,3,194323.840000,147744.411999,40344.041204,6235.386798,0.000000,SYNTHETIC_DERIVED
10,4,49820.150000,37503.290249,10652.444208,1664.415543,0.000000,SYNTHETIC_DERIVED
10,5,40787.910000,29495.875117,10001.594450,1290.440433,0.000000,SYNTHETIC_DERIVED
10,6,50174.560000,39803.275938,8843.557165,1527.726897,0.000000,SYNTHETIC_DERIVED
10,7,75244.080000,63584.726684,9939.210623,1720.142693,0.000000,SYNTHETIC_DERIVED
10,8,75116.500000,63675.855749,9611.313707,1829.330544,0.000000,SYNTHETIC_DERIVED
10,9,77496.260000,66722.608692,9041.243136,1732.408172,0.000000,SYNTHETIC_DERIVED
10,10,28329.160000,23765.999006,3823.321733,739.839261,0.000000,SYNTHETIC_DERIVED
10,11,21055.560000,15461.523523,4951.552400,642.484077,0.000000,SYNTHETIC_DERIVED
10,12,23331.800000,17350.482207,5226.568324,754.749468,0.000000,SYNTHETIC_DERIVED
10,13,61692.040000,46013.937489,13786.631226,1891.471285,0.000000,SYNTHETIC_DERIVED
10,14,57290.310000,42908.632779,12667.649521,1714.027700,0.000000,SYNTHETIC_DERIVED
10,15,60955.080000,50347.984162,9190.198327,1416.897511,0.000000,SYNTHETIC_DERIVED
11,1,55550.670000,44689.671069,9343.898212,1517.100719,0.000000,SYNTHETIC_DERIVED
11,2,51847.320000,38224.582959,11857.521268,1765.215773,0.000000,SYNTHETIC_DERIVED
11,3,49854.680000,36179.124850,12041.710127,1633.845023,0.000000,SYNTHETIC_DERIVED
11,4,12505.740000,9053.602411,3002.908215,449.229373,0.000000,SYNTHETIC_DERIVED
11,5,12611.980000,9953.387903,2260.531357,398.060740,0.000000,SYNTHETIC_DERIVED
11,6,14089.280000,12539.775807,1272.756773,276.747420,0.000000,SYNTHETIC_DERIVED
11,7,24533.620000,22090.690545,2001.292260,441.637195,0.000000,SYNTHETIC_DERIVED
11,8,18373.100000,15906.974547,2114.414576,351.710877,0.000000,SYNTHETIC_DERIVED
11,9,19546.730000,16415.304444,2677.875041,453.550515,0.000000,SYNTHETIC_DERIVED
11,10,6736.470000,4814.034398,1690.369111,232.066491,0.000000,SYNTHETIC_DERIVED
11,11,6664.220000,4876.366756,1553.009244,234.844000,0.000000,SYNTHETIC_DERIVED
11,12,7136.810000,5176.402775,1694.784411,265.622815,0.000000,SYNTHETIC_DERIVED
11,13,17147.580000,13104.710597,3551.558599,491.310804,0.000000,SYNTHETIC_DERIVED
11,14,18442.880000,16092.999720,1981.819815,368.060465,0.000000,SYNTHETIC_DERIVED
11,15,15696.780000,13497.392040,1912.240623,287.147337,0.000000,SYNTHETIC_DERIVED
12,1,429199.290000,0.000000,0.000000,0.000000,429199.290000,SYNTHETIC_DERIVED
12,2,403631.190000,0.000000,0.000000,0.000000,403631.190000,SYNTHETIC_DERIVED
12,3,415499.670000,0.000000,0.000000,0.000000,415499.670000,SYNTHETIC_DERIVED
12,4,126036.240000,0.000000,0.000000,0.000000,126036.240000,SYNTHETIC_DERIVED
12,5,116818.700000,0.000000,0.000000,0.000000,116818.700000,SYNTHETIC_DERIVED
12,6,120562.280000,0.000000,0.000000,0.000000,120562.280000,SYNTHETIC_DERIVED
12,7,161274.220000,0.000000,0.000000,0.000000,161274.220000,SYNTHETIC_DERIVED
12,8,149238.840000,0.000000,0.000000,0.000000,149238.840000,SYNTHETIC_DERIVED
12,9,150150.940000,0.000000,0.000000,0.000000,150150.940000,SYNTHETIC_DERIVED
12,10,55066.760000,0.000000,0.000000,0.000000,55066.760000,SYNTHETIC_DERIVED
12,11,51135.040000,0.000000,0.000000,0.000000,51135.040000,SYNTHETIC_DERIVED
12,12,52559.120000,0.000000,0.000000,0.000000,52559.120000,SYNTHETIC_DERIVED
12,13,149245.120000,0.000000,0.000000,0.000000,149245.120000,SYNTHETIC_DERIVED
12,14,136756.730000,0.000000,0.000000,0.000000,136756.730000,SYNTHETIC_DERIVED
12,15,141770.500000,0.000000,0.000000,0.000000,141770.500000,SYNTHETIC_DERIVED
13,1,22179.590000,6049.850864,15901.839019,227.900117,0.000000,SYNTHETIC_DERIVED
13,2,23309.940000,7961.879135,15043.569866,304.491000,0.000000,SYNTHETIC_DERIVED
13,3,33510.410000,18381.626447,14477.954536,650.829017,0.000000,SYNTHETIC_DERIVED
13,4,10934.670000,5800.082061,4965.173237,169.414702,0.000000,SYNTHETIC_DERIVED
13,5,10929.270000,6377.513670,4375.998956,175.757374,0.000000,SYNTHETIC_DERIVED
13,6,13802.660000,8755.015789,4788.863493,258.780719,0.000000,SYNTHETIC_DERIVED
13,7,10697.110000,5434.163414,5084.315674,178.630913,0.000000,SYNTHETIC_DERIVED
13,8,9984.460000,3909.831351,5915.224501,159.404148,0.000000,SYNTHETIC_DERIVED
13,9,9256.180000,2933.959503,6201.271426,120.949071,0.000000,SYNTHETIC_DERIVED
13,10,3461.140000,1233.702482,2177.853961,49.583556,0.000000,SYNTHETIC_DERIVED
13,11,3107.480000,1127.878823,1936.215235,43.385941,0.000000,SYNTHETIC_DERIVED
13,12,3971.370000,2358.348005,1542.433624,70.588372,0.000000,SYNTHETIC_DERIVED
13,13,7354.030000,3385.802288,3878.692035,89.535678,0.000000,SYNTHETIC_DERIVED
13,14,9666.570000,6076.298094,3435.115449,155.156457,0.000000,SYNTHETIC_DERIVED
13,15,11235.450000,7030.447130,4002.521490,202.481380,0.000000,SYNTHETIC_DERIVED
14,1,46134.750000,21480.963593,23748.984275,904.802132,0.000000,SYNTHETIC_DERIVED
14,2,33541.690000,13226.768252,19823.525047,491.396701,0.000000,SYNTHETIC_DERIVED
14,3,36989.100000,22345.180707,14061.282927,582.636366,0.000000,SYNTHETIC_DERIVED
14,4,17427.080000,10645.981431,6476.851271,304.247298,0.000000,SYNTHETIC_DERIVED
14,5,10486.000000,3828.698083,6541.809890,115.492027,0.000000,SYNTHETIC_DERIVED
14,6,16206.180000,8898.485972,7021.484300,286.209728,0.000000,SYNTHETIC_DERIVED
14,7,12620.200000,3865.697110,8596.416803,158.086087,0.000000,SYNTHETIC_DERIVED
14,8,8587.650000,506.200692,8061.008856,20.440452,0.000000,SYNTHETIC_DERIVED
14,9,9907.610000,1389.406875,8460.429065,57.774060,0.000000,SYNTHETIC_DERIVED
14,10,6256.450000,3353.770853,2772.613206,130.065941,0.000000,SYNTHETIC_DERIVED
14,11,4531.560000,2565.339485,1894.179436,72.041079,0.000000,SYNTHETIC_DERIVED
14,12,4264.380000,2181.496370,2019.457149,63.426481,0.000000,SYNTHETIC_DERIVED
14,13,15708.820000,10048.682176,5377.471735,282.666088,0.000000,SYNTHETIC_DERIVED
14,14,13809.270000,8132.564927,5429.138439,247.566634,0.000000,SYNTHETIC_DERIVED
14,15,11421.970000,3256.714636,8023.914362,141.341002,0.000000,SYNTHETIC_DERIVED
15,1,40439.400000,16152.747024,23633.407154,653.245823,0.000000,SYNTHETIC_DERIVED
15,2,32500.350000,18642.527835,13409.382140,448.440025,0.000000,SYNTHETIC_DERIVED
15,3,26775.550000,13148.302046,13322.806492,304.441462,0.000000,SYNTHETIC_DERIVED
15,4,20141.500000,13406.807742,6371.277157,363.415100,0.000000,SYNTHETIC_DERIVED
15,5,17801.640000,11000.416767,6478.028609,323.194624,0.000000,SYNTHETIC_DERIVED
15,6,19309.220000,9053.608825,9864.122751,391.488425,0.000000,SYNTHETIC_DERIVED
15,7,12165.090000,1924.526216,10152.128341,88.435443,0.000000,SYNTHETIC_DERIVED
15,8,11150.260000,2071.021825,8988.991122,90.247053,0.000000,SYNTHETIC_DERIVED
15,9,13716.240000,5302.283595,8209.308742,204.647663,0.000000,SYNTHETIC_DERIVED
15,10,4018.530000,1987.821677,1978.997798,51.710525,0.000000,SYNTHETIC_DERIVED
15,11,6380.000000,4320.842803,1938.497759,120.659438,0.000000,SYNTHETIC_DERIVED
15,12,4383.400000,2129.208492,2189.311247,64.880261,0.000000,SYNTHETIC_DERIVED
15,13,16612.360000,10057.137765,6245.197959,310.024275,0.000000,SYNTHETIC_DERIVED
15,14,11467.880000,2772.130970,8571.371639,124.377391,0.000000,SYNTHETIC_DERIVED
15,15,8160.250000,-690.920238,8882.264566,-31.094328,0.000000,SYNTHETIC_DERIVED
16,1,56518.240000,27915.126101,27684.641592,918.472307,0.000000,SYNTHETIC_DERIVED
16,2,54777.040000,28872.329799,24985.629523,919.080678,0.000000,SYNTHETIC_DERIVED
16,3,55721.760000,29194.902697,25615.625153,911.232151,0.000000,SYNTHETIC_DERIVED
16,4,21733.370000,9769.218558,11635.202020,328.949423,0.000000,SYNTHETIC_DERIVED
16,5,20977.740000,8378.889564,12275.652313,323.198122,0.000000,SYNTHETIC_DERIVED
16,6,23076.120000,10302.120495,12385.152519,388.846986,0.000000,SYNTHETIC_DERIVED
16,7,24022.100000,11402.038372,12181.621647,438.439981,0.000000,SYNTHETIC_DERIVED
16,8,11379.990000,492.757054,10869.400145,17.832802,0.000000,SYNTHETIC_DERIVED
16,9,20470.460000,10639.424715,9495.583270,335.452015,0.000000,SYNTHETIC_DERIVED
16,10,7125.170000,3728.207024,3283.017828,113.945148,0.000000,SYNTHETIC_DERIVED
16,11,6831.700000,3781.165239,2939.471602,111.063159,0.000000,SYNTHETIC_DERIVED
16,12,5846.790000,2561.619202,3207.360765,77.810034,0.000000,SYNTHETIC_DERIVED
16,13,21654.430000,10094.026009,11169.666082,390.737909,0.000000,SYNTHETIC_DERIVED
16,14,12449.260000,1616.939095,10768.322960,63.997945,0.000000,SYNTHETIC_DERIVED
16,15,19004.680000,7697.170770,11003.790902,303.718328,0.000000,SYNTHETIC_DERIVED
17,1,27510.640000,20991.986459,5935.024860,583.628681,0.000000,SYNTHETIC_DERIVED
17,2,21771.240000,15412.837751,5904.354533,454.047715,0.000000,SYNTHETIC_DERIVED
17,3,23845.700000,16171.104293,7119.302512,555.293195,0.000000,SYNTHETIC_DERIVED
17,4,12167.480000,8345.591075,3479.751836,342.137089,0.000000,SYNTHETIC_DERIVED
17,5,6988.400000,3459.298377,3385.459603,143.642020,0.000000,SYNTHETIC_DERIVED
17,6,7156.580000,3642.878019,3366.253261,147.448720,0.000000,SYNTHETIC_DERIVED
17,7,9224.190000,5921.226262,3073.570347,229.393391,0.000000,SYNTHETIC_DERIVED
17,8,9542.460000,7091.042956,2234.460960,216.956084,0.000000,SYNTHETIC_DERIVED
17,9,8474.100000,5942.458469,2348.318104,183.323428,0.000000,SYNTHETIC_DERIVED
17,10,3309.140000,2469.312124,768.960208,70.867667,0.000000,SYNTHETIC_DERIVED
17,11,2275.800000,1427.705416,802.917786,45.176798,0.000000,SYNTHETIC_DERIVED
17,12,3223.550000,2112.041020,1027.615537,83.893443,0.000000,SYNTHETIC_DERIVED
17,13,8501.030000,5511.540557,2782.235453,207.253990,0.000000,SYNTHETIC_DERIVED
17,14,9172.270000,6332.341659,2595.892869,244.035472,0.000000,SYNTHETIC_DERIVED
17,15,9375.190000,6392.871162,2732.409219,249.909618,0.000000,SYNTHETIC_DERIVED
18,1,71068.550000,56630.375902,12984.961671,1453.212426,0.000000,SYNTHETIC_DERIVED
18,2,56080.650000,41398.504801,13514.538691,1167.606507,0.000000,SYNTHETIC_DERIVED
18,3,50820.030000,29546.564035,20059.527566,1213.938399,0.000000,SYNTHETIC_DERIVED
18,4,23031.170000,13350.001013,9094.567086,586.601901,0.000000,SYNTHETIC_DERIVED
18,5,19740.450000,11285.867326,7985.643756,468.938919,0.000000,SYNTHETIC_DERIVED
18,6,18991.260000,11065.607864,7507.763814,417.888322,0.000000,SYNTHETIC_DERIVED
18,7,25206.670000,19327.563893,5326.134906,552.971201,0.000000,SYNTHETIC_DERIVED
18,8,22367.310000,17274.138141,4632.951600,460.220259,0.000000,SYNTHETIC_DERIVED
18,9,22842.820000,17396.883850,4964.982120,480.954030,0.000000,SYNTHETIC_DERIVED
18,10,7871.260000,5812.996630,1887.880671,170.382699,0.000000,SYNTHETIC_DERIVED
18,11,6251.120000,3522.944323,2580.364705,147.810972,0.000000,SYNTHETIC_DERIVED
18,12,8021.190000,5144.509814,2657.374566,219.305620,0.000000,SYNTHETIC_DERIVED
18,13,18896.810000,11556.853858,6883.576533,456.379609,0.000000,SYNTHETIC_DERIVED
18,14,17885.450000,11146.019727,6309.644999,429.785274,0.000000,SYNTHETIC_DERIVED
18,15,19017.580000,14411.934078,4240.148125,365.497797,0.000000,SYNTHETIC_DERIVED
19,1,63224.240000,47323.491852,14630.061768,1270.686379,0.000000,SYNTHETIC_DERIVED
19,2,69864.460000,45827.552185,22039.958329,1996.949487,0.000000,SYNTHETIC_DERIVED
19,3,69674.980000,44866.668224,22843.690508,1964.621268,0.000000,SYNTHETIC_DERIVED
19,4,23753.020000,13475.546081,9681.043744,596.430175,0.000000,SYNTHETIC_DERIVED
19,5,21389.990000,12209.227541,8662.102915,518.659544,0.000000,SYNTHETIC_DERIVED
19,6,27408.870000,21295.655196,5548.073717,565.141086,0.000000,SYNTHETIC_DERIVED
19,7,22815.620000,17208.738352,5162.470571,444.411077,0.000000,SYNTHETIC_DERIVED
19,8,21857.440000,17271.892560,4193.517393,392.030047,0.000000,SYNTHETIC_DERIVED
19,9,24809.630000,18540.645124,5709.306963,559.677913,0.000000,SYNTHETIC_DERIVED
19,10,6742.100000,3461.192002,3125.626036,155.281962,0.000000,SYNTHETIC_DERIVED
19,11,7883.780000,4943.575654,2728.428646,211.775700,0.000000,SYNTHETIC_DERIVED
19,12,8012.840000,4885.374332,2910.968315,216.497353,0.000000,SYNTHETIC_DERIVED
19,13,20542.920000,12796.715641,7241.192775,505.011585,0.000000,SYNTHETIC_DERIVED
19,14,18051.130000,13112.863525,4591.605654,346.660821,0.000000,SYNTHETIC_DERIVED
19,15,23487.270000,18871.718162,4168.806458,446.745380,0.000000,SYNTHETIC_DERIVED
20,1,92185.070000,59688.845809,30190.976939,2305.247252,0.000000,SYNTHETIC_DERIVED
20,2,85431.370000,54858.327937,28471.848276,2101.193788,0.000000,SYNTHETIC_DERIVED
20,3,80840.570000,49303.139653,29616.404059,1921.026287,0.000000,SYNTHETIC_DERIVED
20,4,39269.550000,26429.026903,11854.953088,985.570009,0.000000,SYNTHETIC_DERIVED
20,5,35059.050000,24966.944166,9301.254076,790.851758,0.000000,SYNTHETIC_DERIVED
20,6,41093.280000,30493.466128,9639.405996,960.407876,0.000000,SYNTHETIC_DERIVED
20,7,36779.030000,26715.980007,9204.400377,858.649616,0.000000,SYNTHETIC_DERIVED
20,8,35177.760000,25358.039731,8975.733397,843.986872,0.000000,SYNTHETIC_DERIVED
20,9,35823.670000,24086.118281,10800.875455,936.676265,0.000000,SYNTHETIC_DERIVED
20,10,12320.910000,8054.971919,3946.469747,319.468334,0.000000,SYNTHETIC_DERIVED
20,11,11492.730000,7544.488123,3651.637500,296.604377,0.000000,SYNTHETIC_DERIVED
20,12,11043.940000,7199.610873,3572.513116,271.816012,0.000000,SYNTHETIC_DERIVED
20,13,33279.210000,24430.025559,8106.191313,742.993128,0.000000,SYNTHETIC_DERIVED
20,14,32808.550000,24152.956443,7887.897104,767.696453,0.000000,SYNTHETIC_DERIVED
20,15,33312.720000,24477.949857,8059.318228,775.451915,0.000000,SYNTHETIC_DERIVED
21,1,-40667.860000,-47756.038966,9043.432289,-1955.253323,0.000000,SYNTHETIC_DERIVED
21,2,-42171.620000,-48738.891653,8559.086166,-1991.814513,0.000000,SYNTHETIC_DERIVED
21,3,-38037.990000,-44778.894708,8532.408037,-1791.503329,0.000000,SYNTHETIC_DERIVED
21,4,-18063.180000,-20091.356186,2609.529728,-581.353541,0.000000,SYNTHETIC_DERIVED
21,5,-15841.890000,-17738.326474,2406.883345,-510.446871,0.000000,SYNTHETIC_DERIVED
21,6,-15559.140000,-17563.359014,2524.081856,-519.862842,0.000000,SYNTHETIC_DERIVED
21,7,-13722.330000,-15814.585664,2602.876746,-510.621082,0.000000,SYNTHETIC_DERIVED
21,8,-14399.280000,-16733.599830,2989.101890,-654.782060,0.000000,SYNTHETIC_DERIVED
21,9,-15055.620000,-17303.731709,2884.447109,-636.335400,0.000000,SYNTHETIC_DERIVED
21,10,-5018.770000,-5888.868454,1101.362896,-231.264442,0.000000,SYNTHETIC_DERIVED
21,11,-4798.190000,-5587.937265,1002.258009,-212.510743,0.000000,SYNTHETIC_DERIVED
21,12,-5060.610000,-5707.775563,818.152727,-170.987164,0.000000,SYNTHETIC_DERIVED
21,13,-13957.940000,-15703.452283,2201.497255,-455.984972,0.000000,SYNTHETIC_DERIVED
21,14,-13089.950000,-14716.727545,2058.377189,-431.599643,0.000000,SYNTHETIC_DERIVED
21,15,-14252.020000,-16023.328644,2273.841467,-502.532823,0.000000,SYNTHETIC_DERIVED
22,1,-58779.140000,-68013.812138,12020.105174,-2785.433036,0.000000,SYNTHETIC_DERIVED
22,2,-48839.220000,-57060.260531,10433.308896,-2212.268365,0.000000,SYNTHETIC_DERIVED
22,3,-54305.110000,-60714.450621,8204.493407,-1795.152786,0.000000,SYNTHETIC_DERIVED
22,4,-22996.770000,-25473.750568,3159.205400,-682.224833,0.000000,SYNTHETIC_DERIVED
22,5,-21781.550000,-24405.559766,3383.030719,-759.020952,0.000000,SYNTHETIC_DERIVED
22,6,-23255.780000,-26051.769865,3635.316702,-839.326838,0.000000,SYNTHETIC_DERIVED
22,7,-19727.440000,-23080.542145,4274.341902,-921.239757,0.000000,SYNTHETIC_DERIVED
22,8,-20085.540000,-23155.043333,3981.054066,-911.550733,0.000000,SYNTHETIC_DERIVED
22,9,-20153.750000,-23305.219523,4078.978264,-927.508741,0.000000,SYNTHETIC_DERIVED
22,10,-7703.180000,-8800.686111,1437.138856,-339.632746,0.000000,SYNTHETIC_DERIVED
22,11,-6456.440000,-7227.219458,977.903015,-207.123556,0.000000,SYNTHETIC_DERIVED
22,12,-6629.440000,-7453.135514,1043.022722,-219.327208,0.000000,SYNTHETIC_DERIVED
22,13,-19873.120000,-21947.016895,2668.081040,-594.184145,0.000000,SYNTHETIC_DERIVED
22,14,-19397.970000,-21399.101652,2599.778281,-598.646629,0.000000,SYNTHETIC_DERIVED
22,15,-19768.880000,-22804.675053,3983.712738,-947.917685,0.000000,SYNTHETIC_DERIVED
23,1,-65176.530000,-73669.725990,11287.788147,-2794.592156,0.000000,SYNTHETIC_DERIVED
23,2,-54440.340000,-59896.136611,6987.507811,-1531.711200,0.000000,SYNTHETIC_DERIVED
23,3,-62389.560000,-67906.540851,7216.933129,-1699.952278,0.000000,SYNTHETIC_DERIVED
23,4,-24498.540000,-27213.703688,3515.554331,-800.390643,0.000000,SYNTHETIC_DERIVED
23,5,-23192.560000,-25641.792028,3177.023603,-727.791575,0.000000,SYNTHETIC_DERIVED
23,6,-26519.380000,-30268.803461,5074.374544,-1324.951083,0.000000,SYNTHETIC_DERIVED
23,7,-23636.050000,-27080.704578,4589.489204,-1144.834625,0.000000,SYNTHETIC_DERIVED
23,8,-21870.580000,-25246.575820,4482.935646,-1106.939826,0.000000,SYNTHETIC_DERIVED
23,9,-22515.120000,-25820.310306,4376.605790,-1071.415483,0.000000,SYNTHETIC_DERIVED
23,10,-7998.040000,-8840.694452,1098.938492,-256.284041,0.000000,SYNTHETIC_DERIVED
23,11,-7398.180000,-8101.426354,912.732864,-209.486510,0.000000,SYNTHETIC_DERIVED
23,12,-8160.780000,-8880.796500,952.606891,-232.590391,0.000000,SYNTHETIC_DERIVED
23,13,-21572.550000,-23830.965194,2962.274629,-703.859435,0.000000,SYNTHETIC_DERIVED
23,14,-18460.290000,-21732.680830,4247.776488,-975.385658,0.000000,SYNTHETIC_DERIVED
23,15,-20153.670000,-23608.533185,4555.208700,-1100.345515,0.000000,SYNTHETIC_DERIVED
24,1,191683.330000,0.000000,0.000000,0.000000,191683.330000,SYNTHETIC_DERIVED
24,2,174848.920000,0.000000,0.000000,0.000000,174848.920000,SYNTHETIC_DERIVED
24,3,188367.910000,0.000000,0.000000,0.000000,188367.910000,SYNTHETIC_DERIVED
24,4,77313.200000,0.000000,0.000000,0.000000,77313.200000,SYNTHETIC_DERIVED
24,5,70466.880000,0.000000,0.000000,0.000000,70466.880000,SYNTHETIC_DERIVED
24,6,73060.400000,0.000000,0.000000,0.000000,73060.400000,SYNTHETIC_DERIVED
24,7,69204.510000,0.000000,0.000000,0.000000,69204.510000,SYNTHETIC_DERIVED
24,8,66267.090000,0.000000,0.000000,0.000000,66267.090000,SYNTHETIC_DERIVED
24,9,66992.610000,0.000000,0.000000,0.000000,66992.610000,SYNTHETIC_DERIVED
24,10,23907.640000,0.000000,0.000000,0.000000,23907.640000,SYNTHETIC_DERIVED
24,11,22589.500000,0.000000,0.000000,0.000000,22589.500000,SYNTHETIC_DERIVED
24,12,22953.750000,0.000000,0.000000,0.000000,22953.750000,SYNTHETIC_DERIVED
24,13,64395.560000,0.000000,0.000000,0.000000,64395.560000,SYNTHETIC_DERIVED
24,14,60233.890000,0.000000,0.000000,0.000000,60233.890000,SYNTHETIC_DERIVED
24,15,63104.840000,0.000000,0.000000,0.000000,63104.840000,SYNTHETIC_DERIVED
