Year,ProductKey,Product,Brand,Category,Revenue,Units,GrossProfit,ActiveStoreDays,EligibleStoreDays,GrossMargin,Velocity,Distribution,CategoryMeanVelocity,CategoryMargin,RevenueRank,CommercialSegment,DataClass
2023,23,Dawn Roast 600ml V3,Dawn Roast,Coffee,1925016.740000,317122,745322.900000,224224,503700,0.387177,1.414309,0.445154,1.522393,0.370937,17,Test distribution,SYNTHETIC_DERIVED
2023,22,Urban Bean 500ml V2,Urban Bean,Coffee,1884499.610000,382491,698777.510000,251497,503700,0.370803,1.520857,0.499299,1.522393,0.370937,18,Review role,SYNTHETIC_DERIVED
2023,21,Dawn Roast 330ml V1,Dawn Roast,Coffee,1438342.260000,456497,502523.410000,279714,503700,0.349377,1.632013,0.555319,1.522393,0.370937,21,Protect margin,SYNTHETIC_DERIVED
2023,10,Night Current 1000ml V4,Night Current,Energy,5969460.620000,640644,3406884.620000,234550,503700,0.570719,2.731375,0.465654,2.946822,0.555631,2,Test distribution,SYNTHETIC_DERIVED
2023,9,Volt Avenue 600ml V3,Volt Avenue,Energy,4161860.800000,761096,2335230.400000,261667,503700,0.561102,2.908643,0.519490,2.946822,0.555631,7,Test distribution,SYNTHETIC_DERIVED
2023,8,Night Current 500ml V2,Night Current,Energy,3955958.060000,888704,2178550.060000,289519,503700,0.550701,3.069588,0.574785,2.946822,0.555631,9,Protect margin,SYNTHETIC_DERIVED
2023,7,Volt Avenue 330ml V1,Volt Avenue,Energy,2998167.520000,1108201,1535342.200000,317496,503700,0.512094,3.490441,0.630328,2.946822,0.555631,15,Protect margin,SYNTHETIC_DERIVED
2023,11,Volt Avenue 330ml V5,Volt Avenue,Energy,1637635.080000,523117,947120.640000,206434,503700,0.578347,2.534064,0.409835,2.946822,0.555631,20,Test distribution,SYNTHETIC_DERIVED
2023,4,Citrus Lane 1000ml V4,Citrus Lane,Sparkling,6394076.480000,899067,3337248.680000,251871,503700,0.521928,3.569553,0.500042,3.783405,0.503131,1,Test distribution,SYNTHETIC_DERIVED
2023,3,Arc Cola 600ml V3,Arc Cola,Sparkling,4465823.310000,1126102,2168575.230000,279783,503700,0.485594,4.024912,0.555456,3.783405,0.503131,5,Protect margin,SYNTHETIC_DERIVED
2023,2,Citrus Lane 500ml V2,Citrus Lane,Sparkling,4245340.020000,1315572,2008867.620000,307437,503700,0.473194,4.279160,0.610357,3.783405,0.503131,6,Protect margin,SYNTHETIC_DERIVED
2023,6,Citrus Lane 500ml V6,Citrus Lane,Sparkling,4045289.420000,1085865,2199318.920000,362503,503700,0.543674,2.995465,0.719680,3.783405,0.503131,8,Test distribution,SYNTHETIC_DERIVED
2023,1,Arc Cola 330ml V1,Arc Cola,Sparkling,3183607.820000,1530476,1469474.700000,334902,503700,0.461575,4.569922,0.664884,3.783405,0.503131,14,Protect margin,SYNTHETIC_DERIVED
2023,5,Arc Cola 330ml V5,Arc Cola,Sparkling,1753395.670000,730094,935690.390000,223858,503700,0.533645,3.261416,0.444427,3.783405,0.503131,19,Test distribution,SYNTHETIC_DERIVED
2023,20,Flow Sprint 1000ml V4,Flow Sprint,Sports,5092693.540000,652430,2613459.540000,307555,503700,0.513178,2.121344,0.610592,2.460140,0.484001,4,Test distribution,SYNTHETIC_DERIVED
2023,19,Stride Works 600ml V3,Stride Works,Sports,3510151.340000,808786,1666119.260000,334740,503700,0.474657,2.416162,0.664562,2.460140,0.484001,12,Review role,SYNTHETIC_DERIVED
2023,18,Flow Sprint 500ml V2,Flow Sprint,Sports,3304422.080000,933199,1531343.980000,362757,503700,0.463423,2.572518,0.720185,2.460140,0.484001,13,Protect margin,SYNTHETIC_DERIVED
2023,17,Stride Works 330ml V1,Stride Works,Sports,1388574.380000,611441,624273.130000,223927,503700,0.449578,2.730537,0.444564,2.460140,0.484001,22,Protect margin,SYNTHETIC_DERIVED
2023,16,Still Harbour 1000ml V4,Still Harbour,Water,5509823.490000,1042529,2590742.290000,252120,503700,0.470204,4.135051,0.500536,4.772089,0.436468,3,Test distribution,SYNTHETIC_DERIVED
2023,15,Clear Ridge 600ml V3,Clear Ridge,Water,3849125.460000,1303636,1659016.980000,279705,503700,0.431011,4.660753,0.555301,4.772089,0.436468,10,Review role,SYNTHETIC_DERIVED
2023,14,Still Harbour 500ml V2,Still Harbour,Water,3674590.900000,1532066,1529698.500000,307372,503700,0.416291,4.984403,0.610228,4.772089,0.436468,11,Protect margin,SYNTHETIC_DERIVED
2023,13,Clear Ridge 330ml V1,Clear Ridge,Water,2741606.520000,1777954,1105888.840000,334948,503700,0.403373,5.308149,0.664975,4.772089,0.436468,16,Protect margin,SYNTHETIC_DERIVED
2024,23,Dawn Roast 600ml V3,Dawn Roast,Coffee,1517034.570000,241772,569288.330000,189397,505080,0.375264,1.276536,0.374984,1.300585,0.371770,21,Test distribution,SYNTHETIC_DERIVED
2024,22,Urban Bean 500ml V2,Urban Bean,Coffee,1514746.280000,297086,543275.060000,217210,505080,0.358657,1.367736,0.430051,1.300585,0.371770,22,Protect margin,SYNTHETIC_DERIVED
2024,24,Urban Bean 1000ml V4,Urban Bean,Coffee,1235390.030000,110462,512968.550000,100660,253920,0.415228,1.097377,0.396424,1.300585,0.371770,23,Test distribution,SYNTHETIC_DERIVED
2024,21,Dawn Roast 330ml V1,Dawn Roast,Coffee,1168645.870000,358012,395339.950000,245098,505080,0.338289,1.460689,0.485266,1.300585,0.371770,24,Protect margin,SYNTHETIC_DERIVED
2024,10,Night Current 1000ml V4,Night Current,Energy,7166921.630000,743391,4029811.610000,234760,505080,0.562279,3.166600,0.464798,3.247229,0.553026,1,Test distribution,SYNTHETIC_DERIVED
2024,9,Volt Avenue 600ml V3,Volt Avenue,Energy,5019496.870000,887388,2774405.230000,262956,505080,0.552726,3.374663,0.520622,3.247229,0.553026,5,Protect margin,SYNTHETIC_DERIVED
2024,8,Night Current 500ml V2,Night Current,Energy,4790126.300000,1040889,2593850.510000,290556,505080,0.541499,3.582404,0.575267,3.247229,0.553026,6,Protect margin,SYNTHETIC_DERIVED
2024,7,Volt Avenue 330ml V1,Volt Avenue,Energy,3633374.770000,1297815,1829411.920000,318402,505080,0.503502,4.076027,0.630399,3.247229,0.553026,14,Protect margin,SYNTHETIC_DERIVED
2024,12,Night Current 500ml V6,Night Current,Energy,2658944.640000,499956,1604037.480000,212400,422280,0.603261,2.353842,0.502984,3.247229,0.553026,17,Test distribution,SYNTHETIC_DERIVED
2024,11,Volt Avenue 330ml V5,Volt Avenue,Energy,1968372.940000,606509,1125325.430000,207011,505080,0.571703,2.929839,0.409858,3.247229,0.553026,18,Test distribution,SYNTHETIC_DERIVED
2024,4,Citrus Lane 1000ml V4,Citrus Lane,Sparkling,6694560.350000,908884,3431666.790000,252382,505080,0.512605,3.601224,0.499687,3.840237,0.494121,2,Test distribution,SYNTHETIC_DERIVED
2024,3,Arc Cola 600ml V3,Arc Cola,Sparkling,4714357.590000,1146639,2249083.740000,280236,505080,0.477071,4.091691,0.554835,3.840237,0.494121,7,Protect margin,SYNTHETIC_DERIVED
2024,2,Citrus Lane 500ml V2,Citrus Lane,Sparkling,4468237.120000,1339159,2071142.510000,307623,505080,0.463526,4.353247,0.609058,3.840237,0.494121,8,Protect margin,SYNTHETIC_DERIVED
2024,6,Citrus Lane 500ml V6,Citrus Lane,Sparkling,4259751.560000,1104474,2282743.100000,363537,505080,0.535886,3.038134,0.719761,3.840237,0.494121,9,Test distribution,SYNTHETIC_DERIVED
2024,1,Arc Cola 330ml V1,Arc Cola,Sparkling,3342465.110000,1554740,1507871.910000,336100,505080,0.451126,4.625826,0.665439,3.840237,0.494121,15,Protect margin,SYNTHETIC_DERIVED
2024,5,Arc Cola 330ml V5,Arc Cola,Sparkling,1861996.780000,748143,979188.040000,224580,505080,0.525881,3.331298,0.444642,3.840237,0.494121,19,Test distribution,SYNTHETIC_DERIVED
2024,20,Flow Sprint 1000ml V4,Flow Sprint,Sports,5708610.950000,705660,2878914.350000,308250,505080,0.504311,2.289246,0.610299,2.653241,0.473950,4,Test distribution,SYNTHETIC_DERIVED
2024,19,Stride Works 600ml V3,Stride Works,Sports,3939669.630000,877000,1826099.630000,336086,505080,0.463516,2.609451,0.665411,2.653241,0.473950,11,Review role,SYNTHETIC_DERIVED
2024,18,Flow Sprint 500ml V2,Flow Sprint,Sports,3692514.400000,1009291,1673932.400000,363601,505080,0.453331,2.775820,0.719888,2.653241,0.473950,13,Protect margin,SYNTHETIC_DERIVED
2024,17,Stride Works 330ml V1,Stride Works,Sports,1551112.150000,660636,679072.630000,224825,505080,0.437797,2.938445,0.445128,2.653241,0.473950,20,Protect margin,SYNTHETIC_DERIVED
2024,16,Still Harbour 1000ml V4,Still Harbour,Water,5871412.340000,1074210,2702492.840000,252334,505080,0.460280,4.257096,0.499592,4.906893,0.425390,3,Test distribution,SYNTHETIC_DERIVED
2024,15,Clear Ridge 600ml V3,Clear Ridge,Water,4094147.130000,1341084,1720428.450000,280384,505080,0.420217,4.783026,0.555128,4.906893,0.425390,10,Review role,SYNTHETIC_DERIVED
2024,14,Still Harbour 500ml V2,Still Harbour,Water,3922483.610000,1580771,1582942.530000,308356,505080,0.403556,5.126448,0.610509,4.906893,0.425390,12,Protect margin,SYNTHETIC_DERIVED
2024,13,Clear Ridge 330ml V1,Clear Ridge,Water,2925006.850000,1833783,1146237.340000,335796,505080,0.391875,5.461003,0.664837,4.906893,0.425390,16,Protect margin,SYNTHETIC_DERIVED
