Season,DriverKey,Driver,ComparableStarts,AheadFinishes,AvgGPPointsAdvantage,DataClass
2023,albon,Alexander Albon,13,13,0.923077,PUBLIC_DERIVED
2023,alonso,Fernando Alonso,16,14,6.187500,PUBLIC_DERIVED
2023,bottas,Valtteri Bottas,17,10,0.235294,PUBLIC_DERIVED
2023,de_vries,Nyck de Vries,8,2,0.000000,PUBLIC_DERIVED
2023,gasly,Pierre Gasly,15,5,-1.333333,PUBLIC_DERIVED
2023,hamilton,Lewis Hamilton,16,11,1.812500,PUBLIC_DERIVED
2023,hulkenberg,Nico Hülkenberg,15,8,-0.200000,PUBLIC_DERIVED
2023,kevin_magnussen,Kevin Magnussen,15,7,0.200000,PUBLIC_DERIVED
2023,lawson,Liam Lawson,3,2,0.000000,PUBLIC_DERIVED
2023,leclerc,Charles Leclerc,14,9,0.642857,PUBLIC_DERIVED
2023,max_verstappen,Max Verstappen,20,18,10.950000,PUBLIC_DERIVED
2023,norris,Lando Norris,18,14,4.444444,PUBLIC_DERIVED
2023,ocon,Esteban Ocon,15,10,1.333333,PUBLIC_DERIVED
2023,perez,Sergio Pérez,20,2,-10.950000,PUBLIC_DERIVED
2023,piastri,Oscar Piastri,18,4,-4.444444,PUBLIC_DERIVED
2023,ricciardo,Daniel Ricciardo,6,2,-1.000000,PUBLIC_DERIVED
2023,russell,George Russell,16,5,-1.812500,PUBLIC_DERIVED
2023,sainz,Carlos Sainz,14,5,-0.642857,PUBLIC_DERIVED
2023,sargeant,Logan Sargeant,13,0,-0.923077,PUBLIC_DERIVED
2023,stroll,Lance Stroll,16,2,-6.187500,PUBLIC_DERIVED
2023,tsunoda,Yuki Tsunoda,17,11,0.352941,PUBLIC_DERIVED
2023,zhou,Guanyu Zhou,17,7,-0.235294,PUBLIC_DERIVED
2024,albon,Alexander Albon,13,12,0.538462,PUBLIC_DERIVED
2024,alonso,Fernando Alonso,19,14,1.157895,PUBLIC_DERIVED
2024,bearman,Oliver Bearman,2,1,-4.500000,PUBLIC_DERIVED
2024,bottas,Valtteri Bottas,20,12,-0.200000,PUBLIC_DERIVED
2024,colapinto,Franco Colapinto,3,1,-1.000000,PUBLIC_DERIVED
2024,doohan,Jack Doohan,1,0,-6.000000,PUBLIC_DERIVED
2024,gasly,Pierre Gasly,18,9,0.333333,PUBLIC_DERIVED
2024,hamilton,Lewis Hamilton,20,7,-3.050000,PUBLIC_DERIVED
2024,hulkenberg,Nico Hülkenberg,20,15,1.050000,PUBLIC_DERIVED
2024,kevin_magnussen,Kevin Magnussen,19,4,-1.157895,PUBLIC_DERIVED
2024,lawson,Liam Lawson,4,1,-1.000000,PUBLIC_DERIVED
2024,leclerc,Charles Leclerc,21,13,1.476190,PUBLIC_DERIVED
2024,max_verstappen,Max Verstappen,18,18,10.833333,PUBLIC_DERIVED
2024,norris,Lando Norris,24,16,3.291667,PUBLIC_DERIVED
2024,ocon,Esteban Ocon,17,9,0.000000,PUBLIC_DERIVED
2024,perez,Sergio Pérez,18,0,-10.833333,PUBLIC_DERIVED
2024,piastri,Oscar Piastri,24,8,-3.291667,PUBLIC_DERIVED
2024,ricciardo,Daniel Ricciardo,14,6,-0.928571,PUBLIC_DERIVED
2024,russell,George Russell,20,13,3.050000,PUBLIC_DERIVED
2024,sainz,Carlos Sainz,20,8,-1.050000,PUBLIC_DERIVED
2024,sargeant,Logan Sargeant,10,0,-0.400000,PUBLIC_DERIVED
2024,stroll,Lance Stroll,19,5,-1.157895,PUBLIC_DERIVED
2024,tsunoda,Yuki Tsunoda,18,11,0.944444,PUBLIC_DERIVED
2024,zhou,Guanyu Zhou,20,8,0.200000,PUBLIC_DERIVED
