DriverKey,Driver,Nationality,DOB,DataClass
albon,Alexander Albon,Thai,1996-03-23,PUBLIC
alonso,Fernando Alonso,Spanish,1981-07-29,PUBLIC
bearman,Oliver Bearman,British,2005-05-08,PUBLIC
bottas,Valtteri Bottas,Finnish,1989-08-28,PUBLIC
colapinto,Franco Colapinto,Argentine,2003-05-27,PUBLIC
de_vries,Nyck de Vries,Dutch,1995-02-06,PUBLIC
doohan,Jack Doohan,Australian,2003-01-20,PUBLIC
gasly,Pierre Gasly,French,1996-02-07,PUBLIC
hamilton,Lewis Hamilton,British,1985-01-07,PUBLIC
hulkenberg,Nico Hülkenberg,German,1987-08-19,PUBLIC
kevin_magnussen,Kevin Magnussen,Danish,1992-10-05,PUBLIC
lawson,Liam Lawson,New Zealander,2002-02-11,PUBLIC
leclerc,Charles Leclerc,Monegasque,1997-10-16,PUBLIC
max_verstappen,Max Verstappen,Dutch,1997-09-30,PUBLIC
norris,Lando Norris,British,1999-11-13,PUBLIC
ocon,Esteban Ocon,French,1996-09-17,PUBLIC
perez,Sergio Pérez,Mexican,1990-01-26,PUBLIC
piastri,Oscar Piastri,Australian,2001-04-06,PUBLIC
ricciardo,Daniel Ricciardo,Australian,1989-07-01,PUBLIC
russell,George Russell,British,1998-02-15,PUBLIC
sainz,Carlos Sainz,Spanish,1994-09-01,PUBLIC
sargeant,Logan Sargeant,American,2000-12-31,PUBLIC
stroll,Lance Stroll,Canadian,1998-10-29,PUBLIC
tsunoda,Yuki Tsunoda,Japanese,2000-05-11,PUBLIC
zhou,Guanyu Zhou,Chinese,1999-05-30,PUBLIC
