RaceKey,Season,Round,Race,CircuitKey,Date,DataClass
202301,2023,1,Bahrain Grand Prix,bahrain,2023-03-05,PUBLIC
202302,2023,2,Saudi Arabian Grand Prix,jeddah,2023-03-19,PUBLIC
202303,2023,3,Australian Grand Prix,albert_park,2023-04-02,PUBLIC
202304,2023,4,Azerbaijan Grand Prix,baku,2023-04-30,PUBLIC
202305,2023,5,Miami Grand Prix,miami,2023-05-07,PUBLIC
202306,2023,6,Monaco Grand Prix,monaco,2023-05-28,PUBLIC
202307,2023,7,Spanish Grand Prix,catalunya,2023-06-04,PUBLIC
202308,2023,8,Canadian Grand Prix,villeneuve,2023-06-18,PUBLIC
202309,2023,9,Austrian Grand Prix,red_bull_ring,2023-07-02,PUBLIC
202310,2023,10,British Grand Prix,silverstone,2023-07-09,PUBLIC
202311,2023,11,Hungarian Grand Prix,hungaroring,2023-07-23,PUBLIC
202312,2023,12,Belgian Grand Prix,spa,2023-07-30,PUBLIC
202313,2023,13,Dutch Grand Prix,zandvoort,2023-08-27,PUBLIC
202314,2023,14,Italian Grand Prix,monza,2023-09-03,PUBLIC
202315,2023,15,Singapore Grand Prix,marina_bay,2023-09-17,PUBLIC
202316,2023,16,Japanese Grand Prix,suzuka,2023-09-24,PUBLIC
202317,2023,17,Qatar Grand Prix,losail,2023-10-08,PUBLIC
202318,2023,18,United States Grand Prix,americas,2023-10-22,PUBLIC
202319,2023,19,Mexico City Grand Prix,rodriguez,2023-10-29,PUBLIC
202320,2023,20,São Paulo Grand Prix,interlagos,2023-11-05,PUBLIC
202321,2023,21,Las Vegas Grand Prix,vegas,2023-11-19,PUBLIC
202322,2023,22,Abu Dhabi Grand Prix,yas_marina,2023-11-26,PUBLIC
202401,2024,1,Bahrain Grand Prix,bahrain,2024-03-02,PUBLIC
202402,2024,2,Saudi Arabian Grand Prix,jeddah,2024-03-09,PUBLIC
202403,2024,3,Australian Grand Prix,albert_park,2024-03-24,PUBLIC
202404,2024,4,Japanese Grand Prix,suzuka,2024-04-07,PUBLIC
202405,2024,5,Chinese Grand Prix,shanghai,2024-04-21,PUBLIC
202406,2024,6,Miami Grand Prix,miami,2024-05-05,PUBLIC
202407,2024,7,Emilia Romagna Grand Prix,imola,2024-05-19,PUBLIC
202408,2024,8,Monaco Grand Prix,monaco,2024-05-26,PUBLIC
202409,2024,9,Canadian Grand Prix,villeneuve,2024-06-09,PUBLIC
202410,2024,10,Spanish Grand Prix,catalunya,2024-06-23,PUBLIC
202411,2024,11,Austrian Grand Prix,red_bull_ring,2024-06-30,PUBLIC
202412,2024,12,British Grand Prix,silverstone,2024-07-07,PUBLIC
202413,2024,13,Hungarian Grand Prix,hungaroring,2024-07-21,PUBLIC
202414,2024,14,Belgian Grand Prix,spa,2024-07-28,PUBLIC
202415,2024,15,Dutch Grand Prix,zandvoort,2024-08-25,PUBLIC
202416,2024,16,Italian Grand Prix,monza,2024-09-01,PUBLIC
202417,2024,17,Azerbaijan Grand Prix,baku,2024-09-15,PUBLIC
202418,2024,18,Singapore Grand Prix,marina_bay,2024-09-22,PUBLIC
202419,2024,19,United States Grand Prix,americas,2024-10-20,PUBLIC
202420,2024,20,Mexico City Grand Prix,rodriguez,2024-10-27,PUBLIC
202421,2024,21,São Paulo Grand Prix,interlagos,2024-11-03,PUBLIC
202422,2024,22,Las Vegas Grand Prix,vegas,2024-11-23,PUBLIC
202423,2024,23,Qatar Grand Prix,losail,2024-12-01,PUBLIC
202424,2024,24,Abu Dhabi Grand Prix,yas_marina,2024-12-08,PUBLIC
