Season,ConstructorKey,Position,Points,Wins,DataClass
2023,red_bull,1,860.000000,21,PUBLIC
2023,mercedes,2,409.000000,0,PUBLIC
2023,ferrari,3,406.000000,1,PUBLIC
2023,mclaren,4,302.000000,0,PUBLIC
2023,aston_martin,5,280.000000,0,PUBLIC
2023,alpine,6,120.000000,0,PUBLIC
2023,williams,7,28.000000,0,PUBLIC
2023,alphatauri,8,25.000000,0,PUBLIC
2023,alfa,9,16.000000,0,PUBLIC
2023,haas,10,12.000000,0,PUBLIC
2024,mclaren,1,666.000000,6,PUBLIC
2024,ferrari,2,652.000000,5,PUBLIC
2024,red_bull,3,589.000000,9,PUBLIC
2024,mercedes,4,468.000000,4,PUBLIC
2024,aston_martin,5,94.000000,0,PUBLIC
2024,alpine,6,65.000000,0,PUBLIC
2024,haas,7,58.000000,0,PUBLIC
2024,rb,8,46.000000,0,PUBLIC
2024,williams,9,17.000000,0,PUBLIC
2024,sauber,10,4.000000,0,PUBLIC
