RaceKey,DriverKey,ConstructorKey,DataClass,Grid,FinishPosition,Points,Laps,Status,ClassifiedFinish,PositionGain
202301,max_verstappen,red_bull,PUBLIC_DERIVED,1,1,25.000000,57,Finished,1,0.000000
202301,perez,red_bull,PUBLIC_DERIVED,2,2,18.000000,57,Finished,1,0.000000
202301,alonso,aston_martin,PUBLIC_DERIVED,5,3,15.000000,57,Finished,1,2.000000
202301,sainz,ferrari,PUBLIC_DERIVED,4,4,12.000000,57,Finished,1,0.000000
202301,hamilton,mercedes,PUBLIC_DERIVED,7,5,10.000000,57,Finished,1,2.000000
202301,stroll,aston_martin,PUBLIC_DERIVED,8,6,8.000000,57,Finished,1,2.000000
202301,russell,mercedes,PUBLIC_DERIVED,6,7,6.000000,57,Finished,1,-1.000000
202301,bottas,alfa,PUBLIC_DERIVED,12,8,4.000000,57,Finished,1,4.000000
202301,gasly,alpine,PUBLIC_DERIVED,20,9,2.000000,57,Finished,1,11.000000
202301,albon,williams,PUBLIC_DERIVED,15,10,1.000000,57,Finished,1,5.000000
202301,tsunoda,alphatauri,PUBLIC_DERIVED,14,11,0.000000,57,Finished,1,3.000000
202301,sargeant,williams,PUBLIC_DERIVED,16,12,0.000000,56,Lapped,1,4.000000
202301,kevin_magnussen,haas,PUBLIC_DERIVED,17,13,0.000000,56,Lapped,1,4.000000
202301,de_vries,alphatauri,PUBLIC_DERIVED,19,14,0.000000,56,Lapped,1,5.000000
202301,hulkenberg,haas,PUBLIC_DERIVED,10,15,0.000000,56,Lapped,1,-5.000000
202301,zhou,alfa,PUBLIC_DERIVED,13,16,0.000000,56,Lapped,1,-3.000000
202301,norris,mclaren,PUBLIC_DERIVED,11,17,0.000000,55,Lapped,1,-6.000000
202301,ocon,alpine,PUBLIC_DERIVED,9,18,0.000000,41,Retired,0,
202301,leclerc,ferrari,PUBLIC_DERIVED,3,19,0.000000,39,Retired,0,
202301,piastri,mclaren,PUBLIC_DERIVED,18,20,0.000000,13,Retired,0,
202302,perez,red_bull,PUBLIC_DERIVED,1,1,25.000000,50,Finished,1,0.000000
202302,max_verstappen,red_bull,PUBLIC_DERIVED,15,2,19.000000,50,Finished,1,13.000000
202302,alonso,aston_martin,PUBLIC_DERIVED,2,3,15.000000,50,Finished,1,-1.000000
202302,russell,mercedes,PUBLIC_DERIVED,3,4,12.000000,50,Finished,1,-1.000000
202302,hamilton,mercedes,PUBLIC_DERIVED,7,5,10.000000,50,Finished,1,2.000000
202302,sainz,ferrari,PUBLIC_DERIVED,4,6,8.000000,50,Finished,1,-2.000000
202302,leclerc,ferrari,PUBLIC_DERIVED,12,7,6.000000,50,Finished,1,5.000000
202302,ocon,alpine,PUBLIC_DERIVED,6,8,4.000000,50,Finished,1,-2.000000
202302,gasly,alpine,PUBLIC_DERIVED,9,9,2.000000,50,Finished,1,0.000000
202302,kevin_magnussen,haas,PUBLIC_DERIVED,13,10,1.000000,50,Finished,1,3.000000
202302,tsunoda,alphatauri,PUBLIC_DERIVED,16,11,0.000000,50,Finished,1,5.000000
202302,hulkenberg,haas,PUBLIC_DERIVED,10,12,0.000000,50,Finished,1,-2.000000
202302,zhou,alfa,PUBLIC_DERIVED,11,13,0.000000,50,Finished,1,-2.000000
202302,de_vries,alphatauri,PUBLIC_DERIVED,18,14,0.000000,50,Finished,1,4.000000
202302,piastri,mclaren,PUBLIC_DERIVED,8,15,0.000000,50,Finished,1,-7.000000
202302,sargeant,williams,PUBLIC_DERIVED,20,16,0.000000,50,Finished,1,4.000000
202302,norris,mclaren,PUBLIC_DERIVED,19,17,0.000000,50,Finished,1,2.000000
202302,bottas,alfa,PUBLIC_DERIVED,14,18,0.000000,49,Lapped,1,-4.000000
202302,albon,williams,PUBLIC_DERIVED,17,19,0.000000,27,Retired,0,
202302,stroll,aston_martin,PUBLIC_DERIVED,5,20,0.000000,16,Retired,0,
202303,max_verstappen,red_bull,PUBLIC_DERIVED,1,1,25.000000,58,Finished,1,0.000000
202303,hamilton,mercedes,PUBLIC_DERIVED,3,2,18.000000,58,Finished,1,1.000000
202303,alonso,aston_martin,PUBLIC_DERIVED,4,3,15.000000,58,Finished,1,1.000000
202303,stroll,aston_martin,PUBLIC_DERIVED,6,4,12.000000,58,Finished,1,2.000000
202303,perez,red_bull,PUBLIC_DERIVED,20,5,11.000000,58,Finished,1,15.000000
202303,norris,mclaren,PUBLIC_DERIVED,13,6,8.000000,58,Finished,1,7.000000
202303,hulkenberg,haas,PUBLIC_DERIVED,10,7,6.000000,58,Finished,1,3.000000
202303,piastri,mclaren,PUBLIC_DERIVED,16,8,4.000000,58,Finished,1,8.000000
202303,zhou,alfa,PUBLIC_DERIVED,17,9,2.000000,58,Finished,1,8.000000
202303,tsunoda,alphatauri,PUBLIC_DERIVED,12,10,1.000000,58,Finished,1,2.000000
202303,bottas,alfa,PUBLIC_DERIVED,19,11,0.000000,58,Finished,1,8.000000
202303,sainz,ferrari,PUBLIC_DERIVED,5,12,0.000000,58,Finished,1,-7.000000
202303,gasly,alpine,PUBLIC_DERIVED,9,13,0.000000,56,Retired,0,
202303,ocon,alpine,PUBLIC_DERIVED,11,14,0.000000,56,Retired,0,
202303,de_vries,alphatauri,PUBLIC_DERIVED,15,15,0.000000,56,Retired,0,
202303,sargeant,williams,PUBLIC_DERIVED,18,16,0.000000,56,Retired,0,
202303,kevin_magnussen,haas,PUBLIC_DERIVED,14,17,0.000000,52,Retired,0,
202303,russell,mercedes,PUBLIC_DERIVED,2,18,0.000000,17,Retired,0,
202303,albon,williams,PUBLIC_DERIVED,8,19,0.000000,6,Retired,0,
202303,leclerc,ferrari,PUBLIC_DERIVED,7,20,0.000000,0,Retired,0,
202304,perez,red_bull,PUBLIC_DERIVED,3,1,25.000000,51,Finished,1,2.000000
202304,max_verstappen,red_bull,PUBLIC_DERIVED,2,2,18.000000,51,Finished,1,0.000000
202304,leclerc,ferrari,PUBLIC_DERIVED,1,3,15.000000,51,Finished,1,-2.000000
202304,alonso,aston_martin,PUBLIC_DERIVED,6,4,12.000000,51,Finished,1,2.000000
202304,sainz,ferrari,PUBLIC_DERIVED,4,5,10.000000,51,Finished,1,-1.000000
202304,hamilton,mercedes,PUBLIC_DERIVED,5,6,8.000000,51,Finished,1,-1.000000
202304,stroll,aston_martin,PUBLIC_DERIVED,9,7,6.000000,51,Finished,1,2.000000
202304,russell,mercedes,PUBLIC_DERIVED,11,8,5.000000,51,Finished,1,3.000000
202304,norris,mclaren,PUBLIC_DERIVED,7,9,2.000000,51,Finished,1,-2.000000
202304,tsunoda,alphatauri,PUBLIC_DERIVED,8,10,1.000000,51,Finished,1,-2.000000
202304,piastri,mclaren,PUBLIC_DERIVED,10,11,0.000000,51,Finished,1,-1.000000
202304,albon,williams,PUBLIC_DERIVED,12,12,0.000000,51,Finished,1,0.000000
202304,kevin_magnussen,haas,PUBLIC_DERIVED,16,13,0.000000,51,Finished,1,3.000000
202304,gasly,alpine,PUBLIC_DERIVED,17,14,0.000000,51,Finished,1,3.000000
202304,ocon,alpine,PUBLIC_DERIVED,19,15,0.000000,51,Finished,1,4.000000
202304,sargeant,williams,PUBLIC_DERIVED,14,16,0.000000,51,Finished,1,-2.000000
202304,hulkenberg,haas,PUBLIC_DERIVED,20,17,0.000000,50,Lapped,1,3.000000
202304,bottas,alfa,PUBLIC_DERIVED,13,18,0.000000,50,Lapped,1,-5.000000
202304,zhou,alfa,PUBLIC_DERIVED,15,19,0.000000,36,Retired,0,
202304,de_vries,alphatauri,PUBLIC_DERIVED,18,20,0.000000,9,Retired,0,
202305,max_verstappen,red_bull,PUBLIC_DERIVED,9,1,26.000000,57,Finished,1,8.000000
202305,perez,red_bull,PUBLIC_DERIVED,1,2,18.000000,57,Finished,1,-1.000000
202305,alonso,aston_martin,PUBLIC_DERIVED,2,3,15.000000,57,Finished,1,-1.000000
202305,russell,mercedes,PUBLIC_DERIVED,6,4,12.000000,57,Finished,1,2.000000
202305,sainz,ferrari,PUBLIC_DERIVED,3,5,10.000000,57,Finished,1,-2.000000
202305,hamilton,mercedes,PUBLIC_DERIVED,13,6,8.000000,57,Finished,1,7.000000
202305,leclerc,ferrari,PUBLIC_DERIVED,7,7,6.000000,57,Finished,1,0.000000
202305,gasly,alpine,PUBLIC_DERIVED,5,8,4.000000,57,Finished,1,-3.000000
202305,ocon,alpine,PUBLIC_DERIVED,8,9,2.000000,57,Finished,1,-1.000000
202305,kevin_magnussen,haas,PUBLIC_DERIVED,4,10,1.000000,57,Finished,1,-6.000000
202305,tsunoda,alphatauri,PUBLIC_DERIVED,17,11,0.000000,57,Finished,1,6.000000
202305,stroll,aston_martin,PUBLIC_DERIVED,18,12,0.000000,57,Finished,1,6.000000
202305,bottas,alfa,PUBLIC_DERIVED,10,13,0.000000,57,Finished,1,-3.000000
202305,albon,williams,PUBLIC_DERIVED,11,14,0.000000,57,Finished,1,-3.000000
202305,hulkenberg,haas,PUBLIC_DERIVED,12,15,0.000000,57,Finished,1,-3.000000
202305,zhou,alfa,PUBLIC_DERIVED,14,16,0.000000,57,Finished,1,-2.000000
202305,norris,mclaren,PUBLIC_DERIVED,16,17,0.000000,57,Finished,1,-1.000000
202305,de_vries,alphatauri,PUBLIC_DERIVED,15,18,0.000000,57,Finished,1,-3.000000
202305,piastri,mclaren,PUBLIC_DERIVED,19,19,0.000000,56,Lapped,1,0.000000
202305,sargeant,williams,PUBLIC_DERIVED,20,20,0.000000,56,Lapped,1,0.000000
202306,max_verstappen,red_bull,PUBLIC_DERIVED,1,1,25.000000,78,Finished,1,0.000000
202306,alonso,aston_martin,PUBLIC_DERIVED,2,2,18.000000,78,Finished,1,0.000000
202306,ocon,alpine,PUBLIC_DERIVED,3,3,15.000000,78,Finished,1,0.000000
202306,hamilton,mercedes,PUBLIC_DERIVED,5,4,13.000000,78,Finished,1,1.000000
202306,russell,mercedes,PUBLIC_DERIVED,8,5,10.000000,78,Finished,1,3.000000
202306,leclerc,ferrari,PUBLIC_DERIVED,6,6,8.000000,78,Finished,1,0.000000
202306,gasly,alpine,PUBLIC_DERIVED,7,7,6.000000,78,Finished,1,0.000000
202306,sainz,ferrari,PUBLIC_DERIVED,4,8,4.000000,78,Finished,1,-4.000000
202306,norris,mclaren,PUBLIC_DERIVED,10,9,2.000000,77,Lapped,1,1.000000
202306,piastri,mclaren,PUBLIC_DERIVED,11,10,1.000000,77,Lapped,1,1.000000
202306,bottas,alfa,PUBLIC_DERIVED,15,11,0.000000,77,Lapped,1,4.000000
202306,de_vries,alphatauri,PUBLIC_DERIVED,12,12,0.000000,77,Lapped,1,0.000000
202306,zhou,alfa,PUBLIC_DERIVED,19,13,0.000000,77,Lapped,1,6.000000
202306,albon,williams,PUBLIC_DERIVED,13,14,0.000000,77,Lapped,1,-1.000000
202306,tsunoda,alphatauri,PUBLIC_DERIVED,9,15,0.000000,76,Lapped,1,-6.000000
202306,perez,red_bull,PUBLIC_DERIVED,20,16,0.000000,76,Lapped,1,4.000000
202306,hulkenberg,haas,PUBLIC_DERIVED,18,17,0.000000,76,Lapped,1,1.000000
202306,sargeant,williams,PUBLIC_DERIVED,16,18,0.000000,76,Lapped,1,-2.000000
202306,kevin_magnussen,haas,PUBLIC_DERIVED,17,19,0.000000,70,Retired,0,
202306,stroll,aston_martin,PUBLIC_DERIVED,14,20,0.000000,53,Retired,0,
202307,max_verstappen,red_bull,PUBLIC_DERIVED,1,1,26.000000,66,Finished,1,0.000000
202307,hamilton,mercedes,PUBLIC_DERIVED,4,2,18.000000,66,Finished,1,2.000000
202307,russell,mercedes,PUBLIC_DERIVED,12,3,15.000000,66,Finished,1,9.000000
202307,perez,red_bull,PUBLIC_DERIVED,11,4,12.000000,66,Finished,1,7.000000
202307,sainz,ferrari,PUBLIC_DERIVED,2,5,10.000000,66,Finished,1,-3.000000
202307,stroll,aston_martin,PUBLIC_DERIVED,5,6,8.000000,66,Finished,1,-1.000000
202307,alonso,aston_martin,PUBLIC_DERIVED,8,7,6.000000,66,Finished,1,1.000000
202307,ocon,alpine,PUBLIC_DERIVED,6,8,4.000000,66,Finished,1,-2.000000
202307,zhou,alfa,PUBLIC_DERIVED,13,9,2.000000,66,Finished,1,4.000000
202307,gasly,alpine,PUBLIC_DERIVED,10,10,1.000000,66,Finished,1,0.000000
202307,leclerc,ferrari,PUBLIC_DERIVED,19,11,0.000000,66,Finished,1,8.000000
202307,tsunoda,alphatauri,PUBLIC_DERIVED,15,12,0.000000,66,Finished,1,3.000000
202307,piastri,mclaren,PUBLIC_DERIVED,9,13,0.000000,65,Lapped,1,-4.000000
202307,de_vries,alphatauri,PUBLIC_DERIVED,14,14,0.000000,65,Lapped,1,0.000000
202307,hulkenberg,haas,PUBLIC_DERIVED,7,15,0.000000,65,Lapped,1,-8.000000
202307,albon,williams,PUBLIC_DERIVED,18,16,0.000000,65,Lapped,1,2.000000
202307,norris,mclaren,PUBLIC_DERIVED,3,17,0.000000,65,Lapped,1,-14.000000
202307,kevin_magnussen,haas,PUBLIC_DERIVED,17,18,0.000000,65,Lapped,1,-1.000000
202307,bottas,alfa,PUBLIC_DERIVED,16,19,0.000000,65,Lapped,1,-3.000000
202307,sargeant,williams,PUBLIC_DERIVED,20,20,0.000000,65,Lapped,1,0.000000
202308,max_verstappen,red_bull,PUBLIC_DERIVED,1,1,25.000000,70,Finished,1,0.000000
202308,alonso,aston_martin,PUBLIC_DERIVED,2,2,18.000000,70,Finished,1,0.000000
202308,hamilton,mercedes,PUBLIC_DERIVED,3,3,15.000000,70,Finished,1,0.000000
202308,leclerc,ferrari,PUBLIC_DERIVED,10,4,12.000000,70,Finished,1,6.000000
202308,sainz,ferrari,PUBLIC_DERIVED,11,5,10.000000,70,Finished,1,6.000000
202308,perez,red_bull,PUBLIC_DERIVED,12,6,9.000000,70,Finished,1,6.000000
202308,albon,williams,PUBLIC_DERIVED,9,7,6.000000,70,Finished,1,2.000000
202308,ocon,alpine,PUBLIC_DERIVED,6,8,4.000000,70,Finished,1,-2.000000
202308,stroll,aston_martin,PUBLIC_DERIVED,16,9,2.000000,70,Finished,1,7.000000
202308,bottas,alfa,PUBLIC_DERIVED,14,10,1.000000,70,Finished,1,4.000000
202308,piastri,mclaren,PUBLIC_DERIVED,8,11,0.000000,70,Finished,1,-3.000000
202308,gasly,alpine,PUBLIC_DERIVED,15,12,0.000000,70,Finished,1,3.000000
202308,norris,mclaren,PUBLIC_DERIVED,7,13,0.000000,70,Finished,1,-6.000000
202308,tsunoda,alphatauri,PUBLIC_DERIVED,19,14,0.000000,70,Finished,1,5.000000
202308,hulkenberg,haas,PUBLIC_DERIVED,5,15,0.000000,69,Lapped,1,-10.000000
202308,zhou,alfa,PUBLIC_DERIVED,20,16,0.000000,69,Lapped,1,4.000000
202308,kevin_magnussen,haas,PUBLIC_DERIVED,13,17,0.000000,69,Lapped,1,-4.000000
202308,de_vries,alphatauri,PUBLIC_DERIVED,17,18,0.000000,69,Lapped,1,-1.000000
202308,russell,mercedes,PUBLIC_DERIVED,4,19,0.000000,53,Retired,0,
202308,sargeant,williams,PUBLIC_DERIVED,18,20,0.000000,6,Retired,0,
202309,max_verstappen,red_bull,PUBLIC_DERIVED,1,1,26.000000,71,Finished,1,0.000000
202309,leclerc,ferrari,PUBLIC_DERIVED,2,2,18.000000,71,Finished,1,0.000000
202309,perez,red_bull,PUBLIC_DERIVED,15,3,15.000000,71,Finished,1,12.000000
202309,norris,mclaren,PUBLIC_DERIVED,4,4,12.000000,71,Finished,1,0.000000
202309,alonso,aston_martin,PUBLIC_DERIVED,7,5,10.000000,71,Finished,1,2.000000
202309,sainz,ferrari,PUBLIC_DERIVED,3,6,8.000000,71,Finished,1,-3.000000
202309,russell,mercedes,PUBLIC_DERIVED,11,7,6.000000,71,Finished,1,4.000000
202309,hamilton,mercedes,PUBLIC_DERIVED,5,8,4.000000,71,Finished,1,-3.000000
202309,stroll,aston_martin,PUBLIC_DERIVED,6,9,2.000000,71,Finished,1,-3.000000
202309,gasly,alpine,PUBLIC_DERIVED,9,10,1.000000,71,Finished,1,-1.000000
202309,albon,williams,PUBLIC_DERIVED,10,11,0.000000,71,Finished,1,-1.000000
202309,zhou,alfa,PUBLIC_DERIVED,17,12,0.000000,70,Lapped,1,5.000000
202309,sargeant,williams,PUBLIC_DERIVED,18,13,0.000000,70,Lapped,1,5.000000
202309,ocon,alpine,PUBLIC_DERIVED,12,14,0.000000,70,Lapped,1,-2.000000
202309,bottas,alfa,PUBLIC_DERIVED,14,15,0.000000,70,Lapped,1,-1.000000
202309,piastri,mclaren,PUBLIC_DERIVED,13,16,0.000000,70,Lapped,1,-3.000000
202309,de_vries,alphatauri,PUBLIC_DERIVED,20,17,0.000000,70,Lapped,1,3.000000
202309,kevin_magnussen,haas,PUBLIC_DERIVED,19,18,0.000000,70,Lapped,1,1.000000
202309,tsunoda,alphatauri,PUBLIC_DERIVED,16,19,0.000000,70,Lapped,1,-3.000000
202309,hulkenberg,haas,PUBLIC_DERIVED,8,20,0.000000,12,Retired,0,
202310,max_verstappen,red_bull,PUBLIC_DERIVED,1,1,26.000000,52,Finished,1,0.000000
202310,norris,mclaren,PUBLIC_DERIVED,2,2,18.000000,52,Finished,1,0.000000
202310,hamilton,mercedes,PUBLIC_DERIVED,7,3,15.000000,52,Finished,1,4.000000
202310,piastri,mclaren,PUBLIC_DERIVED,3,4,12.000000,52,Finished,1,-1.000000
202310,russell,mercedes,PUBLIC_DERIVED,6,5,10.000000,52,Finished,1,1.000000
202310,perez,red_bull,PUBLIC_DERIVED,15,6,8.000000,52,Finished,1,9.000000
202310,alonso,aston_martin,PUBLIC_DERIVED,9,7,6.000000,52,Finished,1,2.000000
202310,albon,williams,PUBLIC_DERIVED,8,8,4.000000,52,Finished,1,0.000000
202310,leclerc,ferrari,PUBLIC_DERIVED,4,9,2.000000,52,Finished,1,-5.000000
202310,sainz,ferrari,PUBLIC_DERIVED,5,10,1.000000,52,Finished,1,-5.000000
202310,sargeant,williams,PUBLIC_DERIVED,14,11,0.000000,52,Finished,1,3.000000
202310,bottas,alfa,PUBLIC_DERIVED,20,12,0.000000,52,Finished,1,8.000000
202310,hulkenberg,haas,PUBLIC_DERIVED,11,13,0.000000,52,Finished,1,-2.000000
202310,stroll,aston_martin,PUBLIC_DERIVED,12,14,0.000000,52,Finished,1,-2.000000
202310,zhou,alfa,PUBLIC_DERIVED,17,15,0.000000,52,Finished,1,2.000000
202310,tsunoda,alphatauri,PUBLIC_DERIVED,16,16,0.000000,52,Finished,1,0.000000
202310,de_vries,alphatauri,PUBLIC_DERIVED,18,17,0.000000,52,Finished,1,1.000000
202310,gasly,alpine,PUBLIC_DERIVED,10,18,0.000000,46,Retired,0,
202310,kevin_magnussen,haas,PUBLIC_DERIVED,19,19,0.000000,31,Retired,0,
202310,ocon,alpine,PUBLIC_DERIVED,13,20,0.000000,9,Retired,0,
202311,max_verstappen,red_bull,PUBLIC_DERIVED,2,1,26.000000,70,Finished,1,1.000000
202311,norris,mclaren,PUBLIC_DERIVED,3,2,18.000000,70,Finished,1,1.000000
202311,perez,red_bull,PUBLIC_DERIVED,9,3,15.000000,70,Finished,1,6.000000
202311,hamilton,mercedes,PUBLIC_DERIVED,1,4,12.000000,70,Finished,1,-3.000000
202311,piastri,mclaren,PUBLIC_DERIVED,4,5,10.000000,70,Finished,1,-1.000000
202311,russell,mercedes,PUBLIC_DERIVED,18,6,8.000000,70,Finished,1,12.000000
202311,leclerc,ferrari,PUBLIC_DERIVED,6,7,6.000000,70,Finished,1,-1.000000
202311,sainz,ferrari,PUBLIC_DERIVED,11,8,4.000000,70,Finished,1,3.000000
202311,alonso,aston_martin,PUBLIC_DERIVED,8,9,2.000000,70,Finished,1,-1.000000
202311,stroll,aston_martin,PUBLIC_DERIVED,14,10,1.000000,69,Lapped,1,4.000000
202311,albon,williams,PUBLIC_DERIVED,16,11,0.000000,69,Lapped,1,5.000000
202311,bottas,alfa,PUBLIC_DERIVED,7,12,0.000000,69,Lapped,1,-5.000000
202311,ricciardo,alphatauri,PUBLIC_DERIVED,13,13,0.000000,69,Lapped,1,0.000000
202311,hulkenberg,haas,PUBLIC_DERIVED,10,14,0.000000,69,Lapped,1,-4.000000
202311,tsunoda,alphatauri,PUBLIC_DERIVED,17,15,0.000000,69,Lapped,1,2.000000
202311,zhou,alfa,PUBLIC_DERIVED,5,16,0.000000,69,Lapped,1,-11.000000
202311,kevin_magnussen,haas,PUBLIC_DERIVED,19,17,0.000000,69,Lapped,1,2.000000
202311,sargeant,williams,PUBLIC_DERIVED,20,18,0.000000,67,Retired,0,
202311,ocon,alpine,PUBLIC_DERIVED,12,19,0.000000,2,Retired,0,
202311,gasly,alpine,PUBLIC_DERIVED,15,20,0.000000,1,Retired,0,
202312,max_verstappen,red_bull,PUBLIC_DERIVED,6,1,25.000000,44,Finished,1,5.000000
202312,perez,red_bull,PUBLIC_DERIVED,2,2,18.000000,44,Finished,1,0.000000
202312,leclerc,ferrari,PUBLIC_DERIVED,1,3,15.000000,44,Finished,1,-2.000000
202312,hamilton,mercedes,PUBLIC_DERIVED,3,4,13.000000,44,Finished,1,-1.000000
202312,alonso,aston_martin,PUBLIC_DERIVED,9,5,10.000000,44,Finished,1,4.000000
202312,russell,mercedes,PUBLIC_DERIVED,8,6,8.000000,44,Finished,1,2.000000
202312,norris,mclaren,PUBLIC_DERIVED,7,7,6.000000,44,Finished,1,0.000000
202312,ocon,alpine,PUBLIC_DERIVED,14,8,4.000000,44,Finished,1,6.000000
202312,stroll,aston_martin,PUBLIC_DERIVED,10,9,2.000000,44,Finished,1,1.000000
202312,tsunoda,alphatauri,PUBLIC_DERIVED,11,10,1.000000,44,Finished,1,1.000000
202312,gasly,alpine,PUBLIC_DERIVED,12,11,0.000000,44,Finished,1,1.000000
202312,bottas,alfa,PUBLIC_DERIVED,13,12,0.000000,44,Finished,1,1.000000
202312,zhou,alfa,PUBLIC_DERIVED,17,13,0.000000,44,Finished,1,4.000000
202312,albon,williams,PUBLIC_DERIVED,15,14,0.000000,44,Finished,1,1.000000
202312,kevin_magnussen,haas,PUBLIC_DERIVED,16,15,0.000000,44,Finished,1,1.000000
202312,ricciardo,alphatauri,PUBLIC_DERIVED,19,16,0.000000,44,Finished,1,3.000000
202312,sargeant,williams,PUBLIC_DERIVED,18,17,0.000000,44,Finished,1,1.000000
202312,hulkenberg,haas,PUBLIC_DERIVED,20,18,0.000000,44,Finished,1,2.000000
202312,sainz,ferrari,PUBLIC_DERIVED,4,19,0.000000,23,Retired,0,
202312,piastri,mclaren,PUBLIC_DERIVED,5,20,0.000000,0,Retired,0,
202313,max_verstappen,red_bull,PUBLIC_DERIVED,1,1,25.000000,72,Finished,1,0.000000
202313,alonso,aston_martin,PUBLIC_DERIVED,5,2,19.000000,72,Finished,1,3.000000
202313,gasly,alpine,PUBLIC_DERIVED,12,3,15.000000,72,Finished,1,9.000000
202313,perez,red_bull,PUBLIC_DERIVED,7,4,12.000000,72,Finished,1,3.000000
202313,sainz,ferrari,PUBLIC_DERIVED,6,5,10.000000,72,Finished,1,1.000000
202313,hamilton,mercedes,PUBLIC_DERIVED,13,6,8.000000,72,Finished,1,7.000000
202313,norris,mclaren,PUBLIC_DERIVED,2,7,6.000000,72,Finished,1,-5.000000
202313,albon,williams,PUBLIC_DERIVED,4,8,4.000000,72,Finished,1,-4.000000
202313,piastri,mclaren,PUBLIC_DERIVED,8,9,2.000000,72,Finished,1,-1.000000
202313,ocon,alpine,PUBLIC_DERIVED,16,10,1.000000,72,Finished,1,6.000000
202313,stroll,aston_martin,PUBLIC_DERIVED,11,11,0.000000,72,Finished,1,0.000000
202313,hulkenberg,haas,PUBLIC_DERIVED,14,12,0.000000,72,Finished,1,2.000000
202313,lawson,alphatauri,PUBLIC_DERIVED,19,13,0.000000,72,Finished,1,6.000000
202313,bottas,alfa,PUBLIC_DERIVED,18,14,0.000000,72,Finished,1,4.000000
202313,tsunoda,alphatauri,PUBLIC_DERIVED,17,15,0.000000,72,Finished,1,2.000000
202313,kevin_magnussen,haas,PUBLIC_DERIVED,0,16,0.000000,72,Finished,1,
202313,russell,mercedes,PUBLIC_DERIVED,3,17,0.000000,72,Finished,1,-14.000000
202313,zhou,alfa,PUBLIC_DERIVED,15,18,0.000000,62,Accident,0,
202313,leclerc,ferrari,PUBLIC_DERIVED,9,19,0.000000,41,Undertray,0,
202313,sargeant,williams,PUBLIC_DERIVED,10,20,0.000000,14,Accident,0,
202314,max_verstappen,red_bull,PUBLIC_DERIVED,2,1,25.000000,51,Finished,1,1.000000
202314,perez,red_bull,PUBLIC_DERIVED,5,2,18.000000,51,Finished,1,3.000000
202314,sainz,ferrari,PUBLIC_DERIVED,1,3,15.000000,51,Finished,1,-2.000000
202314,leclerc,ferrari,PUBLIC_DERIVED,3,4,12.000000,51,Finished,1,-1.000000
202314,russell,mercedes,PUBLIC_DERIVED,4,5,10.000000,51,Finished,1,-1.000000
202314,hamilton,mercedes,PUBLIC_DERIVED,8,6,8.000000,51,Finished,1,2.000000
202314,albon,williams,PUBLIC_DERIVED,6,7,6.000000,51,Finished,1,-1.000000
202314,norris,mclaren,PUBLIC_DERIVED,9,8,4.000000,51,Finished,1,1.000000
202314,alonso,aston_martin,PUBLIC_DERIVED,10,9,2.000000,51,Finished,1,1.000000
202314,bottas,alfa,PUBLIC_DERIVED,14,10,1.000000,51,Finished,1,4.000000
202314,lawson,alphatauri,PUBLIC_DERIVED,12,11,0.000000,51,Finished,1,1.000000
202314,piastri,mclaren,PUBLIC_DERIVED,7,12,0.000000,51,Finished,1,-5.000000
202314,sargeant,williams,PUBLIC_DERIVED,15,13,0.000000,51,Finished,1,2.000000
202314,zhou,alfa,PUBLIC_DERIVED,16,14,0.000000,51,Finished,1,2.000000
202314,gasly,alpine,PUBLIC_DERIVED,17,15,0.000000,51,Finished,1,2.000000
202314,stroll,aston_martin,PUBLIC_DERIVED,20,16,0.000000,51,Finished,1,4.000000
202314,hulkenberg,haas,PUBLIC_DERIVED,13,17,0.000000,50,Lapped,1,-4.000000
202314,kevin_magnussen,haas,PUBLIC_DERIVED,19,18,0.000000,50,Lapped,1,1.000000
202314,ocon,alpine,PUBLIC_DERIVED,18,19,0.000000,39,Retired,0,
202314,tsunoda,alphatauri,PUBLIC_DERIVED,11,20,0.000000,0,Did not start,0,
202315,sainz,ferrari,PUBLIC_DERIVED,1,1,25.000000,62,Finished,1,0.000000
202315,norris,mclaren,PUBLIC_DERIVED,4,2,18.000000,62,Finished,1,2.000000
202315,hamilton,mercedes,PUBLIC_DERIVED,5,3,16.000000,62,Finished,1,2.000000
202315,leclerc,ferrari,PUBLIC_DERIVED,3,4,12.000000,62,Finished,1,-1.000000
202315,max_verstappen,red_bull,PUBLIC_DERIVED,11,5,10.000000,62,Finished,1,6.000000
202315,gasly,alpine,PUBLIC_DERIVED,12,6,8.000000,62,Finished,1,6.000000
202315,piastri,mclaren,PUBLIC_DERIVED,17,7,6.000000,62,Finished,1,10.000000
202315,perez,red_bull,PUBLIC_DERIVED,13,8,4.000000,62,Finished,1,5.000000
202315,lawson,alphatauri,PUBLIC_DERIVED,10,9,2.000000,62,Finished,1,1.000000
202315,kevin_magnussen,haas,PUBLIC_DERIVED,6,10,1.000000,62,Finished,1,-4.000000
202315,albon,williams,PUBLIC_DERIVED,14,11,0.000000,62,Finished,1,3.000000
202315,zhou,alfa,PUBLIC_DERIVED,19,12,0.000000,62,Finished,1,7.000000
202315,hulkenberg,haas,PUBLIC_DERIVED,9,13,0.000000,62,Finished,1,-4.000000
202315,sargeant,williams,PUBLIC_DERIVED,18,14,0.000000,62,Finished,1,4.000000
202315,alonso,aston_martin,PUBLIC_DERIVED,7,15,0.000000,62,Finished,1,-8.000000
202315,russell,mercedes,PUBLIC_DERIVED,2,16,0.000000,61,Retired,0,
202315,bottas,alfa,PUBLIC_DERIVED,16,17,0.000000,51,Retired,0,
202315,ocon,alpine,PUBLIC_DERIVED,8,18,0.000000,42,Retired,0,
202315,tsunoda,alphatauri,PUBLIC_DERIVED,15,19,0.000000,0,Retired,0,
202315,stroll,aston_martin,PUBLIC_DERIVED,0,20,0.000000,0,Withdrew,0,
202316,max_verstappen,red_bull,PUBLIC_DERIVED,1,1,26.000000,53,Finished,1,0.000000
202316,norris,mclaren,PUBLIC_DERIVED,3,2,18.000000,53,Finished,1,1.000000
202316,piastri,mclaren,PUBLIC_DERIVED,2,3,15.000000,53,Finished,1,-1.000000
202316,leclerc,ferrari,PUBLIC_DERIVED,4,4,12.000000,53,Finished,1,0.000000
202316,hamilton,mercedes,PUBLIC_DERIVED,7,5,10.000000,53,Finished,1,2.000000
202316,sainz,ferrari,PUBLIC_DERIVED,6,6,8.000000,53,Finished,1,0.000000
202316,russell,mercedes,PUBLIC_DERIVED,8,7,6.000000,53,Finished,1,1.000000
202316,alonso,aston_martin,PUBLIC_DERIVED,10,8,4.000000,53,Finished,1,2.000000
202316,ocon,alpine,PUBLIC_DERIVED,14,9,2.000000,53,Finished,1,5.000000
202316,gasly,alpine,PUBLIC_DERIVED,12,10,1.000000,53,Finished,1,2.000000
202316,lawson,alphatauri,PUBLIC_DERIVED,11,11,0.000000,52,Lapped,1,0.000000
202316,tsunoda,alphatauri,PUBLIC_DERIVED,9,12,0.000000,52,Lapped,1,-3.000000
202316,zhou,alfa,PUBLIC_DERIVED,19,13,0.000000,52,Lapped,1,6.000000
202316,hulkenberg,haas,PUBLIC_DERIVED,18,14,0.000000,52,Lapped,1,4.000000
202316,kevin_magnussen,haas,PUBLIC_DERIVED,15,15,0.000000,52,Lapped,1,0.000000
202316,albon,williams,PUBLIC_DERIVED,13,16,0.000000,26,Retired,0,
202316,sargeant,williams,PUBLIC_DERIVED,20,17,0.000000,22,Retired,0,
202316,stroll,aston_martin,PUBLIC_DERIVED,17,18,0.000000,20,Retired,0,
202316,perez,red_bull,PUBLIC_DERIVED,5,19,0.000000,15,Retired,0,
202316,bottas,alfa,PUBLIC_DERIVED,16,20,0.000000,7,Retired,0,
202317,max_verstappen,red_bull,PUBLIC_DERIVED,1,1,26.000000,57,Finished,1,0.000000
202317,piastri,mclaren,PUBLIC_DERIVED,6,2,18.000000,57,Finished,1,4.000000
202317,norris,mclaren,PUBLIC_DERIVED,10,3,15.000000,57,Finished,1,7.000000
202317,russell,mercedes,PUBLIC_DERIVED,2,4,12.000000,57,Finished,1,-2.000000
202317,leclerc,ferrari,PUBLIC_DERIVED,5,5,10.000000,57,Finished,1,0.000000
202317,alonso,aston_martin,PUBLIC_DERIVED,4,6,8.000000,57,Finished,1,-2.000000
202317,ocon,alpine,PUBLIC_DERIVED,8,7,6.000000,57,Finished,1,1.000000
202317,bottas,alfa,PUBLIC_DERIVED,9,8,4.000000,57,Finished,1,1.000000
202317,zhou,alfa,PUBLIC_DERIVED,19,9,2.000000,57,Finished,1,10.000000
202317,perez,red_bull,PUBLIC_DERIVED,20,10,1.000000,57,Finished,1,10.000000
202317,stroll,aston_martin,PUBLIC_DERIVED,16,11,0.000000,57,Finished,1,5.000000
202317,gasly,alpine,PUBLIC_DERIVED,7,12,0.000000,57,Finished,1,-5.000000
202317,albon,williams,PUBLIC_DERIVED,13,13,0.000000,57,Finished,1,0.000000
202317,kevin_magnussen,haas,PUBLIC_DERIVED,18,14,0.000000,56,Lapped,1,4.000000
202317,tsunoda,alphatauri,PUBLIC_DERIVED,11,15,0.000000,56,Lapped,1,-4.000000
202317,hulkenberg,haas,PUBLIC_DERIVED,14,16,0.000000,56,Lapped,1,-2.000000
202317,lawson,alphatauri,PUBLIC_DERIVED,17,17,0.000000,56,Lapped,1,0.000000
202317,sargeant,williams,PUBLIC_DERIVED,15,18,0.000000,40,Retired,0,
202317,hamilton,mercedes,PUBLIC_DERIVED,3,19,0.000000,0,Retired,0,
202317,sainz,ferrari,PUBLIC_DERIVED,12,20,0.000000,0,Did not start,0,
202318,max_verstappen,red_bull,PUBLIC_DERIVED,6,1,25.000000,56,Finished,1,5.000000
202318,norris,mclaren,PUBLIC_DERIVED,2,2,18.000000,56,Finished,1,0.000000
202318,sainz,ferrari,PUBLIC_DERIVED,4,3,15.000000,56,Finished,1,1.000000
202318,perez,red_bull,PUBLIC_DERIVED,9,4,12.000000,56,Finished,1,5.000000
202318,russell,mercedes,PUBLIC_DERIVED,5,5,10.000000,56,Finished,1,0.000000
202318,gasly,alpine,PUBLIC_DERIVED,7,6,8.000000,56,Finished,1,1.000000
202318,stroll,aston_martin,PUBLIC_DERIVED,20,7,6.000000,56,Finished,1,13.000000
202318,tsunoda,alphatauri,PUBLIC_DERIVED,11,8,5.000000,56,Finished,1,3.000000
202318,albon,williams,PUBLIC_DERIVED,15,9,2.000000,56,Finished,1,6.000000
202318,sargeant,williams,PUBLIC_DERIVED,16,10,1.000000,56,Finished,1,6.000000
202318,hulkenberg,haas,PUBLIC_DERIVED,18,11,0.000000,56,Finished,1,7.000000
202318,bottas,alfa,PUBLIC_DERIVED,13,12,0.000000,56,Finished,1,1.000000
202318,zhou,alfa,PUBLIC_DERIVED,12,13,0.000000,55,Lapped,1,-1.000000
202318,kevin_magnussen,haas,PUBLIC_DERIVED,17,14,0.000000,55,Lapped,1,3.000000
202318,ricciardo,alphatauri,PUBLIC_DERIVED,14,15,0.000000,55,Lapped,1,-1.000000
202318,alonso,aston_martin,PUBLIC_DERIVED,19,16,0.000000,49,Retired,0,
202318,piastri,mclaren,PUBLIC_DERIVED,10,17,0.000000,10,Retired,0,
202318,ocon,alpine,PUBLIC_DERIVED,8,18,0.000000,6,Retired,0,
202318,hamilton,mercedes,PUBLIC_DERIVED,3,19,0.000000,56,Disqualified,0,
202318,leclerc,ferrari,PUBLIC_DERIVED,1,20,0.000000,56,Disqualified,0,
202319,max_verstappen,red_bull,PUBLIC_DERIVED,3,1,25.000000,71,Finished,1,2.000000
202319,hamilton,mercedes,PUBLIC_DERIVED,6,2,19.000000,71,Finished,1,4.000000
202319,leclerc,ferrari,PUBLIC_DERIVED,1,3,15.000000,71,Finished,1,-2.000000
202319,sainz,ferrari,PUBLIC_DERIVED,2,4,12.000000,71,Finished,1,-2.000000
202319,norris,mclaren,PUBLIC_DERIVED,17,5,10.000000,71,Finished,1,12.000000
202319,russell,mercedes,PUBLIC_DERIVED,8,6,8.000000,71,Finished,1,2.000000
202319,ricciardo,alphatauri,PUBLIC_DERIVED,4,7,6.000000,71,Finished,1,-3.000000
202319,piastri,mclaren,PUBLIC_DERIVED,7,8,4.000000,71,Finished,1,-1.000000
202319,albon,williams,PUBLIC_DERIVED,14,9,2.000000,71,Finished,1,5.000000
202319,ocon,alpine,PUBLIC_DERIVED,15,10,1.000000,71,Finished,1,5.000000
202319,gasly,alpine,PUBLIC_DERIVED,11,11,0.000000,71,Finished,1,0.000000
202319,tsunoda,alphatauri,PUBLIC_DERIVED,18,12,0.000000,71,Finished,1,6.000000
202319,hulkenberg,haas,PUBLIC_DERIVED,12,13,0.000000,71,Finished,1,-1.000000
202319,zhou,alfa,PUBLIC_DERIVED,10,14,0.000000,71,Finished,1,-4.000000
202319,bottas,alfa,PUBLIC_DERIVED,9,15,0.000000,71,Finished,1,-6.000000
202319,sargeant,williams,PUBLIC_DERIVED,19,16,0.000000,70,Retired,0,
202319,stroll,aston_martin,PUBLIC_DERIVED,0,17,0.000000,66,Collision damage,0,
202319,alonso,aston_martin,PUBLIC_DERIVED,13,18,0.000000,47,Withdrew,0,
202319,kevin_magnussen,haas,PUBLIC_DERIVED,16,19,0.000000,31,Accident,0,
202319,perez,red_bull,PUBLIC_DERIVED,5,20,0.000000,1,Collision damage,0,
202320,max_verstappen,red_bull,PUBLIC_DERIVED,1,1,25.000000,71,Finished,1,0.000000
202320,norris,mclaren,PUBLIC_DERIVED,6,2,19.000000,71,Finished,1,4.000000
202320,alonso,aston_martin,PUBLIC_DERIVED,4,3,15.000000,71,Finished,1,1.000000
202320,perez,red_bull,PUBLIC_DERIVED,9,4,12.000000,71,Finished,1,5.000000
202320,stroll,aston_martin,PUBLIC_DERIVED,3,5,10.000000,71,Finished,1,-2.000000
202320,sainz,ferrari,PUBLIC_DERIVED,7,6,8.000000,71,Finished,1,1.000000
202320,gasly,alpine,PUBLIC_DERIVED,15,7,6.000000,71,Finished,1,8.000000
202320,hamilton,mercedes,PUBLIC_DERIVED,5,8,4.000000,71,Finished,1,-3.000000
202320,tsunoda,alphatauri,PUBLIC_DERIVED,16,9,2.000000,71,Finished,1,7.000000
202320,ocon,alpine,PUBLIC_DERIVED,14,10,1.000000,70,Lapped,1,4.000000
202320,sargeant,williams,PUBLIC_DERIVED,19,11,0.000000,70,Lapped,1,8.000000
202320,hulkenberg,haas,PUBLIC_DERIVED,11,12,0.000000,70,Lapped,1,-1.000000
202320,ricciardo,alphatauri,PUBLIC_DERIVED,17,13,0.000000,70,Lapped,1,4.000000
202320,piastri,mclaren,PUBLIC_DERIVED,10,14,0.000000,69,Lapped,1,-4.000000
202320,russell,mercedes,PUBLIC_DERIVED,8,15,0.000000,57,Retired,0,
202320,bottas,alfa,PUBLIC_DERIVED,18,16,0.000000,39,Retired,0,
202320,zhou,alfa,PUBLIC_DERIVED,20,17,0.000000,22,Retired,0,
202320,kevin_magnussen,haas,PUBLIC_DERIVED,12,18,0.000000,0,Retired,0,
202320,albon,williams,PUBLIC_DERIVED,13,19,0.000000,0,Retired,0,
202320,leclerc,ferrari,PUBLIC_DERIVED,2,20,0.000000,0,Did not start,0,
202321,max_verstappen,red_bull,PUBLIC_DERIVED,2,1,25.000000,50,Finished,1,1.000000
202321,leclerc,ferrari,PUBLIC_DERIVED,1,2,18.000000,50,Finished,1,-1.000000
202321,perez,red_bull,PUBLIC_DERIVED,11,3,15.000000,50,Finished,1,8.000000
202321,ocon,alpine,PUBLIC_DERIVED,16,4,12.000000,50,Finished,1,12.000000
202321,stroll,aston_martin,PUBLIC_DERIVED,19,5,10.000000,50,Finished,1,14.000000
202321,sainz,ferrari,PUBLIC_DERIVED,12,6,8.000000,50,Finished,1,6.000000
202321,hamilton,mercedes,PUBLIC_DERIVED,10,7,6.000000,50,Finished,1,3.000000
202321,russell,mercedes,PUBLIC_DERIVED,3,8,4.000000,50,Finished,1,-5.000000
202321,alonso,aston_martin,PUBLIC_DERIVED,9,9,2.000000,50,Finished,1,0.000000
202321,piastri,mclaren,PUBLIC_DERIVED,18,10,2.000000,50,Finished,1,8.000000
202321,gasly,alpine,PUBLIC_DERIVED,4,11,0.000000,50,Finished,1,-7.000000
202321,albon,williams,PUBLIC_DERIVED,5,12,0.000000,50,Finished,1,-7.000000
202321,kevin_magnussen,haas,PUBLIC_DERIVED,8,13,0.000000,50,Finished,1,-5.000000
202321,ricciardo,alphatauri,PUBLIC_DERIVED,14,14,0.000000,50,Finished,1,0.000000
202321,zhou,alfa,PUBLIC_DERIVED,17,15,0.000000,50,Finished,1,2.000000
202321,sargeant,williams,PUBLIC_DERIVED,6,16,0.000000,50,Finished,1,-10.000000
202321,bottas,alfa,PUBLIC_DERIVED,7,17,0.000000,50,Finished,1,-10.000000
202321,tsunoda,alphatauri,PUBLIC_DERIVED,20,18,0.000000,46,Retired,0,
202321,hulkenberg,haas,PUBLIC_DERIVED,13,19,0.000000,45,Retired,0,
202321,norris,mclaren,PUBLIC_DERIVED,15,20,0.000000,2,Retired,0,
202322,max_verstappen,red_bull,PUBLIC_DERIVED,1,1,26.000000,58,Finished,1,0.000000
202322,leclerc,ferrari,PUBLIC_DERIVED,2,2,18.000000,58,Finished,1,0.000000
202322,russell,mercedes,PUBLIC_DERIVED,4,3,15.000000,58,Finished,1,1.000000
202322,perez,red_bull,PUBLIC_DERIVED,9,4,12.000000,58,Finished,1,5.000000
202322,norris,mclaren,PUBLIC_DERIVED,5,5,10.000000,58,Finished,1,0.000000
202322,piastri,mclaren,PUBLIC_DERIVED,3,6,8.000000,58,Finished,1,-3.000000
202322,alonso,aston_martin,PUBLIC_DERIVED,7,7,6.000000,58,Finished,1,0.000000
202322,tsunoda,alphatauri,PUBLIC_DERIVED,6,8,4.000000,58,Finished,1,-2.000000
202322,hamilton,mercedes,PUBLIC_DERIVED,11,9,2.000000,58,Finished,1,2.000000
202322,stroll,aston_martin,PUBLIC_DERIVED,13,10,1.000000,58,Finished,1,3.000000
202322,ricciardo,alphatauri,PUBLIC_DERIVED,15,11,0.000000,58,Finished,1,4.000000
202322,ocon,alpine,PUBLIC_DERIVED,12,12,0.000000,58,Finished,1,0.000000
202322,gasly,alpine,PUBLIC_DERIVED,10,13,0.000000,58,Finished,1,-3.000000
202322,albon,williams,PUBLIC_DERIVED,14,14,0.000000,58,Finished,1,0.000000
202322,hulkenberg,haas,PUBLIC_DERIVED,8,15,0.000000,58,Finished,1,-7.000000
202322,sargeant,williams,PUBLIC_DERIVED,20,16,0.000000,58,Finished,1,4.000000
202322,zhou,alfa,PUBLIC_DERIVED,19,17,0.000000,58,Finished,1,2.000000
202322,sainz,ferrari,PUBLIC_DERIVED,16,18,0.000000,57,Retired,0,
202322,bottas,alfa,PUBLIC_DERIVED,18,19,0.000000,57,Lapped,1,-1.000000
202322,kevin_magnussen,haas,PUBLIC_DERIVED,17,20,0.000000,57,Lapped,1,-3.000000
202401,max_verstappen,red_bull,PUBLIC_DERIVED,1,1,26.000000,57,Finished,1,0.000000
202401,perez,red_bull,PUBLIC_DERIVED,5,2,18.000000,57,Finished,1,3.000000
202401,sainz,ferrari,PUBLIC_DERIVED,4,3,15.000000,57,Finished,1,1.000000
202401,leclerc,ferrari,PUBLIC_DERIVED,2,4,12.000000,57,Finished,1,-2.000000
202401,russell,mercedes,PUBLIC_DERIVED,3,5,10.000000,57,Finished,1,-2.000000
202401,norris,mclaren,PUBLIC_DERIVED,7,6,8.000000,57,Finished,1,1.000000
202401,hamilton,mercedes,PUBLIC_DERIVED,9,7,6.000000,57,Finished,1,2.000000
202401,piastri,mclaren,PUBLIC_DERIVED,8,8,4.000000,57,Finished,1,0.000000
202401,alonso,aston_martin,PUBLIC_DERIVED,6,9,2.000000,57,Finished,1,-3.000000
202401,stroll,aston_martin,PUBLIC_DERIVED,12,10,1.000000,57,Finished,1,2.000000
202401,zhou,sauber,PUBLIC_DERIVED,17,11,0.000000,56,Lapped,1,6.000000
202401,kevin_magnussen,haas,PUBLIC_DERIVED,15,12,0.000000,56,Lapped,1,3.000000
202401,ricciardo,rb,PUBLIC_DERIVED,14,13,0.000000,56,Lapped,1,1.000000
202401,tsunoda,rb,PUBLIC_DERIVED,11,14,0.000000,56,Lapped,1,-3.000000
202401,albon,williams,PUBLIC_DERIVED,13,15,0.000000,56,Lapped,1,-2.000000
202401,hulkenberg,haas,PUBLIC_DERIVED,10,16,0.000000,56,Lapped,1,-6.000000
202401,ocon,alpine,PUBLIC_DERIVED,19,17,0.000000,56,Lapped,1,2.000000
202401,gasly,alpine,PUBLIC_DERIVED,20,18,0.000000,56,Lapped,1,2.000000
202401,bottas,sauber,PUBLIC_DERIVED,16,19,0.000000,56,Lapped,1,-3.000000
202401,sargeant,williams,PUBLIC_DERIVED,18,20,0.000000,55,Lapped,1,-2.000000
202402,max_verstappen,red_bull,PUBLIC_DERIVED,1,1,25.000000,50,Finished,1,0.000000
202402,perez,red_bull,PUBLIC_DERIVED,3,2,18.000000,50,Finished,1,1.000000
202402,leclerc,ferrari,PUBLIC_DERIVED,2,3,16.000000,50,Finished,1,-1.000000
202402,piastri,mclaren,PUBLIC_DERIVED,5,4,12.000000,50,Finished,1,1.000000
202402,alonso,aston_martin,PUBLIC_DERIVED,4,5,10.000000,50,Finished,1,-1.000000
202402,russell,mercedes,PUBLIC_DERIVED,7,6,8.000000,50,Finished,1,1.000000
202402,bearman,ferrari,PUBLIC_DERIVED,11,7,6.000000,50,Finished,1,4.000000
202402,norris,mclaren,PUBLIC_DERIVED,6,8,4.000000,50,Finished,1,-2.000000
202402,hamilton,mercedes,PUBLIC_DERIVED,8,9,2.000000,50,Finished,1,-1.000000
202402,hulkenberg,haas,PUBLIC_DERIVED,15,10,1.000000,50,Finished,1,5.000000
202402,albon,williams,PUBLIC_DERIVED,12,11,0.000000,50,Finished,1,1.000000
202402,kevin_magnussen,haas,PUBLIC_DERIVED,13,12,0.000000,50,Finished,1,1.000000
202402,ocon,alpine,PUBLIC_DERIVED,17,13,0.000000,49,Lapped,1,4.000000
202402,sargeant,williams,PUBLIC_DERIVED,19,14,0.000000,49,Lapped,1,5.000000
202402,tsunoda,rb,PUBLIC_DERIVED,9,15,0.000000,49,Lapped,1,-6.000000
202402,ricciardo,rb,PUBLIC_DERIVED,14,16,0.000000,49,Lapped,1,-2.000000
202402,bottas,sauber,PUBLIC_DERIVED,16,17,0.000000,49,Lapped,1,-1.000000
202402,zhou,sauber,PUBLIC_DERIVED,20,18,0.000000,49,Lapped,1,2.000000
202402,stroll,aston_martin,PUBLIC_DERIVED,10,19,0.000000,5,Retired,0,
202402,gasly,alpine,PUBLIC_DERIVED,18,20,0.000000,1,Retired,0,
202403,sainz,ferrari,PUBLIC_DERIVED,2,1,25.000000,58,Finished,1,1.000000
202403,leclerc,ferrari,PUBLIC_DERIVED,4,2,19.000000,58,Finished,1,2.000000
202403,norris,mclaren,PUBLIC_DERIVED,3,3,15.000000,58,Finished,1,0.000000
202403,piastri,mclaren,PUBLIC_DERIVED,5,4,12.000000,58,Finished,1,1.000000
202403,perez,red_bull,PUBLIC_DERIVED,6,5,10.000000,58,Finished,1,1.000000
202403,stroll,aston_martin,PUBLIC_DERIVED,9,6,8.000000,58,Finished,1,3.000000
202403,tsunoda,rb,PUBLIC_DERIVED,8,7,6.000000,58,Finished,1,1.000000
202403,alonso,aston_martin,PUBLIC_DERIVED,10,8,4.000000,58,Finished,1,2.000000
202403,hulkenberg,haas,PUBLIC_DERIVED,16,9,2.000000,58,Finished,1,7.000000
202403,kevin_magnussen,haas,PUBLIC_DERIVED,14,10,1.000000,57,Lapped,1,4.000000
202403,albon,williams,PUBLIC_DERIVED,12,11,0.000000,57,Lapped,1,1.000000
202403,ricciardo,rb,PUBLIC_DERIVED,18,12,0.000000,57,Lapped,1,6.000000
202403,gasly,alpine,PUBLIC_DERIVED,17,13,0.000000,57,Lapped,1,4.000000
202403,bottas,sauber,PUBLIC_DERIVED,13,14,0.000000,57,Lapped,1,-1.000000
202403,zhou,sauber,PUBLIC_DERIVED,19,15,0.000000,57,Lapped,1,4.000000
202403,ocon,alpine,PUBLIC_DERIVED,15,16,0.000000,57,Lapped,1,-1.000000
202403,russell,mercedes,PUBLIC_DERIVED,7,17,0.000000,56,Retired,0,
202403,hamilton,mercedes,PUBLIC_DERIVED,11,18,0.000000,15,Retired,0,
202403,max_verstappen,red_bull,PUBLIC_DERIVED,1,19,0.000000,3,Retired,0,
202404,max_verstappen,red_bull,PUBLIC_DERIVED,1,1,26.000000,53,Finished,1,0.000000
202404,perez,red_bull,PUBLIC_DERIVED,2,2,18.000000,53,Finished,1,0.000000
202404,sainz,ferrari,PUBLIC_DERIVED,4,3,15.000000,53,Finished,1,1.000000
202404,leclerc,ferrari,PUBLIC_DERIVED,8,4,12.000000,53,Finished,1,4.000000
202404,norris,mclaren,PUBLIC_DERIVED,3,5,10.000000,53,Finished,1,-2.000000
202404,alonso,aston_martin,PUBLIC_DERIVED,5,6,8.000000,53,Finished,1,-1.000000
202404,russell,mercedes,PUBLIC_DERIVED,9,7,6.000000,53,Finished,1,2.000000
202404,piastri,mclaren,PUBLIC_DERIVED,6,8,4.000000,53,Finished,1,-2.000000
202404,hamilton,mercedes,PUBLIC_DERIVED,7,9,2.000000,53,Finished,1,-2.000000
202404,tsunoda,rb,PUBLIC_DERIVED,10,10,1.000000,52,Lapped,1,0.000000
202404,hulkenberg,haas,PUBLIC_DERIVED,12,11,0.000000,52,Lapped,1,1.000000
202404,stroll,aston_martin,PUBLIC_DERIVED,16,12,0.000000,52,Lapped,1,4.000000
202404,kevin_magnussen,haas,PUBLIC_DERIVED,18,13,0.000000,52,Lapped,1,5.000000
202404,bottas,sauber,PUBLIC_DERIVED,13,14,0.000000,52,Lapped,1,-1.000000
202404,ocon,alpine,PUBLIC_DERIVED,15,15,0.000000,52,Lapped,1,0.000000
202404,gasly,alpine,PUBLIC_DERIVED,17,16,0.000000,52,Lapped,1,1.000000
202404,sargeant,williams,PUBLIC_DERIVED,19,17,0.000000,52,Lapped,1,2.000000
202404,zhou,sauber,PUBLIC_DERIVED,20,18,0.000000,12,Retired,0,
202404,ricciardo,rb,PUBLIC_DERIVED,11,19,0.000000,0,Retired,0,
202404,albon,williams,PUBLIC_DERIVED,14,20,0.000000,0,Retired,0,
202405,max_verstappen,red_bull,PUBLIC_DERIVED,1,1,25.000000,56,Finished,1,0.000000
202405,norris,mclaren,PUBLIC_DERIVED,4,2,18.000000,56,Finished,1,2.000000
202405,perez,red_bull,PUBLIC_DERIVED,2,3,15.000000,56,Finished,1,-1.000000
202405,leclerc,ferrari,PUBLIC_DERIVED,6,4,12.000000,56,Finished,1,2.000000
202405,sainz,ferrari,PUBLIC_DERIVED,7,5,10.000000,56,Finished,1,2.000000
202405,russell,mercedes,PUBLIC_DERIVED,8,6,8.000000,56,Finished,1,2.000000
202405,alonso,aston_martin,PUBLIC_DERIVED,3,7,7.000000,56,Finished,1,-4.000000
202405,piastri,mclaren,PUBLIC_DERIVED,5,8,4.000000,56,Finished,1,-3.000000
202405,hamilton,mercedes,PUBLIC_DERIVED,18,9,2.000000,56,Finished,1,9.000000
202405,hulkenberg,haas,PUBLIC_DERIVED,9,10,1.000000,56,Finished,1,-1.000000
202405,ocon,alpine,PUBLIC_DERIVED,13,11,0.000000,56,Finished,1,2.000000
202405,albon,williams,PUBLIC_DERIVED,14,12,0.000000,56,Finished,1,2.000000
202405,gasly,alpine,PUBLIC_DERIVED,15,13,0.000000,56,Finished,1,2.000000
202405,zhou,sauber,PUBLIC_DERIVED,16,14,0.000000,56,Finished,1,2.000000
202405,stroll,aston_martin,PUBLIC_DERIVED,11,15,0.000000,56,Finished,1,-4.000000
202405,kevin_magnussen,haas,PUBLIC_DERIVED,17,16,0.000000,56,Finished,1,1.000000
202405,sargeant,williams,PUBLIC_DERIVED,20,17,0.000000,56,Finished,1,3.000000
202405,ricciardo,rb,PUBLIC_DERIVED,12,18,0.000000,33,Retired,0,
202405,tsunoda,rb,PUBLIC_DERIVED,19,19,0.000000,26,Retired,0,
202405,bottas,sauber,PUBLIC_DERIVED,10,20,0.000000,19,Retired,0,
202406,norris,mclaren,PUBLIC_DERIVED,5,1,25.000000,57,Finished,1,4.000000
202406,max_verstappen,red_bull,PUBLIC_DERIVED,1,2,18.000000,57,Finished,1,-1.000000
202406,leclerc,ferrari,PUBLIC_DERIVED,2,3,15.000000,57,Finished,1,-1.000000
202406,perez,red_bull,PUBLIC_DERIVED,4,4,12.000000,57,Finished,1,0.000000
202406,sainz,ferrari,PUBLIC_DERIVED,3,5,10.000000,57,Finished,1,-2.000000
202406,hamilton,mercedes,PUBLIC_DERIVED,8,6,8.000000,57,Finished,1,2.000000
202406,tsunoda,rb,PUBLIC_DERIVED,10,7,6.000000,57,Finished,1,3.000000
202406,russell,mercedes,PUBLIC_DERIVED,7,8,4.000000,57,Finished,1,-1.000000
202406,alonso,aston_martin,PUBLIC_DERIVED,15,9,2.000000,57,Finished,1,6.000000
202406,ocon,alpine,PUBLIC_DERIVED,13,10,1.000000,57,Finished,1,3.000000
202406,hulkenberg,haas,PUBLIC_DERIVED,9,11,0.000000,57,Finished,1,-2.000000
202406,gasly,alpine,PUBLIC_DERIVED,12,12,0.000000,57,Finished,1,0.000000
202406,piastri,mclaren,PUBLIC_DERIVED,6,13,0.000000,57,Finished,1,-7.000000
202406,zhou,sauber,PUBLIC_DERIVED,19,14,0.000000,57,Finished,1,5.000000
202406,ricciardo,rb,PUBLIC_DERIVED,20,15,0.000000,57,Finished,1,5.000000
202406,bottas,sauber,PUBLIC_DERIVED,16,16,0.000000,57,Finished,1,0.000000
202406,stroll,aston_martin,PUBLIC_DERIVED,11,17,0.000000,57,Finished,1,-6.000000
202406,albon,williams,PUBLIC_DERIVED,14,18,0.000000,57,Finished,1,-4.000000
202406,kevin_magnussen,haas,PUBLIC_DERIVED,18,19,0.000000,57,Finished,1,-1.000000
202406,sargeant,williams,PUBLIC_DERIVED,17,20,0.000000,27,Retired,0,
202407,max_verstappen,red_bull,PUBLIC_DERIVED,1,1,25.000000,63,Finished,1,0.000000
202407,norris,mclaren,PUBLIC_DERIVED,2,2,18.000000,63,Finished,1,0.000000
202407,leclerc,ferrari,PUBLIC_DERIVED,3,3,15.000000,63,Finished,1,0.000000
202407,piastri,mclaren,PUBLIC_DERIVED,5,4,12.000000,63,Finished,1,1.000000
202407,sainz,ferrari,PUBLIC_DERIVED,4,5,10.000000,63,Finished,1,-1.000000
202407,hamilton,mercedes,PUBLIC_DERIVED,8,6,8.000000,63,Finished,1,2.000000
202407,russell,mercedes,PUBLIC_DERIVED,6,7,7.000000,63,Finished,1,-1.000000
202407,perez,red_bull,PUBLIC_DERIVED,11,8,4.000000,63,Finished,1,3.000000
202407,stroll,aston_martin,PUBLIC_DERIVED,13,9,2.000000,63,Finished,1,4.000000
202407,tsunoda,rb,PUBLIC_DERIVED,7,10,1.000000,62,Lapped,1,-3.000000
202407,hulkenberg,haas,PUBLIC_DERIVED,10,11,0.000000,62,Lapped,1,-1.000000
202407,kevin_magnussen,haas,PUBLIC_DERIVED,18,12,0.000000,62,Lapped,1,6.000000
202407,ricciardo,rb,PUBLIC_DERIVED,9,13,0.000000,62,Lapped,1,-4.000000
202407,ocon,alpine,PUBLIC_DERIVED,12,14,0.000000,62,Lapped,1,-2.000000
202407,zhou,sauber,PUBLIC_DERIVED,17,15,0.000000,62,Lapped,1,2.000000
202407,gasly,alpine,PUBLIC_DERIVED,15,16,0.000000,62,Lapped,1,-1.000000
202407,sargeant,williams,PUBLIC_DERIVED,19,17,0.000000,62,Lapped,1,2.000000
202407,bottas,sauber,PUBLIC_DERIVED,16,18,0.000000,62,Lapped,1,-2.000000
202407,alonso,aston_martin,PUBLIC_DERIVED,20,19,0.000000,62,Lapped,1,1.000000
202407,albon,williams,PUBLIC_DERIVED,14,20,0.000000,51,Retired,0,
202408,leclerc,ferrari,PUBLIC_DERIVED,1,1,25.000000,78,Finished,1,0.000000
202408,piastri,mclaren,PUBLIC_DERIVED,2,2,18.000000,78,Finished,1,0.000000
202408,sainz,ferrari,PUBLIC_DERIVED,3,3,15.000000,78,Finished,1,0.000000
202408,norris,mclaren,PUBLIC_DERIVED,4,4,12.000000,78,Finished,1,0.000000
202408,russell,mercedes,PUBLIC_DERIVED,5,5,10.000000,78,Finished,1,0.000000
202408,max_verstappen,red_bull,PUBLIC_DERIVED,6,6,8.000000,78,Finished,1,0.000000
202408,hamilton,mercedes,PUBLIC_DERIVED,7,7,7.000000,78,Finished,1,0.000000
202408,tsunoda,rb,PUBLIC_DERIVED,8,8,4.000000,77,Lapped,1,0.000000
202408,albon,williams,PUBLIC_DERIVED,9,9,2.000000,77,Lapped,1,0.000000
202408,gasly,alpine,PUBLIC_DERIVED,10,10,1.000000,77,Lapped,1,0.000000
202408,alonso,aston_martin,PUBLIC_DERIVED,14,11,0.000000,76,Lapped,1,3.000000
202408,ricciardo,rb,PUBLIC_DERIVED,12,12,0.000000,76,Lapped,1,0.000000
202408,bottas,sauber,PUBLIC_DERIVED,17,13,0.000000,76,Lapped,1,4.000000
202408,stroll,aston_martin,PUBLIC_DERIVED,13,14,0.000000,76,Lapped,1,-1.000000
202408,sargeant,williams,PUBLIC_DERIVED,15,15,0.000000,76,Lapped,1,0.000000
202408,zhou,sauber,PUBLIC_DERIVED,18,16,0.000000,76,Lapped,1,2.000000
202408,ocon,alpine,PUBLIC_DERIVED,11,17,0.000000,0,Retired,0,
202408,perez,red_bull,PUBLIC_DERIVED,16,18,0.000000,0,Retired,0,
202408,hulkenberg,haas,PUBLIC_DERIVED,19,19,0.000000,0,Retired,0,
202408,kevin_magnussen,haas,PUBLIC_DERIVED,20,20,0.000000,0,Retired,0,
202409,max_verstappen,red_bull,PUBLIC_DERIVED,2,1,25.000000,70,Finished,1,1.000000
202409,norris,mclaren,PUBLIC_DERIVED,3,2,18.000000,70,Finished,1,1.000000
202409,russell,mercedes,PUBLIC_DERIVED,1,3,15.000000,70,Finished,1,-2.000000
202409,hamilton,mercedes,PUBLIC_DERIVED,7,4,13.000000,70,Finished,1,3.000000
202409,piastri,mclaren,PUBLIC_DERIVED,4,5,10.000000,70,Finished,1,-1.000000
202409,alonso,aston_martin,PUBLIC_DERIVED,6,6,8.000000,70,Finished,1,0.000000
202409,stroll,aston_martin,PUBLIC_DERIVED,9,7,6.000000,70,Finished,1,2.000000
202409,ricciardo,rb,PUBLIC_DERIVED,5,8,4.000000,70,Finished,1,-3.000000
202409,gasly,alpine,PUBLIC_DERIVED,15,9,2.000000,70,Finished,1,6.000000
202409,ocon,alpine,PUBLIC_DERIVED,18,10,1.000000,70,Finished,1,8.000000
202409,hulkenberg,haas,PUBLIC_DERIVED,17,11,0.000000,70,Finished,1,6.000000
202409,kevin_magnussen,haas,PUBLIC_DERIVED,14,12,0.000000,70,Finished,1,2.000000
202409,bottas,sauber,PUBLIC_DERIVED,19,13,0.000000,70,Finished,1,6.000000
202409,tsunoda,rb,PUBLIC_DERIVED,8,14,0.000000,70,Finished,1,-6.000000
202409,zhou,sauber,PUBLIC_DERIVED,20,15,0.000000,69,Lapped,1,5.000000
202409,sainz,ferrari,PUBLIC_DERIVED,12,16,0.000000,52,Retired,0,
202409,albon,williams,PUBLIC_DERIVED,10,17,0.000000,52,Retired,0,
202409,perez,red_bull,PUBLIC_DERIVED,16,18,0.000000,51,Retired,0,
202409,leclerc,ferrari,PUBLIC_DERIVED,11,19,0.000000,40,Retired,0,
202409,sargeant,williams,PUBLIC_DERIVED,13,20,0.000000,23,Retired,0,
202410,max_verstappen,red_bull,PUBLIC_DERIVED,2,1,25.000000,66,Finished,1,1.000000
202410,norris,mclaren,PUBLIC_DERIVED,1,2,19.000000,66,Finished,1,-1.000000
202410,hamilton,mercedes,PUBLIC_DERIVED,3,3,15.000000,66,Finished,1,0.000000
202410,russell,mercedes,PUBLIC_DERIVED,4,4,12.000000,66,Finished,1,0.000000
202410,leclerc,ferrari,PUBLIC_DERIVED,5,5,10.000000,66,Finished,1,0.000000
202410,sainz,ferrari,PUBLIC_DERIVED,6,6,8.000000,66,Finished,1,0.000000
202410,piastri,mclaren,PUBLIC_DERIVED,9,7,6.000000,66,Finished,1,2.000000
202410,perez,red_bull,PUBLIC_DERIVED,11,8,4.000000,66,Finished,1,3.000000
202410,gasly,alpine,PUBLIC_DERIVED,7,9,2.000000,66,Finished,1,-2.000000
202410,ocon,alpine,PUBLIC_DERIVED,8,10,1.000000,66,Finished,1,-2.000000
202410,hulkenberg,haas,PUBLIC_DERIVED,13,11,0.000000,66,Finished,1,2.000000
202410,alonso,aston_martin,PUBLIC_DERIVED,10,12,0.000000,65,Lapped,1,-2.000000
202410,zhou,sauber,PUBLIC_DERIVED,15,13,0.000000,65,Lapped,1,2.000000
202410,stroll,aston_martin,PUBLIC_DERIVED,14,14,0.000000,65,Lapped,1,0.000000
202410,ricciardo,rb,PUBLIC_DERIVED,18,15,0.000000,65,Lapped,1,3.000000
202410,bottas,sauber,PUBLIC_DERIVED,12,16,0.000000,65,Lapped,1,-4.000000
202410,kevin_magnussen,haas,PUBLIC_DERIVED,16,17,0.000000,65,Lapped,1,-1.000000
202410,albon,williams,PUBLIC_DERIVED,20,18,0.000000,65,Lapped,1,2.000000
202410,tsunoda,rb,PUBLIC_DERIVED,17,19,0.000000,65,Lapped,1,-2.000000
202410,sargeant,williams,PUBLIC_DERIVED,19,20,0.000000,64,Lapped,1,-1.000000
202411,russell,mercedes,PUBLIC_DERIVED,3,1,25.000000,71,Finished,1,2.000000
202411,piastri,mclaren,PUBLIC_DERIVED,7,2,18.000000,71,Finished,1,5.000000
202411,sainz,ferrari,PUBLIC_DERIVED,4,3,15.000000,71,Finished,1,1.000000
202411,hamilton,mercedes,PUBLIC_DERIVED,5,4,12.000000,71,Finished,1,1.000000
202411,max_verstappen,red_bull,PUBLIC_DERIVED,1,5,10.000000,71,Finished,1,-4.000000
202411,hulkenberg,haas,PUBLIC_DERIVED,9,6,8.000000,71,Finished,1,3.000000
202411,perez,red_bull,PUBLIC_DERIVED,8,7,6.000000,71,Finished,1,1.000000
202411,kevin_magnussen,haas,PUBLIC_DERIVED,12,8,4.000000,71,Finished,1,4.000000
202411,ricciardo,rb,PUBLIC_DERIVED,11,9,2.000000,71,Finished,1,2.000000
202411,gasly,alpine,PUBLIC_DERIVED,13,10,1.000000,71,Finished,1,3.000000
202411,leclerc,ferrari,PUBLIC_DERIVED,6,11,0.000000,71,Finished,1,-5.000000
202411,ocon,alpine,PUBLIC_DERIVED,10,12,0.000000,71,Finished,1,-2.000000
202411,stroll,aston_martin,PUBLIC_DERIVED,17,13,0.000000,70,Lapped,1,4.000000
202411,tsunoda,rb,PUBLIC_DERIVED,14,14,0.000000,70,Lapped,1,0.000000
202411,albon,williams,PUBLIC_DERIVED,16,15,0.000000,70,Lapped,1,1.000000
202411,bottas,sauber,PUBLIC_DERIVED,18,16,0.000000,70,Lapped,1,2.000000
202411,zhou,sauber,PUBLIC_DERIVED,20,17,0.000000,70,Lapped,1,3.000000
202411,alonso,aston_martin,PUBLIC_DERIVED,15,18,0.000000,70,Lapped,1,-3.000000
202411,sargeant,williams,PUBLIC_DERIVED,19,19,0.000000,69,Lapped,1,0.000000
202411,norris,mclaren,PUBLIC_DERIVED,2,20,0.000000,64,Lapped,1,-18.000000
202412,hamilton,mercedes,PUBLIC_DERIVED,2,1,25.000000,52,Finished,1,1.000000
202412,max_verstappen,red_bull,PUBLIC_DERIVED,4,2,18.000000,52,Finished,1,2.000000
202412,norris,mclaren,PUBLIC_DERIVED,3,3,15.000000,52,Finished,1,0.000000
202412,piastri,mclaren,PUBLIC_DERIVED,5,4,12.000000,52,Finished,1,1.000000
202412,sainz,ferrari,PUBLIC_DERIVED,7,5,11.000000,52,Finished,1,2.000000
202412,hulkenberg,haas,PUBLIC_DERIVED,6,6,8.000000,52,Finished,1,0.000000
202412,stroll,aston_martin,PUBLIC_DERIVED,8,7,6.000000,52,Finished,1,1.000000
202412,alonso,aston_martin,PUBLIC_DERIVED,10,8,4.000000,52,Finished,1,2.000000
202412,albon,williams,PUBLIC_DERIVED,9,9,2.000000,52,Finished,1,0.000000
202412,tsunoda,rb,PUBLIC_DERIVED,13,10,1.000000,52,Finished,1,3.000000
202412,sargeant,williams,PUBLIC_DERIVED,12,11,0.000000,52,Finished,1,1.000000
202412,kevin_magnussen,haas,PUBLIC_DERIVED,17,12,0.000000,52,Finished,1,5.000000
202412,ricciardo,rb,PUBLIC_DERIVED,15,13,0.000000,51,Lapped,1,2.000000
202412,leclerc,ferrari,PUBLIC_DERIVED,11,14,0.000000,51,Lapped,1,-3.000000
202412,bottas,sauber,PUBLIC_DERIVED,16,15,0.000000,51,Lapped,1,1.000000
202412,ocon,alpine,PUBLIC_DERIVED,18,16,0.000000,50,Lapped,1,2.000000
202412,perez,red_bull,PUBLIC_DERIVED,20,17,0.000000,50,Lapped,1,3.000000
202412,zhou,sauber,PUBLIC_DERIVED,14,18,0.000000,50,Lapped,1,-4.000000
202412,russell,mercedes,PUBLIC_DERIVED,1,19,0.000000,33,Retired,0,
202412,gasly,alpine,PUBLIC_DERIVED,19,20,0.000000,0,Did not start,0,
202413,piastri,mclaren,PUBLIC_DERIVED,2,1,25.000000,70,Finished,1,1.000000
202413,norris,mclaren,PUBLIC_DERIVED,1,2,18.000000,70,Finished,1,-1.000000
202413,hamilton,mercedes,PUBLIC_DERIVED,5,3,15.000000,70,Finished,1,2.000000
202413,leclerc,ferrari,PUBLIC_DERIVED,6,4,12.000000,70,Finished,1,2.000000
202413,max_verstappen,red_bull,PUBLIC_DERIVED,3,5,10.000000,70,Finished,1,-2.000000
202413,sainz,ferrari,PUBLIC_DERIVED,4,6,8.000000,70,Finished,1,-2.000000
202413,perez,red_bull,PUBLIC_DERIVED,16,7,6.000000,70,Finished,1,9.000000
202413,russell,mercedes,PUBLIC_DERIVED,17,8,5.000000,70,Finished,1,9.000000
202413,tsunoda,rb,PUBLIC_DERIVED,10,9,2.000000,70,Finished,1,1.000000
202413,stroll,aston_martin,PUBLIC_DERIVED,8,10,1.000000,70,Finished,1,-2.000000
202413,alonso,aston_martin,PUBLIC_DERIVED,7,11,0.000000,70,Finished,1,-4.000000
202413,ricciardo,rb,PUBLIC_DERIVED,9,12,0.000000,69,Lapped,1,-3.000000
202413,hulkenberg,haas,PUBLIC_DERIVED,11,13,0.000000,69,Lapped,1,-2.000000
202413,albon,williams,PUBLIC_DERIVED,13,14,0.000000,69,Lapped,1,-1.000000
202413,kevin_magnussen,haas,PUBLIC_DERIVED,15,15,0.000000,69,Lapped,1,0.000000
202413,bottas,sauber,PUBLIC_DERIVED,12,16,0.000000,69,Lapped,1,-4.000000
202413,sargeant,williams,PUBLIC_DERIVED,14,17,0.000000,69,Lapped,1,-3.000000
202413,ocon,alpine,PUBLIC_DERIVED,19,18,0.000000,69,Lapped,1,1.000000
202413,zhou,sauber,PUBLIC_DERIVED,18,19,0.000000,69,Lapped,1,-1.000000
202413,gasly,alpine,PUBLIC_DERIVED,20,20,0.000000,33,Retired,0,
202414,hamilton,mercedes,PUBLIC_DERIVED,3,1,25.000000,44,Finished,1,2.000000
202414,piastri,mclaren,PUBLIC_DERIVED,5,2,18.000000,44,Finished,1,3.000000
202414,leclerc,ferrari,PUBLIC_DERIVED,1,3,15.000000,44,Finished,1,-2.000000
202414,max_verstappen,red_bull,PUBLIC_DERIVED,11,4,12.000000,44,Finished,1,7.000000
202414,norris,mclaren,PUBLIC_DERIVED,4,5,10.000000,44,Finished,1,-1.000000
202414,sainz,ferrari,PUBLIC_DERIVED,7,6,8.000000,44,Finished,1,1.000000
202414,perez,red_bull,PUBLIC_DERIVED,2,7,7.000000,44,Finished,1,-5.000000
202414,alonso,aston_martin,PUBLIC_DERIVED,8,8,4.000000,44,Finished,1,0.000000
202414,ocon,alpine,PUBLIC_DERIVED,9,9,2.000000,44,Finished,1,0.000000
202414,ricciardo,rb,PUBLIC_DERIVED,13,10,1.000000,44,Finished,1,3.000000
202414,stroll,aston_martin,PUBLIC_DERIVED,15,11,0.000000,44,Finished,1,4.000000
202414,albon,williams,PUBLIC_DERIVED,10,12,0.000000,44,Finished,1,-2.000000
202414,gasly,alpine,PUBLIC_DERIVED,12,13,0.000000,44,Finished,1,-1.000000
202414,kevin_magnussen,haas,PUBLIC_DERIVED,17,14,0.000000,44,Finished,1,3.000000
202414,bottas,sauber,PUBLIC_DERIVED,14,15,0.000000,44,Finished,1,-1.000000
202414,tsunoda,rb,PUBLIC_DERIVED,20,16,0.000000,44,Finished,1,4.000000
202414,sargeant,williams,PUBLIC_DERIVED,18,17,0.000000,44,Finished,1,1.000000
202414,hulkenberg,haas,PUBLIC_DERIVED,16,18,0.000000,44,Finished,1,-2.000000
202414,zhou,sauber,PUBLIC_DERIVED,19,19,0.000000,5,Retired,0,
202414,russell,mercedes,PUBLIC_DERIVED,6,20,0.000000,44,Disqualified,0,
202415,norris,mclaren,PUBLIC_DERIVED,1,1,26.000000,72,Finished,1,0.000000
202415,max_verstappen,red_bull,PUBLIC_DERIVED,2,2,18.000000,72,Finished,1,0.000000
202415,leclerc,ferrari,PUBLIC_DERIVED,6,3,15.000000,72,Finished,1,3.000000
202415,piastri,mclaren,PUBLIC_DERIVED,3,4,12.000000,72,Finished,1,-1.000000
202415,sainz,ferrari,PUBLIC_DERIVED,10,5,10.000000,72,Finished,1,5.000000
202415,perez,red_bull,PUBLIC_DERIVED,5,6,8.000000,72,Finished,1,-1.000000
202415,russell,mercedes,PUBLIC_DERIVED,4,7,6.000000,72,Finished,1,-3.000000
202415,hamilton,mercedes,PUBLIC_DERIVED,14,8,4.000000,72,Finished,1,6.000000
202415,gasly,alpine,PUBLIC_DERIVED,9,9,2.000000,71,Lapped,1,0.000000
202415,alonso,aston_martin,PUBLIC_DERIVED,7,10,1.000000,71,Lapped,1,-3.000000
202415,hulkenberg,haas,PUBLIC_DERIVED,12,11,0.000000,71,Lapped,1,1.000000
202415,ricciardo,rb,PUBLIC_DERIVED,13,12,0.000000,71,Lapped,1,1.000000
202415,stroll,aston_martin,PUBLIC_DERIVED,8,13,0.000000,71,Lapped,1,-5.000000
202415,albon,williams,PUBLIC_DERIVED,19,14,0.000000,71,Lapped,1,5.000000
202415,ocon,alpine,PUBLIC_DERIVED,15,15,0.000000,71,Lapped,1,0.000000
202415,sargeant,williams,PUBLIC_DERIVED,18,16,0.000000,71,Lapped,1,2.000000
202415,tsunoda,rb,PUBLIC_DERIVED,11,17,0.000000,71,Lapped,1,-6.000000
202415,kevin_magnussen,haas,PUBLIC_DERIVED,20,18,0.000000,71,Lapped,1,2.000000
202415,bottas,sauber,PUBLIC_DERIVED,16,19,0.000000,70,Lapped,1,-3.000000
202415,zhou,sauber,PUBLIC_DERIVED,17,20,0.000000,70,Lapped,1,-3.000000
202416,leclerc,ferrari,PUBLIC_DERIVED,4,1,25.000000,53,Finished,1,3.000000
202416,piastri,mclaren,PUBLIC_DERIVED,2,2,18.000000,53,Finished,1,0.000000
202416,norris,mclaren,PUBLIC_DERIVED,1,3,16.000000,53,Finished,1,-2.000000
202416,sainz,ferrari,PUBLIC_DERIVED,5,4,12.000000,53,Finished,1,1.000000
202416,hamilton,mercedes,PUBLIC_DERIVED,6,5,10.000000,53,Finished,1,1.000000
202416,max_verstappen,red_bull,PUBLIC_DERIVED,7,6,8.000000,53,Finished,1,1.000000
202416,russell,mercedes,PUBLIC_DERIVED,3,7,6.000000,53,Finished,1,-4.000000
202416,perez,red_bull,PUBLIC_DERIVED,8,8,4.000000,53,Finished,1,0.000000
202416,albon,williams,PUBLIC_DERIVED,9,9,2.000000,53,Finished,1,0.000000
202416,kevin_magnussen,haas,PUBLIC_DERIVED,13,10,1.000000,53,Finished,1,3.000000
202416,alonso,aston_martin,PUBLIC_DERIVED,11,11,0.000000,53,Finished,1,0.000000
202416,colapinto,williams,PUBLIC_DERIVED,18,12,0.000000,53,Finished,1,6.000000
202416,ricciardo,rb,PUBLIC_DERIVED,12,13,0.000000,53,Finished,1,-1.000000
202416,ocon,alpine,PUBLIC_DERIVED,15,14,0.000000,52,Lapped,1,1.000000
202416,gasly,alpine,PUBLIC_DERIVED,14,15,0.000000,52,Lapped,1,-1.000000
202416,bottas,sauber,PUBLIC_DERIVED,19,16,0.000000,52,Lapped,1,3.000000
202416,hulkenberg,haas,PUBLIC_DERIVED,10,17,0.000000,52,Lapped,1,-7.000000
202416,zhou,sauber,PUBLIC_DERIVED,20,18,0.000000,52,Lapped,1,2.000000
202416,stroll,aston_martin,PUBLIC_DERIVED,17,19,0.000000,52,Lapped,1,-2.000000
202416,tsunoda,rb,PUBLIC_DERIVED,16,20,0.000000,7,Retired,0,
202417,piastri,mclaren,PUBLIC_DERIVED,2,1,25.000000,51,Finished,1,1.000000
202417,leclerc,ferrari,PUBLIC_DERIVED,1,2,18.000000,51,Finished,1,-1.000000
202417,russell,mercedes,PUBLIC_DERIVED,5,3,15.000000,51,Finished,1,2.000000
202417,norris,mclaren,PUBLIC_DERIVED,15,4,13.000000,51,Finished,1,11.000000
202417,max_verstappen,red_bull,PUBLIC_DERIVED,6,5,10.000000,51,Finished,1,1.000000
202417,alonso,aston_martin,PUBLIC_DERIVED,7,6,8.000000,51,Finished,1,1.000000
202417,albon,williams,PUBLIC_DERIVED,9,7,6.000000,51,Finished,1,2.000000
202417,colapinto,williams,PUBLIC_DERIVED,8,8,4.000000,51,Finished,1,0.000000
202417,hamilton,mercedes,PUBLIC_DERIVED,19,9,2.000000,51,Finished,1,10.000000
202417,bearman,haas,PUBLIC_DERIVED,10,10,1.000000,51,Finished,1,0.000000
202417,hulkenberg,haas,PUBLIC_DERIVED,12,11,0.000000,51,Finished,1,1.000000
202417,gasly,alpine,PUBLIC_DERIVED,18,12,0.000000,51,Finished,1,6.000000
202417,ricciardo,rb,PUBLIC_DERIVED,14,13,0.000000,51,Finished,1,1.000000
202417,zhou,sauber,PUBLIC_DERIVED,17,14,0.000000,51,Finished,1,3.000000
202417,ocon,alpine,PUBLIC_DERIVED,20,15,0.000000,50,Lapped,1,5.000000
202417,bottas,sauber,PUBLIC_DERIVED,16,16,0.000000,50,Lapped,1,0.000000
202417,perez,red_bull,PUBLIC_DERIVED,4,17,0.000000,49,Retired,0,
202417,sainz,ferrari,PUBLIC_DERIVED,3,18,0.000000,49,Retired,0,
202417,stroll,aston_martin,PUBLIC_DERIVED,13,19,0.000000,45,Retired,0,
202417,tsunoda,rb,PUBLIC_DERIVED,11,20,0.000000,14,Retired,0,
202418,norris,mclaren,PUBLIC_DERIVED,1,1,25.000000,62,Finished,1,0.000000
202418,max_verstappen,red_bull,PUBLIC_DERIVED,2,2,18.000000,62,Finished,1,0.000000
202418,piastri,mclaren,PUBLIC_DERIVED,5,3,15.000000,62,Finished,1,2.000000
202418,russell,mercedes,PUBLIC_DERIVED,4,4,12.000000,62,Finished,1,0.000000
202418,leclerc,ferrari,PUBLIC_DERIVED,9,5,10.000000,62,Finished,1,4.000000
202418,hamilton,mercedes,PUBLIC_DERIVED,3,6,8.000000,62,Finished,1,-3.000000
202418,sainz,ferrari,PUBLIC_DERIVED,10,7,6.000000,62,Finished,1,3.000000
202418,alonso,aston_martin,PUBLIC_DERIVED,7,8,4.000000,61,Lapped,1,-1.000000
202418,hulkenberg,haas,PUBLIC_DERIVED,6,9,2.000000,61,Lapped,1,-3.000000
202418,perez,red_bull,PUBLIC_DERIVED,13,10,1.000000,61,Lapped,1,3.000000
202418,colapinto,williams,PUBLIC_DERIVED,12,11,0.000000,61,Lapped,1,1.000000
202418,tsunoda,rb,PUBLIC_DERIVED,8,12,0.000000,61,Lapped,1,-4.000000
202418,ocon,alpine,PUBLIC_DERIVED,15,13,0.000000,61,Lapped,1,2.000000
202418,stroll,aston_martin,PUBLIC_DERIVED,17,14,0.000000,61,Lapped,1,3.000000
202418,zhou,sauber,PUBLIC_DERIVED,20,15,0.000000,61,Lapped,1,5.000000
202418,bottas,sauber,PUBLIC_DERIVED,19,16,0.000000,61,Lapped,1,3.000000
202418,gasly,alpine,PUBLIC_DERIVED,18,17,0.000000,61,Lapped,1,1.000000
202418,ricciardo,rb,PUBLIC_DERIVED,16,18,0.000000,61,Lapped,1,-2.000000
202418,kevin_magnussen,haas,PUBLIC_DERIVED,14,19,0.000000,57,Retired,0,
202418,albon,williams,PUBLIC_DERIVED,11,20,0.000000,15,Retired,0,
202419,leclerc,ferrari,PUBLIC_DERIVED,4,1,25.000000,56,Finished,1,3.000000
202419,sainz,ferrari,PUBLIC_DERIVED,3,2,18.000000,56,Finished,1,1.000000
202419,max_verstappen,red_bull,PUBLIC_DERIVED,2,3,15.000000,56,Finished,1,-1.000000
202419,norris,mclaren,PUBLIC_DERIVED,1,4,12.000000,56,Finished,1,-3.000000
202419,piastri,mclaren,PUBLIC_DERIVED,5,5,10.000000,56,Finished,1,0.000000
202419,russell,mercedes,PUBLIC_DERIVED,20,6,8.000000,56,Finished,1,14.000000
202419,perez,red_bull,PUBLIC_DERIVED,9,7,6.000000,56,Finished,1,2.000000
202419,hulkenberg,haas,PUBLIC_DERIVED,11,8,4.000000,56,Finished,1,3.000000
202419,lawson,rb,PUBLIC_DERIVED,19,9,2.000000,56,Finished,1,10.000000
202419,colapinto,williams,PUBLIC_DERIVED,15,10,1.000000,56,Finished,1,5.000000
202419,kevin_magnussen,haas,PUBLIC_DERIVED,8,11,0.000000,56,Finished,1,-3.000000
202419,gasly,alpine,PUBLIC_DERIVED,6,12,0.000000,56,Finished,1,-6.000000
202419,alonso,aston_martin,PUBLIC_DERIVED,7,13,0.000000,55,Lapped,1,-6.000000
202419,tsunoda,rb,PUBLIC_DERIVED,10,14,0.000000,55,Lapped,1,-4.000000
202419,stroll,aston_martin,PUBLIC_DERIVED,13,15,0.000000,55,Lapped,1,-2.000000
202419,albon,williams,PUBLIC_DERIVED,14,16,0.000000,55,Lapped,1,-2.000000
202419,bottas,sauber,PUBLIC_DERIVED,16,17,0.000000,55,Lapped,1,-1.000000
202419,ocon,alpine,PUBLIC_DERIVED,12,18,0.000000,55,Lapped,1,-6.000000
202419,zhou,sauber,PUBLIC_DERIVED,18,19,0.000000,55,Lapped,1,-1.000000
202419,hamilton,mercedes,PUBLIC_DERIVED,17,20,0.000000,1,Retired,0,
202420,sainz,ferrari,PUBLIC_DERIVED,1,1,25.000000,71,Finished,1,0.000000
202420,norris,mclaren,PUBLIC_DERIVED,3,2,18.000000,71,Finished,1,1.000000
202420,leclerc,ferrari,PUBLIC_DERIVED,4,3,16.000000,71,Finished,1,1.000000
202420,hamilton,mercedes,PUBLIC_DERIVED,6,4,12.000000,71,Finished,1,2.000000
202420,russell,mercedes,PUBLIC_DERIVED,5,5,10.000000,71,Finished,1,0.000000
202420,max_verstappen,red_bull,PUBLIC_DERIVED,2,6,8.000000,71,Finished,1,-4.000000
202420,kevin_magnussen,haas,PUBLIC_DERIVED,7,7,6.000000,71,Finished,1,0.000000
202420,piastri,mclaren,PUBLIC_DERIVED,17,8,4.000000,71,Finished,1,9.000000
202420,hulkenberg,haas,PUBLIC_DERIVED,10,9,2.000000,70,Lapped,1,1.000000
202420,gasly,alpine,PUBLIC_DERIVED,8,10,1.000000,70,Lapped,1,-2.000000
202420,stroll,aston_martin,PUBLIC_DERIVED,14,11,0.000000,70,Lapped,1,3.000000
202420,colapinto,williams,PUBLIC_DERIVED,16,12,0.000000,70,Lapped,1,4.000000
202420,ocon,alpine,PUBLIC_DERIVED,0,13,0.000000,70,Lapped,1,
202420,bottas,sauber,PUBLIC_DERIVED,15,14,0.000000,70,Lapped,1,1.000000
202420,zhou,sauber,PUBLIC_DERIVED,19,15,0.000000,70,Lapped,1,4.000000
202420,lawson,rb,PUBLIC_DERIVED,12,16,0.000000,70,Lapped,1,-4.000000
202420,perez,red_bull,PUBLIC_DERIVED,18,17,0.000000,70,Lapped,1,1.000000
202420,alonso,aston_martin,PUBLIC_DERIVED,13,18,0.000000,15,Retired,0,
202420,albon,williams,PUBLIC_DERIVED,9,19,0.000000,0,Retired,0,
202420,tsunoda,rb,PUBLIC_DERIVED,11,20,0.000000,0,Retired,0,
202421,max_verstappen,red_bull,PUBLIC_DERIVED,17,1,26.000000,69,Finished,1,16.000000
202421,ocon,alpine,PUBLIC_DERIVED,4,2,18.000000,69,Finished,1,2.000000
202421,gasly,alpine,PUBLIC_DERIVED,13,3,15.000000,69,Finished,1,10.000000
202421,russell,mercedes,PUBLIC_DERIVED,2,4,12.000000,69,Finished,1,-2.000000
202421,leclerc,ferrari,PUBLIC_DERIVED,6,5,10.000000,69,Finished,1,1.000000
202421,norris,mclaren,PUBLIC_DERIVED,1,6,8.000000,69,Finished,1,-5.000000
202421,tsunoda,rb,PUBLIC_DERIVED,3,7,6.000000,69,Finished,1,-4.000000
202421,piastri,mclaren,PUBLIC_DERIVED,8,8,4.000000,69,Finished,1,0.000000
202421,lawson,rb,PUBLIC_DERIVED,5,9,2.000000,69,Finished,1,-4.000000
202421,hamilton,mercedes,PUBLIC_DERIVED,14,10,1.000000,69,Finished,1,4.000000
202421,perez,red_bull,PUBLIC_DERIVED,12,11,0.000000,69,Finished,1,1.000000
202421,bearman,haas,PUBLIC_DERIVED,15,12,0.000000,69,Finished,1,3.000000
202421,bottas,sauber,PUBLIC_DERIVED,11,13,0.000000,69,Finished,1,-2.000000
202421,alonso,aston_martin,PUBLIC_DERIVED,9,14,0.000000,69,Finished,1,-5.000000
202421,zhou,sauber,PUBLIC_DERIVED,19,15,0.000000,69,Finished,1,4.000000
202421,sainz,ferrari,PUBLIC_DERIVED,20,16,0.000000,38,Retired,0,
202421,colapinto,williams,PUBLIC_DERIVED,16,17,0.000000,30,Retired,0,
202421,albon,williams,PUBLIC_DERIVED,7,18,0.000000,0,Did not start,0,
202421,stroll,aston_martin,PUBLIC_DERIVED,10,19,0.000000,0,Did not start,0,
202421,hulkenberg,haas,PUBLIC_DERIVED,18,20,0.000000,0,Disqualified,0,
202422,russell,mercedes,PUBLIC_DERIVED,1,1,25.000000,50,Finished,1,0.000000
202422,hamilton,mercedes,PUBLIC_DERIVED,10,2,18.000000,50,Finished,1,8.000000
202422,sainz,ferrari,PUBLIC_DERIVED,2,3,15.000000,50,Finished,1,-1.000000
202422,leclerc,ferrari,PUBLIC_DERIVED,4,4,12.000000,50,Finished,1,0.000000
202422,max_verstappen,red_bull,PUBLIC_DERIVED,5,5,10.000000,50,Finished,1,0.000000
202422,norris,mclaren,PUBLIC_DERIVED,6,6,9.000000,50,Finished,1,0.000000
202422,piastri,mclaren,PUBLIC_DERIVED,8,7,6.000000,50,Finished,1,1.000000
202422,hulkenberg,haas,PUBLIC_DERIVED,9,8,4.000000,50,Finished,1,1.000000
202422,tsunoda,rb,PUBLIC_DERIVED,7,9,2.000000,50,Finished,1,-2.000000
202422,perez,red_bull,PUBLIC_DERIVED,15,10,1.000000,50,Finished,1,5.000000
202422,alonso,aston_martin,PUBLIC_DERIVED,16,11,0.000000,50,Finished,1,5.000000
202422,kevin_magnussen,haas,PUBLIC_DERIVED,12,12,0.000000,50,Finished,1,0.000000
202422,zhou,sauber,PUBLIC_DERIVED,13,13,0.000000,50,Finished,1,0.000000
202422,colapinto,williams,PUBLIC_DERIVED,20,14,0.000000,50,Finished,1,6.000000
202422,stroll,aston_martin,PUBLIC_DERIVED,18,15,0.000000,50,Finished,1,3.000000
202422,lawson,rb,PUBLIC_DERIVED,14,16,0.000000,50,Finished,1,-2.000000
202422,ocon,alpine,PUBLIC_DERIVED,11,17,0.000000,49,Lapped,1,-6.000000
202422,bottas,sauber,PUBLIC_DERIVED,19,18,0.000000,49,Lapped,1,1.000000
202422,albon,williams,PUBLIC_DERIVED,17,19,0.000000,25,Retired,0,
202422,gasly,alpine,PUBLIC_DERIVED,3,20,0.000000,15,Retired,0,
202423,max_verstappen,red_bull,PUBLIC_DERIVED,2,1,25.000000,57,Finished,1,1.000000
202423,leclerc,ferrari,PUBLIC_DERIVED,5,2,18.000000,57,Finished,1,3.000000
202423,piastri,mclaren,PUBLIC_DERIVED,4,3,15.000000,57,Finished,1,1.000000
202423,russell,mercedes,PUBLIC_DERIVED,1,4,12.000000,57,Finished,1,-3.000000
202423,gasly,alpine,PUBLIC_DERIVED,11,5,10.000000,57,Finished,1,6.000000
202423,sainz,ferrari,PUBLIC_DERIVED,7,6,8.000000,57,Finished,1,1.000000
202423,alonso,aston_martin,PUBLIC_DERIVED,8,7,6.000000,57,Finished,1,1.000000
202423,zhou,sauber,PUBLIC_DERIVED,12,8,4.000000,57,Finished,1,4.000000
202423,kevin_magnussen,haas,PUBLIC_DERIVED,10,9,2.000000,57,Finished,1,1.000000
202423,norris,mclaren,PUBLIC_DERIVED,3,10,2.000000,57,Finished,1,-7.000000
202423,bottas,sauber,PUBLIC_DERIVED,13,11,0.000000,57,Finished,1,2.000000
202423,hamilton,mercedes,PUBLIC_DERIVED,6,12,0.000000,57,Finished,1,-6.000000
202423,tsunoda,rb,PUBLIC_DERIVED,14,13,0.000000,57,Finished,1,1.000000
202423,lawson,rb,PUBLIC_DERIVED,17,14,0.000000,57,Finished,1,3.000000
202423,albon,williams,PUBLIC_DERIVED,16,15,0.000000,56,Lapped,1,1.000000
202423,hulkenberg,haas,PUBLIC_DERIVED,18,16,0.000000,39,Retired,0,
202423,perez,red_bull,PUBLIC_DERIVED,9,17,0.000000,38,Retired,0,
202423,stroll,aston_martin,PUBLIC_DERIVED,15,18,0.000000,8,Retired,0,
202423,colapinto,williams,PUBLIC_DERIVED,19,19,0.000000,0,Retired,0,
202423,ocon,alpine,PUBLIC_DERIVED,20,20,0.000000,0,Retired,0,
202424,norris,mclaren,PUBLIC_DERIVED,1,1,25.000000,58,Finished,1,0.000000
202424,sainz,ferrari,PUBLIC_DERIVED,3,2,18.000000,58,Finished,1,1.000000
202424,leclerc,ferrari,PUBLIC_DERIVED,19,3,15.000000,58,Finished,1,16.000000
202424,hamilton,mercedes,PUBLIC_DERIVED,16,4,12.000000,58,Finished,1,12.000000
202424,russell,mercedes,PUBLIC_DERIVED,6,5,10.000000,58,Finished,1,1.000000
202424,max_verstappen,red_bull,PUBLIC_DERIVED,4,6,8.000000,58,Finished,1,-2.000000
202424,gasly,alpine,PUBLIC_DERIVED,5,7,6.000000,58,Finished,1,-2.000000
202424,hulkenberg,haas,PUBLIC_DERIVED,7,8,4.000000,58,Finished,1,-1.000000
202424,alonso,aston_martin,PUBLIC_DERIVED,8,9,2.000000,58,Finished,1,-1.000000
202424,piastri,mclaren,PUBLIC_DERIVED,2,10,1.000000,58,Finished,1,-8.000000
202424,albon,williams,PUBLIC_DERIVED,18,11,0.000000,57,Lapped,1,7.000000
202424,tsunoda,rb,PUBLIC_DERIVED,11,12,0.000000,57,Lapped,1,-1.000000
202424,zhou,sauber,PUBLIC_DERIVED,15,13,0.000000,57,Lapped,1,2.000000
202424,stroll,aston_martin,PUBLIC_DERIVED,13,14,0.000000,57,Lapped,1,-1.000000
202424,doohan,alpine,PUBLIC_DERIVED,17,15,0.000000,57,Lapped,1,2.000000
202424,kevin_magnussen,haas,PUBLIC_DERIVED,14,16,0.000000,57,Lapped,1,-2.000000
202424,lawson,rb,PUBLIC_DERIVED,12,17,0.000000,55,Retired,0,
202424,bottas,sauber,PUBLIC_DERIVED,9,18,0.000000,30,Retired,0,
202424,colapinto,williams,PUBLIC_DERIVED,20,19,0.000000,26,Retired,0,
202424,perez,red_bull,PUBLIC_DERIVED,10,20,0.000000,0,Retired,0,
