Season,DriverKey,Position,Points,Wins,DataClass
2023,max_verstappen,1,575.000000,19,PUBLIC
2023,perez,2,285.000000,2,PUBLIC
2023,hamilton,3,234.000000,0,PUBLIC
2023,alonso,4,206.000000,0,PUBLIC
2023,leclerc,5,206.000000,0,PUBLIC
2023,norris,6,205.000000,0,PUBLIC
2023,sainz,7,200.000000,1,PUBLIC
2023,russell,8,175.000000,0,PUBLIC
2023,piastri,9,97.000000,0,PUBLIC
2023,stroll,10,74.000000,0,PUBLIC
2023,gasly,11,62.000000,0,PUBLIC
2023,ocon,12,58.000000,0,PUBLIC
2023,albon,13,27.000000,0,PUBLIC
2023,tsunoda,14,17.000000,0,PUBLIC
2023,bottas,15,10.000000,0,PUBLIC
2023,hulkenberg,16,9.000000,0,PUBLIC
2023,ricciardo,17,6.000000,0,PUBLIC
2023,zhou,18,6.000000,0,PUBLIC
2023,kevin_magnussen,19,3.000000,0,PUBLIC
2023,lawson,20,2.000000,0,PUBLIC
2023,sargeant,21,1.000000,0,PUBLIC
2023,de_vries,22,0.000000,0,PUBLIC
2024,max_verstappen,1,437.000000,9,PUBLIC
2024,norris,2,374.000000,4,PUBLIC
2024,leclerc,3,356.000000,3,PUBLIC
2024,piastri,4,292.000000,2,PUBLIC
2024,sainz,5,290.000000,2,PUBLIC
2024,russell,6,245.000000,2,PUBLIC
2024,hamilton,7,223.000000,2,PUBLIC
2024,perez,8,152.000000,0,PUBLIC
2024,alonso,9,70.000000,0,PUBLIC
2024,gasly,10,42.000000,0,PUBLIC
2024,hulkenberg,11,41.000000,0,PUBLIC
2024,tsunoda,12,30.000000,0,PUBLIC
2024,stroll,13,24.000000,0,PUBLIC
2024,ocon,14,23.000000,0,PUBLIC
2024,kevin_magnussen,15,16.000000,0,PUBLIC
2024,albon,16,12.000000,0,PUBLIC
2024,ricciardo,17,12.000000,0,PUBLIC
2024,bearman,18,7.000000,0,PUBLIC
2024,colapinto,19,5.000000,0,PUBLIC
2024,zhou,20,4.000000,0,PUBLIC
2024,lawson,21,4.000000,0,PUBLIC
2024,bottas,22,0.000000,0,PUBLIC
2024,sargeant,23,0.000000,0,PUBLIC
2024,doohan,24,0.000000,0,PUBLIC
