RaceKey,DriverKey,ConstructorKey,DataClass,QualifyingPosition,Q1Seconds,Q2Seconds,Q3Seconds
202301,max_verstappen,red_bull,PUBLIC_DERIVED,1,91.295000,90.503000,89.708000
202301,perez,red_bull,PUBLIC_DERIVED,2,91.479000,90.746000,89.846000
202301,leclerc,ferrari,PUBLIC_DERIVED,3,91.094000,90.282000,90.000000
202301,sainz,ferrari,PUBLIC_DERIVED,4,90.993000,90.515000,90.154000
202301,alonso,aston_martin,PUBLIC_DERIVED,5,91.158000,90.645000,90.336000
202301,russell,mercedes,PUBLIC_DERIVED,6,91.057000,90.507000,90.340000
202301,hamilton,mercedes,PUBLIC_DERIVED,7,91.543000,90.513000,90.384000
202301,stroll,aston_martin,PUBLIC_DERIVED,8,91.184000,91.127000,90.836000
202301,ocon,alpine,PUBLIC_DERIVED,9,91.508000,90.914000,90.984000
202301,hulkenberg,haas,PUBLIC_DERIVED,10,91.204000,90.809000,
202301,norris,mclaren,PUBLIC_DERIVED,11,91.652000,91.381000,
202301,bottas,alfa,PUBLIC_DERIVED,12,91.504000,91.443000,
202301,zhou,alfa,PUBLIC_DERIVED,13,91.615000,91.473000,
202301,tsunoda,alphatauri,PUBLIC_DERIVED,14,91.400000,92.510000,
202301,albon,williams,PUBLIC_DERIVED,15,91.461000,,
202301,sargeant,williams,PUBLIC_DERIVED,16,91.652000,,
202301,kevin_magnussen,haas,PUBLIC_DERIVED,17,91.892000,,
202301,piastri,mclaren,PUBLIC_DERIVED,18,92.101000,,
202301,de_vries,alphatauri,PUBLIC_DERIVED,19,92.121000,,
202301,gasly,alpine,PUBLIC_DERIVED,20,92.181000,,
202302,perez,red_bull,PUBLIC_DERIVED,1,89.244000,88.635000,88.265000
202302,leclerc,ferrari,PUBLIC_DERIVED,2,89.376000,88.903000,88.420000
202302,alonso,aston_martin,PUBLIC_DERIVED,3,89.298000,88.757000,88.730000
202302,russell,mercedes,PUBLIC_DERIVED,4,89.592000,89.132000,88.857000
202302,sainz,ferrari,PUBLIC_DERIVED,5,89.411000,88.957000,88.931000
202302,stroll,aston_martin,PUBLIC_DERIVED,6,89.335000,88.962000,88.945000
202302,ocon,alpine,PUBLIC_DERIVED,7,89.707000,89.255000,89.078000
202302,hamilton,mercedes,PUBLIC_DERIVED,8,89.689000,89.374000,89.223000
202302,piastri,mclaren,PUBLIC_DERIVED,9,89.706000,89.378000,89.243000
202302,gasly,alpine,PUBLIC_DERIVED,10,89.890000,89.411000,89.357000
202302,hulkenberg,haas,PUBLIC_DERIVED,11,89.547000,89.451000,
202302,zhou,alfa,PUBLIC_DERIVED,12,89.654000,89.461000,
202302,kevin_magnussen,haas,PUBLIC_DERIVED,13,89.744000,89.634000,
202302,bottas,alfa,PUBLIC_DERIVED,14,89.929000,89.668000,
202302,max_verstappen,red_bull,PUBLIC_DERIVED,15,88.761000,109.953000,
202302,tsunoda,alphatauri,PUBLIC_DERIVED,16,89.939000,,
202302,albon,williams,PUBLIC_DERIVED,17,89.994000,,
202302,de_vries,alphatauri,PUBLIC_DERIVED,18,90.244000,,
202302,norris,mclaren,PUBLIC_DERIVED,19,90.447000,,
202302,sargeant,williams,PUBLIC_DERIVED,20,128.510000,,
202303,max_verstappen,red_bull,PUBLIC_DERIVED,1,77.384000,77.056000,76.732000
202303,russell,mercedes,PUBLIC_DERIVED,2,77.654000,77.513000,76.968000
202303,hamilton,mercedes,PUBLIC_DERIVED,3,77.689000,77.551000,77.104000
202303,alonso,aston_martin,PUBLIC_DERIVED,4,77.832000,77.283000,77.139000
202303,sainz,ferrari,PUBLIC_DERIVED,5,77.928000,77.349000,77.270000
202303,stroll,aston_martin,PUBLIC_DERIVED,6,77.873000,77.616000,77.308000
202303,leclerc,ferrari,PUBLIC_DERIVED,7,78.218000,77.390000,77.369000
202303,albon,williams,PUBLIC_DERIVED,8,77.962000,77.761000,77.609000
202303,gasly,alpine,PUBLIC_DERIVED,9,78.312000,77.574000,77.675000
202303,hulkenberg,haas,PUBLIC_DERIVED,10,78.029000,77.412000,77.735000
202303,ocon,alpine,PUBLIC_DERIVED,11,77.770000,77.768000,
202303,tsunoda,alphatauri,PUBLIC_DERIVED,12,78.471000,78.099000,
202303,norris,mclaren,PUBLIC_DERIVED,13,78.243000,78.119000,
202303,kevin_magnussen,haas,PUBLIC_DERIVED,14,78.159000,78.129000,
202303,de_vries,alphatauri,PUBLIC_DERIVED,15,78.450000,78.335000,
202303,piastri,mclaren,PUBLIC_DERIVED,16,78.517000,,
202303,zhou,alfa,PUBLIC_DERIVED,17,78.540000,,
202303,sargeant,williams,PUBLIC_DERIVED,18,78.557000,,
202303,bottas,alfa,PUBLIC_DERIVED,19,78.714000,,
202303,perez,red_bull,PUBLIC_DERIVED,20,,,
202304,leclerc,ferrari,PUBLIC_DERIVED,1,101.269000,101.037000,100.203000
202304,max_verstappen,red_bull,PUBLIC_DERIVED,2,101.398000,100.822000,100.391000
202304,perez,red_bull,PUBLIC_DERIVED,3,101.756000,101.131000,100.495000
202304,sainz,ferrari,PUBLIC_DERIVED,4,102.197000,101.369000,101.016000
202304,hamilton,mercedes,PUBLIC_DERIVED,5,102.113000,101.650000,101.177000
202304,alonso,aston_martin,PUBLIC_DERIVED,6,101.720000,101.370000,101.253000
202304,norris,mclaren,PUBLIC_DERIVED,7,102.154000,101.485000,101.281000
202304,tsunoda,alphatauri,PUBLIC_DERIVED,8,102.234000,101.569000,101.581000
202304,stroll,aston_martin,PUBLIC_DERIVED,9,102.524000,101.576000,101.611000
202304,piastri,mclaren,PUBLIC_DERIVED,10,102.455000,101.636000,101.611000
202304,russell,mercedes,PUBLIC_DERIVED,11,102.073000,101.654000,
202304,ocon,alpine,PUBLIC_DERIVED,12,102.622000,101.798000,
202304,albon,williams,PUBLIC_DERIVED,13,102.171000,101.818000,
202304,bottas,alfa,PUBLIC_DERIVED,14,102.582000,102.259000,
202304,sargeant,williams,PUBLIC_DERIVED,15,102.242000,102.395000,
202304,zhou,alfa,PUBLIC_DERIVED,16,102.642000,,
202304,hulkenberg,haas,PUBLIC_DERIVED,17,102.755000,,
202304,kevin_magnussen,haas,PUBLIC_DERIVED,18,103.417000,,
202304,gasly,alpine,PUBLIC_DERIVED,19,104.853000,,
202304,de_vries,alphatauri,PUBLIC_DERIVED,20,115.282000,,
202305,perez,red_bull,PUBLIC_DERIVED,1,87.713000,87.328000,86.841000
202305,alonso,aston_martin,PUBLIC_DERIVED,2,88.179000,87.097000,87.202000
202305,sainz,ferrari,PUBLIC_DERIVED,3,87.686000,87.148000,87.349000
202305,kevin_magnussen,haas,PUBLIC_DERIVED,4,87.809000,87.673000,87.767000
202305,gasly,alpine,PUBLIC_DERIVED,5,88.061000,87.612000,87.786000
202305,russell,mercedes,PUBLIC_DERIVED,6,88.086000,87.743000,87.804000
202305,leclerc,ferrari,PUBLIC_DERIVED,7,87.713000,86.964000,87.861000
202305,ocon,alpine,PUBLIC_DERIVED,8,87.872000,87.444000,87.935000
202305,max_verstappen,red_bull,PUBLIC_DERIVED,9,87.363000,86.814000,
202305,bottas,alfa,PUBLIC_DERIVED,10,87.864000,87.564000,
202305,albon,williams,PUBLIC_DERIVED,11,88.234000,87.795000,
202305,hulkenberg,haas,PUBLIC_DERIVED,12,87.945000,87.903000,
202305,hamilton,mercedes,PUBLIC_DERIVED,13,87.846000,87.975000,
202305,zhou,alfa,PUBLIC_DERIVED,14,88.180000,88.091000,
202305,de_vries,alphatauri,PUBLIC_DERIVED,15,88.325000,88.395000,
202305,norris,mclaren,PUBLIC_DERIVED,16,88.394000,,
202305,tsunoda,alphatauri,PUBLIC_DERIVED,17,88.429000,,
202305,stroll,aston_martin,PUBLIC_DERIVED,18,88.476000,,
202305,piastri,mclaren,PUBLIC_DERIVED,19,88.484000,,
202305,sargeant,williams,PUBLIC_DERIVED,20,88.577000,,
202306,max_verstappen,red_bull,PUBLIC_DERIVED,1,72.386000,71.908000,71.365000
202306,alonso,aston_martin,PUBLIC_DERIVED,2,72.886000,72.107000,71.449000
202306,leclerc,ferrari,PUBLIC_DERIVED,3,72.912000,72.103000,71.471000
202306,ocon,alpine,PUBLIC_DERIVED,4,72.967000,72.248000,71.553000
202306,sainz,ferrari,PUBLIC_DERIVED,5,72.717000,72.210000,71.630000
202306,hamilton,mercedes,PUBLIC_DERIVED,6,72.872000,72.156000,71.725000
202306,gasly,alpine,PUBLIC_DERIVED,7,73.033000,72.169000,71.933000
202306,russell,mercedes,PUBLIC_DERIVED,8,72.769000,72.151000,71.964000
202306,tsunoda,alphatauri,PUBLIC_DERIVED,9,72.642000,72.249000,72.082000
202306,norris,mclaren,PUBLIC_DERIVED,10,72.877000,72.377000,72.254000
202306,piastri,mclaren,PUBLIC_DERIVED,11,73.006000,72.395000,
202306,de_vries,alphatauri,PUBLIC_DERIVED,12,73.054000,72.428000,
202306,albon,williams,PUBLIC_DERIVED,13,72.706000,72.527000,
202306,stroll,aston_martin,PUBLIC_DERIVED,14,72.722000,72.623000,
202306,bottas,alfa,PUBLIC_DERIVED,15,73.038000,72.625000,
202306,sargeant,williams,PUBLIC_DERIVED,16,73.113000,,
202306,kevin_magnussen,haas,PUBLIC_DERIVED,17,73.270000,,
202306,hulkenberg,haas,PUBLIC_DERIVED,18,73.279000,,
202306,zhou,alfa,PUBLIC_DERIVED,19,73.523000,,
202306,perez,red_bull,PUBLIC_DERIVED,20,73.850000,,
202307,max_verstappen,red_bull,PUBLIC_DERIVED,1,73.615000,72.760000,72.272000
202307,sainz,ferrari,PUBLIC_DERIVED,2,73.411000,72.790000,72.734000
202307,norris,mclaren,PUBLIC_DERIVED,3,73.295000,72.776000,72.792000
202307,gasly,alpine,PUBLIC_DERIVED,4,73.471000,73.186000,72.816000
202307,hamilton,mercedes,PUBLIC_DERIVED,5,72.937000,72.999000,72.818000
202307,stroll,aston_martin,PUBLIC_DERIVED,6,73.766000,73.082000,72.994000
202307,ocon,alpine,PUBLIC_DERIVED,7,73.433000,73.001000,73.083000
202307,hulkenberg,haas,PUBLIC_DERIVED,8,73.420000,73.283000,73.229000
202307,alonso,aston_martin,PUBLIC_DERIVED,9,73.747000,73.098000,73.507000
202307,piastri,mclaren,PUBLIC_DERIVED,10,73.691000,73.059000,73.682000
202307,perez,red_bull,PUBLIC_DERIVED,11,73.874000,73.334000,
202307,russell,mercedes,PUBLIC_DERIVED,12,73.326000,73.447000,
202307,zhou,alfa,PUBLIC_DERIVED,13,73.677000,73.521000,
202307,de_vries,alphatauri,PUBLIC_DERIVED,14,73.581000,74.083000,
202307,tsunoda,alphatauri,PUBLIC_DERIVED,15,73.862000,74.477000,
202307,bottas,alfa,PUBLIC_DERIVED,16,73.977000,,
202307,kevin_magnussen,haas,PUBLIC_DERIVED,17,74.042000,,
202307,albon,williams,PUBLIC_DERIVED,18,74.063000,,
202307,leclerc,ferrari,PUBLIC_DERIVED,19,74.079000,,
202307,sargeant,williams,PUBLIC_DERIVED,20,74.699000,,
202308,max_verstappen,red_bull,PUBLIC_DERIVED,1,80.851000,79.092000,85.858000
202308,hulkenberg,haas,PUBLIC_DERIVED,2,82.730000,80.305000,87.102000
202308,alonso,aston_martin,PUBLIC_DERIVED,3,81.481000,79.776000,87.286000
202308,hamilton,mercedes,PUBLIC_DERIVED,4,81.554000,80.426000,87.627000
202308,russell,mercedes,PUBLIC_DERIVED,5,81.798000,80.098000,87.893000
202308,ocon,alpine,PUBLIC_DERIVED,6,82.114000,80.406000,87.945000
202308,norris,mclaren,PUBLIC_DERIVED,7,81.998000,79.347000,88.046000
202308,sainz,ferrari,PUBLIC_DERIVED,8,82.248000,79.856000,89.294000
202308,piastri,mclaren,PUBLIC_DERIVED,9,82.190000,79.659000,91.349000
202308,albon,williams,PUBLIC_DERIVED,10,81.938000,78.725000,
202308,leclerc,ferrari,PUBLIC_DERIVED,11,81.843000,80.615000,
202308,perez,red_bull,PUBLIC_DERIVED,12,82.151000,80.959000,
202308,stroll,aston_martin,PUBLIC_DERIVED,13,82.677000,81.484000,
202308,kevin_magnussen,haas,PUBLIC_DERIVED,14,82.351000,81.678000,
202308,bottas,alfa,PUBLIC_DERIVED,15,82.332000,81.821000,
202308,tsunoda,alphatauri,PUBLIC_DERIVED,16,82.746000,,
202308,gasly,alpine,PUBLIC_DERIVED,17,82.886000,,
202308,de_vries,alphatauri,PUBLIC_DERIVED,18,83.137000,,
202308,sargeant,williams,PUBLIC_DERIVED,19,83.337000,,
202308,zhou,alfa,PUBLIC_DERIVED,20,83.342000,,
202309,max_verstappen,red_bull,PUBLIC_DERIVED,1,65.116000,64.951000,64.391000
202309,leclerc,ferrari,PUBLIC_DERIVED,2,65.577000,65.087000,64.439000
202309,sainz,ferrari,PUBLIC_DERIVED,3,65.339000,64.975000,64.581000
202309,norris,mclaren,PUBLIC_DERIVED,4,65.617000,65.038000,64.658000
202309,hamilton,mercedes,PUBLIC_DERIVED,5,65.673000,65.188000,64.819000
202309,stroll,aston_martin,PUBLIC_DERIVED,6,65.710000,65.121000,64.893000
202309,alonso,aston_martin,PUBLIC_DERIVED,7,65.655000,65.181000,64.911000
202309,hulkenberg,haas,PUBLIC_DERIVED,8,65.740000,65.362000,65.090000
202309,gasly,alpine,PUBLIC_DERIVED,9,65.515000,65.308000,65.170000
202309,albon,williams,PUBLIC_DERIVED,10,65.673000,65.387000,65.823000
202309,russell,mercedes,PUBLIC_DERIVED,11,65.686000,65.428000,
202309,ocon,alpine,PUBLIC_DERIVED,12,65.729000,65.453000,
202309,piastri,mclaren,PUBLIC_DERIVED,13,65.683000,65.605000,
202309,bottas,alfa,PUBLIC_DERIVED,14,65.763000,65.680000,
202309,perez,red_bull,PUBLIC_DERIVED,15,65.177000,126.688000,
202309,tsunoda,alphatauri,PUBLIC_DERIVED,16,65.784000,,
202309,zhou,alfa,PUBLIC_DERIVED,17,65.818000,,
202309,sargeant,williams,PUBLIC_DERIVED,18,65.948000,,
202309,kevin_magnussen,haas,PUBLIC_DERIVED,19,65.971000,,
202309,de_vries,alphatauri,PUBLIC_DERIVED,20,65.974000,,
202310,max_verstappen,red_bull,PUBLIC_DERIVED,1,89.428000,87.702000,86.720000
202310,norris,mclaren,PUBLIC_DERIVED,2,88.917000,88.042000,86.961000
202310,piastri,mclaren,PUBLIC_DERIVED,3,89.874000,87.845000,87.092000
202310,leclerc,ferrari,PUBLIC_DERIVED,4,89.143000,88.361000,87.136000
202310,sainz,ferrari,PUBLIC_DERIVED,5,89.865000,88.265000,87.148000
202310,russell,mercedes,PUBLIC_DERIVED,6,89.412000,88.782000,87.155000
202310,hamilton,mercedes,PUBLIC_DERIVED,7,89.415000,88.545000,87.211000
202310,albon,williams,PUBLIC_DERIVED,8,89.466000,88.067000,87.530000
202310,alonso,aston_martin,PUBLIC_DERIVED,9,89.949000,88.368000,87.659000
202310,gasly,alpine,PUBLIC_DERIVED,10,89.533000,88.751000,87.689000
202310,hulkenberg,haas,PUBLIC_DERIVED,11,89.603000,88.896000,
202310,stroll,aston_martin,PUBLIC_DERIVED,12,89.448000,88.935000,
202310,ocon,alpine,PUBLIC_DERIVED,13,89.700000,88.956000,
202310,sargeant,williams,PUBLIC_DERIVED,14,89.873000,89.031000,
202310,perez,red_bull,PUBLIC_DERIVED,15,89.968000,,
202310,bottas,alfa,PUBLIC_DERIVED,15,89.798000,,
202310,tsunoda,alphatauri,PUBLIC_DERIVED,16,90.025000,,
202310,zhou,alfa,PUBLIC_DERIVED,17,90.123000,,
202310,de_vries,alphatauri,PUBLIC_DERIVED,18,90.513000,,
202310,kevin_magnussen,haas,PUBLIC_DERIVED,19,92.378000,,
202311,hamilton,mercedes,PUBLIC_DERIVED,1,78.577000,77.427000,76.609000
202311,max_verstappen,red_bull,PUBLIC_DERIVED,2,78.318000,77.547000,76.612000
202311,norris,mclaren,PUBLIC_DERIVED,3,78.697000,77.328000,76.694000
202311,piastri,mclaren,PUBLIC_DERIVED,4,78.464000,77.571000,76.905000
202311,zhou,alfa,PUBLIC_DERIVED,5,78.143000,77.700000,76.971000
202311,leclerc,ferrari,PUBLIC_DERIVED,6,78.440000,77.580000,76.992000
202311,bottas,alfa,PUBLIC_DERIVED,7,78.775000,77.563000,77.034000
202311,alonso,aston_martin,PUBLIC_DERIVED,8,78.580000,77.701000,77.035000
202311,perez,red_bull,PUBLIC_DERIVED,9,78.360000,77.675000,77.045000
202311,hulkenberg,haas,PUBLIC_DERIVED,10,78.695000,77.652000,77.186000
202311,sainz,ferrari,PUBLIC_DERIVED,11,78.393000,77.703000,
202311,ocon,alpine,PUBLIC_DERIVED,12,78.854000,77.841000,
202311,ricciardo,alphatauri,PUBLIC_DERIVED,13,78.906000,78.002000,
202311,stroll,aston_martin,PUBLIC_DERIVED,14,78.782000,78.144000,
202311,gasly,alpine,PUBLIC_DERIVED,15,78.743000,78.217000,
202311,albon,williams,PUBLIC_DERIVED,16,78.917000,,
202311,tsunoda,alphatauri,PUBLIC_DERIVED,17,78.919000,,
202311,russell,mercedes,PUBLIC_DERIVED,18,79.027000,,
202311,kevin_magnussen,haas,PUBLIC_DERIVED,19,79.206000,,
202311,sargeant,williams,PUBLIC_DERIVED,20,79.248000,,
202312,max_verstappen,red_bull,PUBLIC_DERIVED,1,118.515000,112.784000,106.168000
202312,leclerc,ferrari,PUBLIC_DERIVED,2,118.300000,112.017000,106.988000
202312,perez,red_bull,PUBLIC_DERIVED,3,118.899000,112.353000,107.045000
202312,hamilton,mercedes,PUBLIC_DERIVED,4,118.563000,112.345000,107.087000
202312,sainz,ferrari,PUBLIC_DERIVED,5,118.688000,111.711000,107.152000
202312,piastri,mclaren,PUBLIC_DERIVED,6,118.872000,111.534000,107.365000
202312,norris,mclaren,PUBLIC_DERIVED,7,119.981000,112.252000,107.669000
202312,russell,mercedes,PUBLIC_DERIVED,8,119.035000,112.605000,107.805000
202312,alonso,aston_martin,PUBLIC_DERIVED,9,118.834000,112.751000,107.843000
202312,stroll,aston_martin,PUBLIC_DERIVED,10,119.663000,112.193000,108.841000
202312,tsunoda,alphatauri,PUBLIC_DERIVED,11,119.044000,113.148000,
202312,gasly,alpine,PUBLIC_DERIVED,12,119.511000,113.671000,
202312,kevin_magnussen,haas,PUBLIC_DERIVED,13,120.020000,114.160000,
202312,bottas,alfa,PUBLIC_DERIVED,14,119.484000,114.694000,
202312,ocon,alpine,PUBLIC_DERIVED,15,119.634000,116.372000,
202312,albon,williams,PUBLIC_DERIVED,16,120.314000,,
202312,zhou,alfa,PUBLIC_DERIVED,17,120.832000,,
202312,sargeant,williams,PUBLIC_DERIVED,18,121.535000,,
202312,ricciardo,alphatauri,PUBLIC_DERIVED,19,122.159000,,
202312,hulkenberg,haas,PUBLIC_DERIVED,20,123.166000,,
202313,max_verstappen,red_bull,PUBLIC_DERIVED,1,80.965000,78.856000,70.567000
202313,norris,mclaren,PUBLIC_DERIVED,2,81.276000,79.769000,71.104000
202313,russell,mercedes,PUBLIC_DERIVED,3,81.345000,79.620000,71.294000
202313,albon,williams,PUBLIC_DERIVED,4,80.939000,79.399000,71.419000
202313,alonso,aston_martin,PUBLIC_DERIVED,5,81.840000,79.429000,71.506000
202313,sainz,ferrari,PUBLIC_DERIVED,6,81.321000,79.929000,71.754000
202313,perez,red_bull,PUBLIC_DERIVED,7,81.972000,79.856000,71.880000
202313,piastri,mclaren,PUBLIC_DERIVED,8,81.231000,79.392000,71.938000
202313,leclerc,ferrari,PUBLIC_DERIVED,9,82.019000,79.600000,72.665000
202313,sargeant,williams,PUBLIC_DERIVED,10,82.036000,80.067000,76.748000
202313,stroll,aston_martin,PUBLIC_DERIVED,11,81.570000,80.121000,
202313,gasly,alpine,PUBLIC_DERIVED,12,81.735000,80.128000,
202313,hamilton,mercedes,PUBLIC_DERIVED,13,81.919000,80.151000,
202313,tsunoda,alphatauri,PUBLIC_DERIVED,14,81.781000,80.230000,
202313,hulkenberg,haas,PUBLIC_DERIVED,15,81.891000,80.250000,
202313,zhou,alfa,PUBLIC_DERIVED,16,82.067000,,
202313,ocon,alpine,PUBLIC_DERIVED,17,82.110000,,
202313,kevin_magnussen,haas,PUBLIC_DERIVED,18,82.192000,,
202313,bottas,alfa,PUBLIC_DERIVED,19,82.260000,,
202313,lawson,alphatauri,PUBLIC_DERIVED,20,83.420000,,
202314,sainz,ferrari,PUBLIC_DERIVED,1,81.965000,80.991000,80.294000
202314,max_verstappen,red_bull,PUBLIC_DERIVED,2,81.573000,80.937000,80.307000
202314,leclerc,ferrari,PUBLIC_DERIVED,3,81.788000,80.977000,80.361000
202314,russell,mercedes,PUBLIC_DERIVED,4,82.148000,81.382000,80.671000
202314,perez,red_bull,PUBLIC_DERIVED,5,81.911000,81.240000,80.688000
202314,albon,williams,PUBLIC_DERIVED,6,81.661000,81.272000,80.760000
202314,piastri,mclaren,PUBLIC_DERIVED,7,82.106000,81.527000,80.785000
202314,hamilton,mercedes,PUBLIC_DERIVED,8,81.977000,81.369000,80.820000
202314,norris,mclaren,PUBLIC_DERIVED,9,81.995000,81.581000,80.979000
202314,alonso,aston_martin,PUBLIC_DERIVED,10,82.043000,81.543000,81.417000
202314,tsunoda,alphatauri,PUBLIC_DERIVED,11,81.852000,81.594000,
202314,lawson,alphatauri,PUBLIC_DERIVED,12,82.112000,81.758000,
202314,hulkenberg,haas,PUBLIC_DERIVED,13,82.343000,81.776000,
202314,bottas,alfa,PUBLIC_DERIVED,14,82.249000,81.940000,
202314,sargeant,williams,PUBLIC_DERIVED,15,81.930000,81.944000,
202314,zhou,alfa,PUBLIC_DERIVED,16,82.390000,,
202314,gasly,alpine,PUBLIC_DERIVED,17,82.545000,,
202314,ocon,alpine,PUBLIC_DERIVED,18,82.548000,,
202314,kevin_magnussen,haas,PUBLIC_DERIVED,19,82.592000,,
202314,stroll,aston_martin,PUBLIC_DERIVED,20,82.860000,,
202315,sainz,ferrari,PUBLIC_DERIVED,1,92.339000,91.439000,90.984000
202315,russell,mercedes,PUBLIC_DERIVED,2,92.331000,91.743000,91.056000
202315,leclerc,ferrari,PUBLIC_DERIVED,3,92.406000,92.012000,91.063000
202315,norris,mclaren,PUBLIC_DERIVED,4,92.483000,91.951000,91.270000
202315,hamilton,mercedes,PUBLIC_DERIVED,5,92.651000,92.019000,91.485000
202315,kevin_magnussen,haas,PUBLIC_DERIVED,6,92.242000,91.892000,91.575000
202315,alonso,aston_martin,PUBLIC_DERIVED,7,92.584000,91.835000,91.615000
202315,ocon,alpine,PUBLIC_DERIVED,8,92.369000,92.089000,91.673000
202315,hulkenberg,haas,PUBLIC_DERIVED,9,92.100000,91.994000,91.808000
202315,lawson,alphatauri,PUBLIC_DERIVED,10,92.215000,92.166000,92.268000
202315,max_verstappen,red_bull,PUBLIC_DERIVED,11,92.398000,92.173000,
202315,gasly,alpine,PUBLIC_DERIVED,12,92.452000,92.274000,
202315,perez,red_bull,PUBLIC_DERIVED,13,92.099000,92.310000,
202315,albon,williams,PUBLIC_DERIVED,14,92.668000,93.719000,
202315,tsunoda,alphatauri,PUBLIC_DERIVED,15,91.991000,,
202315,bottas,alfa,PUBLIC_DERIVED,16,92.809000,,
202315,piastri,mclaren,PUBLIC_DERIVED,17,92.902000,,
202315,sargeant,williams,PUBLIC_DERIVED,18,93.252000,,
202315,zhou,alfa,PUBLIC_DERIVED,19,93.258000,,
202315,stroll,aston_martin,PUBLIC_DERIVED,20,93.397000,,
202316,max_verstappen,red_bull,PUBLIC_DERIVED,1,89.878000,89.964000,88.877000
202316,piastri,mclaren,PUBLIC_DERIVED,2,90.439000,90.122000,89.458000
202316,norris,mclaren,PUBLIC_DERIVED,3,90.063000,90.296000,89.493000
202316,leclerc,ferrari,PUBLIC_DERIVED,4,90.393000,89.940000,89.542000
202316,perez,red_bull,PUBLIC_DERIVED,5,90.652000,89.965000,89.650000
202316,sainz,ferrari,PUBLIC_DERIVED,6,90.651000,90.067000,89.850000
202316,hamilton,mercedes,PUBLIC_DERIVED,7,90.811000,90.040000,89.908000
202316,russell,mercedes,PUBLIC_DERIVED,8,90.811000,90.268000,90.219000
202316,tsunoda,alphatauri,PUBLIC_DERIVED,9,90.733000,90.204000,90.303000
202316,alonso,aston_martin,PUBLIC_DERIVED,10,90.971000,90.465000,90.560000
202316,lawson,alphatauri,PUBLIC_DERIVED,11,90.425000,90.508000,
202316,gasly,alpine,PUBLIC_DERIVED,12,90.843000,90.509000,
202316,albon,williams,PUBLIC_DERIVED,13,90.941000,90.537000,
202316,ocon,alpine,PUBLIC_DERIVED,14,90.960000,90.586000,
202316,kevin_magnussen,haas,PUBLIC_DERIVED,15,90.976000,90.665000,
202316,bottas,alfa,PUBLIC_DERIVED,16,91.049000,,
202316,stroll,aston_martin,PUBLIC_DERIVED,17,91.181000,,
202316,hulkenberg,haas,PUBLIC_DERIVED,18,91.299000,,
202316,zhou,alfa,PUBLIC_DERIVED,19,91.398000,,
202316,sargeant,williams,PUBLIC_DERIVED,20,,,
202317,max_verstappen,red_bull,PUBLIC_DERIVED,1,85.007000,84.483000,83.778000
202317,russell,mercedes,PUBLIC_DERIVED,2,85.334000,84.827000,84.219000
202317,hamilton,mercedes,PUBLIC_DERIVED,3,86.076000,84.381000,84.305000
202317,alonso,aston_martin,PUBLIC_DERIVED,4,85.223000,85.241000,84.369000
202317,leclerc,ferrari,PUBLIC_DERIVED,5,85.452000,85.079000,84.424000
202317,piastri,mclaren,PUBLIC_DERIVED,6,85.266000,84.724000,84.540000
202317,gasly,alpine,PUBLIC_DERIVED,7,85.566000,84.918000,84.553000
202317,ocon,alpine,PUBLIC_DERIVED,8,85.711000,84.928000,84.763000
202317,bottas,alfa,PUBLIC_DERIVED,9,86.038000,85.297000,85.058000
202317,norris,mclaren,PUBLIC_DERIVED,10,85.131000,84.685000,
202317,tsunoda,alphatauri,PUBLIC_DERIVED,11,86.058000,85.301000,
202317,sainz,ferrari,PUBLIC_DERIVED,12,85.808000,85.328000,
202317,perez,red_bull,PUBLIC_DERIVED,13,85.991000,85.462000,
202317,albon,williams,PUBLIC_DERIVED,14,86.118000,85.707000,
202317,hulkenberg,haas,PUBLIC_DERIVED,15,85.904000,85.783000,
202317,sargeant,williams,PUBLIC_DERIVED,16,86.210000,,
202317,stroll,aston_martin,PUBLIC_DERIVED,17,86.345000,,
202317,lawson,alphatauri,PUBLIC_DERIVED,18,86.635000,,
202317,kevin_magnussen,haas,PUBLIC_DERIVED,19,87.046000,,
202317,zhou,alfa,PUBLIC_DERIVED,20,87.432000,,
202318,leclerc,ferrari,PUBLIC_DERIVED,1,96.061000,95.004000,94.723000
202318,norris,mclaren,PUBLIC_DERIVED,2,95.110000,95.441000,94.853000
202318,hamilton,mercedes,PUBLIC_DERIVED,3,95.091000,95.240000,94.862000
202318,sainz,ferrari,PUBLIC_DERIVED,4,95.824000,95.302000,94.945000
202318,russell,mercedes,PUBLIC_DERIVED,5,96.165000,95.606000,95.079000
202318,max_verstappen,red_bull,PUBLIC_DERIVED,6,95.346000,95.008000,95.081000
202318,gasly,alpine,PUBLIC_DERIVED,7,96.158000,95.496000,95.089000
202318,ocon,alpine,PUBLIC_DERIVED,8,96.131000,95.413000,95.154000
202318,perez,red_bull,PUBLIC_DERIVED,9,95.989000,95.679000,95.173000
202318,piastri,mclaren,PUBLIC_DERIVED,10,96.064000,95.576000,95.467000
202318,tsunoda,alphatauri,PUBLIC_DERIVED,11,95.913000,95.697000,
202318,zhou,alfa,PUBLIC_DERIVED,12,96.052000,95.698000,
202318,bottas,alfa,PUBLIC_DERIVED,13,96.082000,95.858000,
202318,kevin_magnussen,haas,PUBLIC_DERIVED,14,96.009000,95.880000,
202318,ricciardo,alphatauri,PUBLIC_DERIVED,15,96.213000,95.974000,
202318,hulkenberg,haas,PUBLIC_DERIVED,16,96.235000,,
202318,alonso,aston_martin,PUBLIC_DERIVED,17,96.268000,,
202318,albon,williams,PUBLIC_DERIVED,18,96.315000,,
202318,stroll,aston_martin,PUBLIC_DERIVED,19,96.589000,,
202318,sargeant,williams,PUBLIC_DERIVED,20,96.827000,,
202319,leclerc,ferrari,PUBLIC_DERIVED,1,78.401000,77.901000,77.166000
202319,sainz,ferrari,PUBLIC_DERIVED,2,78.755000,78.382000,77.233000
202319,max_verstappen,red_bull,PUBLIC_DERIVED,3,78.099000,77.625000,77.263000
202319,ricciardo,alphatauri,PUBLIC_DERIVED,4,78.341000,77.706000,77.382000
202319,perez,red_bull,PUBLIC_DERIVED,5,78.553000,78.124000,77.423000
202319,hamilton,mercedes,PUBLIC_DERIVED,6,78.677000,77.571000,77.454000
202319,piastri,mclaren,PUBLIC_DERIVED,7,78.241000,77.874000,77.623000
202319,russell,mercedes,PUBLIC_DERIVED,8,78.893000,77.673000,77.674000
202319,bottas,alfa,PUBLIC_DERIVED,9,78.429000,78.016000,78.032000
202319,zhou,alfa,PUBLIC_DERIVED,10,79.016000,78.440000,78.050000
202319,gasly,alpine,PUBLIC_DERIVED,11,78.945000,78.521000,
202319,hulkenberg,haas,PUBLIC_DERIVED,12,78.969000,78.524000,
202319,alonso,aston_martin,PUBLIC_DERIVED,13,78.848000,78.738000,
202319,albon,williams,PUBLIC_DERIVED,14,78.828000,79.147000,
202319,tsunoda,alphatauri,PUBLIC_DERIVED,15,78.890000,,
202319,ocon,alpine,PUBLIC_DERIVED,16,79.080000,,
202319,kevin_magnussen,haas,PUBLIC_DERIVED,17,79.163000,,
202319,stroll,aston_martin,PUBLIC_DERIVED,18,79.227000,,
202319,norris,mclaren,PUBLIC_DERIVED,19,81.554000,,
202319,sargeant,williams,PUBLIC_DERIVED,20,,,
202320,max_verstappen,red_bull,PUBLIC_DERIVED,1,70.436000,70.162000,70.727000
202320,leclerc,ferrari,PUBLIC_DERIVED,2,70.472000,70.303000,71.021000
202320,stroll,aston_martin,PUBLIC_DERIVED,3,70.551000,70.375000,71.344000
202320,alonso,aston_martin,PUBLIC_DERIVED,4,70.557000,70.237000,71.387000
202320,hamilton,mercedes,PUBLIC_DERIVED,5,70.604000,70.266000,71.469000
202320,russell,mercedes,PUBLIC_DERIVED,6,70.340000,70.316000,71.590000
202320,norris,mclaren,PUBLIC_DERIVED,7,70.623000,70.021000,71.987000
202320,sainz,ferrari,PUBLIC_DERIVED,8,70.624000,70.254000,71.989000
202320,perez,red_bull,PUBLIC_DERIVED,9,70.668000,70.219000,72.321000
202320,piastri,mclaren,PUBLIC_DERIVED,10,70.519000,70.330000,
202320,hulkenberg,haas,PUBLIC_DERIVED,11,70.475000,70.547000,
202320,ocon,alpine,PUBLIC_DERIVED,12,70.763000,70.562000,
202320,gasly,alpine,PUBLIC_DERIVED,13,70.793000,70.567000,
202320,kevin_magnussen,haas,PUBLIC_DERIVED,14,70.602000,70.723000,
202320,albon,williams,PUBLIC_DERIVED,15,70.621000,70.840000,
202320,tsunoda,alphatauri,PUBLIC_DERIVED,16,70.837000,,
202320,ricciardo,alphatauri,PUBLIC_DERIVED,17,70.843000,,
202320,bottas,alfa,PUBLIC_DERIVED,18,70.955000,,
202320,sargeant,williams,PUBLIC_DERIVED,19,71.035000,,
202320,zhou,alfa,PUBLIC_DERIVED,20,71.275000,,
202321,leclerc,ferrari,PUBLIC_DERIVED,1,93.617000,92.775000,92.726000
202321,sainz,ferrari,PUBLIC_DERIVED,2,93.851000,93.338000,92.770000
202321,max_verstappen,red_bull,PUBLIC_DERIVED,3,94.190000,93.572000,93.104000
202321,russell,mercedes,PUBLIC_DERIVED,4,94.137000,93.351000,93.112000
202321,gasly,alpine,PUBLIC_DERIVED,5,94.272000,93.494000,93.239000
202321,albon,williams,PUBLIC_DERIVED,6,94.634000,93.588000,93.323000
202321,sargeant,williams,PUBLIC_DERIVED,7,94.525000,93.733000,93.513000
202321,bottas,alfa,PUBLIC_DERIVED,8,94.305000,93.809000,93.525000
202321,kevin_magnussen,haas,PUBLIC_DERIVED,9,94.337000,93.664000,93.537000
202321,alonso,aston_martin,PUBLIC_DERIVED,10,94.422000,93.617000,93.555000
202321,hamilton,mercedes,PUBLIC_DERIVED,11,94.307000,93.837000,
202321,perez,red_bull,PUBLIC_DERIVED,12,94.574000,93.855000,
202321,hulkenberg,haas,PUBLIC_DERIVED,13,94.265000,93.979000,
202321,stroll,aston_martin,PUBLIC_DERIVED,14,94.504000,94.199000,
202321,ricciardo,alphatauri,PUBLIC_DERIVED,15,94.683000,94.308000,
202321,norris,mclaren,PUBLIC_DERIVED,16,94.703000,,
202321,ocon,alpine,PUBLIC_DERIVED,17,94.834000,,
202321,zhou,alfa,PUBLIC_DERIVED,18,94.849000,,
202321,piastri,mclaren,PUBLIC_DERIVED,19,94.850000,,
202321,tsunoda,alphatauri,PUBLIC_DERIVED,20,96.447000,,
202322,max_verstappen,red_bull,PUBLIC_DERIVED,1,84.160000,83.740000,83.445000
202322,leclerc,ferrari,PUBLIC_DERIVED,2,84.459000,83.969000,83.584000
202322,piastri,mclaren,PUBLIC_DERIVED,3,84.487000,84.278000,83.782000
202322,russell,mercedes,PUBLIC_DERIVED,4,84.337000,84.013000,83.788000
202322,norris,mclaren,PUBLIC_DERIVED,5,84.368000,83.920000,83.816000
202322,tsunoda,alphatauri,PUBLIC_DERIVED,6,84.286000,84.207000,83.968000
202322,alonso,aston_martin,PUBLIC_DERIVED,7,84.501000,84.131000,84.084000
202322,hulkenberg,haas,PUBLIC_DERIVED,8,84.425000,84.213000,84.108000
202322,perez,red_bull,PUBLIC_DERIVED,9,84.209000,84.116000,84.171000
202322,gasly,alpine,PUBLIC_DERIVED,10,84.600000,84.078000,84.548000
202322,hamilton,mercedes,PUBLIC_DERIVED,11,84.437000,84.359000,
202322,ocon,alpine,PUBLIC_DERIVED,12,84.565000,84.391000,
202322,stroll,aston_martin,PUBLIC_DERIVED,13,84.405000,84.422000,
202322,albon,williams,PUBLIC_DERIVED,14,84.298000,84.439000,
202322,ricciardo,alphatauri,PUBLIC_DERIVED,15,84.461000,84.442000,
202322,sainz,ferrari,PUBLIC_DERIVED,16,84.738000,,
202322,kevin_magnussen,haas,PUBLIC_DERIVED,17,84.764000,,
202322,bottas,alfa,PUBLIC_DERIVED,18,84.788000,,
202322,zhou,alfa,PUBLIC_DERIVED,19,85.159000,,
202322,sargeant,williams,PUBLIC_DERIVED,20,,,
202401,max_verstappen,red_bull,PUBLIC_DERIVED,1,90.031000,89.374000,89.179000
202401,leclerc,ferrari,PUBLIC_DERIVED,2,90.243000,89.165000,89.407000
202401,russell,mercedes,PUBLIC_DERIVED,3,90.350000,89.922000,89.485000
202401,sainz,ferrari,PUBLIC_DERIVED,4,89.909000,89.573000,89.507000
202401,perez,red_bull,PUBLIC_DERIVED,5,90.221000,89.932000,89.537000
202401,alonso,aston_martin,PUBLIC_DERIVED,6,90.179000,89.801000,89.542000
202401,norris,mclaren,PUBLIC_DERIVED,7,90.143000,89.941000,89.614000
202401,piastri,mclaren,PUBLIC_DERIVED,8,90.531000,90.122000,89.683000
202401,hamilton,mercedes,PUBLIC_DERIVED,9,90.451000,89.718000,89.710000
202401,hulkenberg,haas,PUBLIC_DERIVED,10,90.566000,89.851000,90.502000
202401,tsunoda,rb,PUBLIC_DERIVED,11,90.481000,90.129000,
202401,stroll,aston_martin,PUBLIC_DERIVED,12,89.965000,90.200000,
202401,albon,williams,PUBLIC_DERIVED,13,90.397000,90.221000,
202401,ricciardo,rb,PUBLIC_DERIVED,14,90.562000,90.278000,
202401,kevin_magnussen,haas,PUBLIC_DERIVED,15,90.646000,90.529000,
202401,bottas,sauber,PUBLIC_DERIVED,16,90.756000,,
202401,zhou,sauber,PUBLIC_DERIVED,17,90.757000,,
202401,sargeant,williams,PUBLIC_DERIVED,18,90.770000,,
202401,ocon,alpine,PUBLIC_DERIVED,19,90.793000,,
202401,gasly,alpine,PUBLIC_DERIVED,20,90.948000,,
202402,max_verstappen,red_bull,PUBLIC_DERIVED,1,88.171000,88.033000,87.472000
202402,leclerc,ferrari,PUBLIC_DERIVED,2,88.318000,88.112000,87.791000
202402,perez,red_bull,PUBLIC_DERIVED,3,88.638000,88.467000,87.807000
202402,alonso,aston_martin,PUBLIC_DERIVED,4,88.706000,88.122000,87.846000
202402,piastri,mclaren,PUBLIC_DERIVED,5,88.755000,88.343000,88.089000
202402,norris,mclaren,PUBLIC_DERIVED,6,88.805000,88.479000,88.132000
202402,russell,mercedes,PUBLIC_DERIVED,7,88.749000,88.448000,88.316000
202402,hamilton,mercedes,PUBLIC_DERIVED,8,88.994000,88.606000,88.460000
202402,tsunoda,rb,PUBLIC_DERIVED,9,88.988000,88.564000,88.547000
202402,stroll,aston_martin,PUBLIC_DERIVED,10,88.250000,88.578000,88.572000
202402,bearman,ferrari,PUBLIC_DERIVED,11,88.984000,88.642000,
202402,albon,williams,PUBLIC_DERIVED,12,89.107000,88.980000,
202402,kevin_magnussen,haas,PUBLIC_DERIVED,13,89.069000,89.020000,
202402,ricciardo,rb,PUBLIC_DERIVED,14,89.065000,89.025000,
202402,hulkenberg,haas,PUBLIC_DERIVED,15,89.055000,,
202402,bottas,sauber,PUBLIC_DERIVED,16,89.179000,,
202402,ocon,alpine,PUBLIC_DERIVED,17,89.475000,,
202402,gasly,alpine,PUBLIC_DERIVED,18,89.479000,,
202402,sargeant,williams,PUBLIC_DERIVED,19,89.526000,,
202402,zhou,sauber,PUBLIC_DERIVED,20,,,
202403,max_verstappen,red_bull,PUBLIC_DERIVED,1,76.819000,76.387000,75.915000
202403,sainz,ferrari,PUBLIC_DERIVED,2,76.731000,76.189000,76.185000
202403,perez,red_bull,PUBLIC_DERIVED,3,76.805000,76.631000,76.274000
202403,norris,mclaren,PUBLIC_DERIVED,4,77.430000,76.750000,76.315000
202403,leclerc,ferrari,PUBLIC_DERIVED,5,76.984000,76.304000,76.435000
202403,piastri,mclaren,PUBLIC_DERIVED,6,77.369000,76.601000,76.572000
202403,russell,mercedes,PUBLIC_DERIVED,7,77.062000,76.901000,76.724000
202403,tsunoda,rb,PUBLIC_DERIVED,8,77.356000,76.791000,76.788000
202403,stroll,aston_martin,PUBLIC_DERIVED,9,77.376000,76.780000,77.072000
202403,alonso,aston_martin,PUBLIC_DERIVED,10,76.991000,76.710000,77.552000
202403,hamilton,mercedes,PUBLIC_DERIVED,11,77.499000,76.960000,
202403,albon,williams,PUBLIC_DERIVED,12,77.130000,77.167000,
202403,bottas,sauber,PUBLIC_DERIVED,13,77.543000,77.340000,
202403,kevin_magnussen,haas,PUBLIC_DERIVED,14,77.709000,77.427000,
202403,ocon,alpine,PUBLIC_DERIVED,15,77.617000,77.697000,
202403,hulkenberg,haas,PUBLIC_DERIVED,16,77.976000,,
202403,gasly,alpine,PUBLIC_DERIVED,17,77.982000,,
202403,ricciardo,rb,PUBLIC_DERIVED,18,78.085000,,
202403,zhou,sauber,PUBLIC_DERIVED,19,78.188000,,
202404,max_verstappen,red_bull,PUBLIC_DERIVED,1,88.866000,88.740000,88.197000
202404,perez,red_bull,PUBLIC_DERIVED,2,89.303000,88.752000,88.263000
202404,norris,mclaren,PUBLIC_DERIVED,3,89.536000,88.940000,88.489000
202404,sainz,ferrari,PUBLIC_DERIVED,4,89.513000,89.099000,88.682000
202404,alonso,aston_martin,PUBLIC_DERIVED,5,89.254000,89.082000,88.686000
202404,piastri,mclaren,PUBLIC_DERIVED,6,89.425000,89.148000,88.760000
202404,hamilton,mercedes,PUBLIC_DERIVED,7,89.661000,88.887000,88.766000
202404,leclerc,ferrari,PUBLIC_DERIVED,8,89.338000,89.196000,88.786000
202404,russell,mercedes,PUBLIC_DERIVED,9,89.799000,89.140000,89.008000
202404,tsunoda,rb,PUBLIC_DERIVED,10,89.775000,89.417000,89.413000
202404,ricciardo,rb,PUBLIC_DERIVED,11,89.727000,89.472000,
202404,hulkenberg,haas,PUBLIC_DERIVED,12,89.821000,89.494000,
202404,bottas,sauber,PUBLIC_DERIVED,13,89.602000,89.593000,
202404,albon,williams,PUBLIC_DERIVED,14,89.963000,89.714000,
202404,ocon,alpine,PUBLIC_DERIVED,15,89.811000,89.816000,
202404,stroll,aston_martin,PUBLIC_DERIVED,16,90.024000,,
202404,gasly,alpine,PUBLIC_DERIVED,17,90.119000,,
202404,kevin_magnussen,haas,PUBLIC_DERIVED,18,90.131000,,
202404,sargeant,williams,PUBLIC_DERIVED,19,90.139000,,
202404,zhou,sauber,PUBLIC_DERIVED,20,90.143000,,
202405,max_verstappen,red_bull,PUBLIC_DERIVED,1,94.742000,93.794000,93.660000
202405,perez,red_bull,PUBLIC_DERIVED,2,95.457000,94.026000,93.982000
202405,alonso,aston_martin,PUBLIC_DERIVED,3,95.116000,94.652000,94.148000
202405,norris,mclaren,PUBLIC_DERIVED,4,94.842000,94.460000,94.165000
202405,piastri,mclaren,PUBLIC_DERIVED,5,95.014000,94.659000,94.273000
202405,leclerc,ferrari,PUBLIC_DERIVED,6,94.797000,94.399000,94.289000
202405,sainz,ferrari,PUBLIC_DERIVED,7,94.970000,94.368000,94.297000
202405,russell,mercedes,PUBLIC_DERIVED,8,95.084000,94.609000,94.433000
202405,hulkenberg,haas,PUBLIC_DERIVED,9,95.068000,94.667000,94.604000
202405,bottas,sauber,PUBLIC_DERIVED,10,95.169000,94.769000,94.665000
202405,stroll,aston_martin,PUBLIC_DERIVED,11,95.334000,94.838000,
202405,ricciardo,rb,PUBLIC_DERIVED,12,95.443000,94.934000,
202405,ocon,alpine,PUBLIC_DERIVED,13,95.356000,95.223000,
202405,albon,williams,PUBLIC_DERIVED,14,95.384000,95.241000,
202405,gasly,alpine,PUBLIC_DERIVED,15,95.287000,95.463000,
202405,zhou,sauber,PUBLIC_DERIVED,16,95.505000,,
202405,kevin_magnussen,haas,PUBLIC_DERIVED,17,95.516000,,
202405,hamilton,mercedes,PUBLIC_DERIVED,18,95.573000,,
202405,tsunoda,rb,PUBLIC_DERIVED,19,95.746000,,
202405,sargeant,williams,PUBLIC_DERIVED,20,96.358000,,
202406,max_verstappen,red_bull,PUBLIC_DERIVED,1,87.689000,87.566000,87.241000
202406,leclerc,ferrari,PUBLIC_DERIVED,2,88.081000,87.533000,87.382000
202406,sainz,ferrari,PUBLIC_DERIVED,3,87.937000,87.941000,87.455000
202406,perez,red_bull,PUBLIC_DERIVED,4,87.772000,87.839000,87.460000
202406,norris,mclaren,PUBLIC_DERIVED,5,87.913000,87.871000,87.594000
202406,piastri,mclaren,PUBLIC_DERIVED,6,88.032000,87.721000,87.675000
202406,russell,mercedes,PUBLIC_DERIVED,7,88.159000,88.095000,88.067000
202406,hamilton,mercedes,PUBLIC_DERIVED,8,88.167000,87.697000,88.107000
202406,hulkenberg,haas,PUBLIC_DERIVED,9,88.383000,88.200000,88.146000
202406,tsunoda,rb,PUBLIC_DERIVED,10,88.324000,88.167000,88.192000
202406,stroll,aston_martin,PUBLIC_DERIVED,11,88.177000,88.222000,
202406,gasly,alpine,PUBLIC_DERIVED,12,87.976000,88.324000,
202406,ocon,alpine,PUBLIC_DERIVED,13,88.209000,88.371000,
202406,albon,williams,PUBLIC_DERIVED,14,88.343000,88.413000,
202406,alonso,aston_martin,PUBLIC_DERIVED,15,88.453000,88.427000,
202406,bottas,sauber,PUBLIC_DERIVED,16,88.463000,,
202406,sargeant,williams,PUBLIC_DERIVED,17,88.487000,,
202406,ricciardo,rb,PUBLIC_DERIVED,18,88.617000,,
202406,kevin_magnussen,haas,PUBLIC_DERIVED,19,88.619000,,
202406,zhou,sauber,PUBLIC_DERIVED,20,88.824000,,
202407,max_verstappen,red_bull,PUBLIC_DERIVED,1,75.762000,75.176000,74.746000
202407,piastri,mclaren,PUBLIC_DERIVED,2,75.940000,75.407000,74.820000
202407,norris,mclaren,PUBLIC_DERIVED,3,75.915000,75.371000,74.837000
202407,leclerc,ferrari,PUBLIC_DERIVED,4,75.823000,75.328000,74.970000
202407,sainz,ferrari,PUBLIC_DERIVED,5,76.015000,75.512000,75.233000
202407,russell,mercedes,PUBLIC_DERIVED,6,76.107000,75.671000,75.234000
202407,tsunoda,rb,PUBLIC_DERIVED,7,75.894000,75.358000,75.465000
202407,hamilton,mercedes,PUBLIC_DERIVED,8,76.604000,75.677000,75.504000
202407,ricciardo,rb,PUBLIC_DERIVED,9,76.060000,75.691000,75.674000
202407,hulkenberg,haas,PUBLIC_DERIVED,10,75.841000,75.569000,75.980000
202407,perez,red_bull,PUBLIC_DERIVED,11,76.404000,75.706000,
202407,ocon,alpine,PUBLIC_DERIVED,12,76.361000,75.906000,
202407,stroll,aston_martin,PUBLIC_DERIVED,13,76.458000,75.992000,
202407,albon,williams,PUBLIC_DERIVED,14,76.524000,76.200000,
202407,gasly,alpine,PUBLIC_DERIVED,15,76.015000,76.381000,
202407,bottas,sauber,PUBLIC_DERIVED,16,76.626000,,
202407,zhou,sauber,PUBLIC_DERIVED,17,76.834000,,
202407,kevin_magnussen,haas,PUBLIC_DERIVED,18,76.854000,,
202407,alonso,aston_martin,PUBLIC_DERIVED,19,76.917000,,
202407,sargeant,williams,PUBLIC_DERIVED,20,,,
202408,leclerc,ferrari,PUBLIC_DERIVED,1,71.584000,70.825000,70.270000
202408,piastri,mclaren,PUBLIC_DERIVED,2,71.500000,70.756000,70.424000
202408,sainz,ferrari,PUBLIC_DERIVED,3,71.543000,71.075000,70.518000
202408,norris,mclaren,PUBLIC_DERIVED,4,71.760000,70.732000,70.542000
202408,russell,mercedes,PUBLIC_DERIVED,5,71.492000,70.929000,70.543000
202408,max_verstappen,red_bull,PUBLIC_DERIVED,6,71.711000,70.745000,70.567000
202408,hamilton,mercedes,PUBLIC_DERIVED,7,71.528000,71.056000,70.621000
202408,tsunoda,rb,PUBLIC_DERIVED,8,71.852000,71.106000,70.858000
202408,albon,williams,PUBLIC_DERIVED,9,71.623000,71.216000,70.948000
202408,gasly,alpine,PUBLIC_DERIVED,10,71.714000,70.896000,71.311000
202408,ocon,alpine,PUBLIC_DERIVED,11,71.887000,71.285000,
202408,ricciardo,rb,PUBLIC_DERIVED,12,71.785000,71.482000,
202408,stroll,aston_martin,PUBLIC_DERIVED,13,71.728000,71.563000,
202408,alonso,aston_martin,PUBLIC_DERIVED,14,72.019000,,
202408,hulkenberg,haas,PUBLIC_DERIVED,14,71.876000,71.440000,
202408,sargeant,williams,PUBLIC_DERIVED,15,72.020000,,
202408,kevin_magnussen,haas,PUBLIC_DERIVED,15,71.832000,71.725000,
202408,perez,red_bull,PUBLIC_DERIVED,16,72.060000,,
202408,bottas,sauber,PUBLIC_DERIVED,17,72.512000,,
202408,zhou,sauber,PUBLIC_DERIVED,18,73.028000,,
202409,russell,mercedes,PUBLIC_DERIVED,1,73.013000,71.742000,72.000000
202409,max_verstappen,red_bull,PUBLIC_DERIVED,2,72.360000,72.549000,72.000000
202409,norris,mclaren,PUBLIC_DERIVED,3,72.959000,72.201000,72.021000
202409,piastri,mclaren,PUBLIC_DERIVED,4,72.907000,72.462000,72.103000
202409,ricciardo,rb,PUBLIC_DERIVED,5,73.240000,72.572000,72.178000
202409,alonso,aston_martin,PUBLIC_DERIVED,6,73.117000,72.635000,72.228000
202409,hamilton,mercedes,PUBLIC_DERIVED,7,72.851000,71.979000,72.280000
202409,tsunoda,rb,PUBLIC_DERIVED,8,72.748000,72.303000,72.414000
202409,stroll,aston_martin,PUBLIC_DERIVED,9,73.088000,72.659000,72.701000
202409,albon,williams,PUBLIC_DERIVED,10,72.896000,72.485000,72.796000
202409,leclerc,ferrari,PUBLIC_DERIVED,11,73.107000,72.691000,
202409,sainz,ferrari,PUBLIC_DERIVED,12,73.038000,72.728000,
202409,sargeant,williams,PUBLIC_DERIVED,13,73.063000,72.736000,
202409,kevin_magnussen,haas,PUBLIC_DERIVED,14,73.217000,72.916000,
202409,gasly,alpine,PUBLIC_DERIVED,15,73.289000,72.940000,
202409,perez,red_bull,PUBLIC_DERIVED,16,73.326000,,
202409,bottas,sauber,PUBLIC_DERIVED,17,73.366000,,
202409,ocon,alpine,PUBLIC_DERIVED,18,73.435000,,
202409,hulkenberg,haas,PUBLIC_DERIVED,19,73.978000,,
202409,zhou,sauber,PUBLIC_DERIVED,20,74.292000,,
202410,norris,mclaren,PUBLIC_DERIVED,1,72.386000,71.872000,71.383000
202410,max_verstappen,red_bull,PUBLIC_DERIVED,2,72.306000,71.653000,71.403000
202410,hamilton,mercedes,PUBLIC_DERIVED,3,72.143000,71.792000,71.701000
202410,russell,mercedes,PUBLIC_DERIVED,4,72.456000,71.812000,71.703000
202410,leclerc,ferrari,PUBLIC_DERIVED,5,72.257000,72.038000,71.731000
202410,sainz,ferrari,PUBLIC_DERIVED,6,72.403000,71.874000,71.736000
202410,gasly,alpine,PUBLIC_DERIVED,7,72.651000,72.079000,71.857000
202410,perez,red_bull,PUBLIC_DERIVED,8,72.477000,72.054000,72.061000
202410,ocon,alpine,PUBLIC_DERIVED,9,72.691000,72.109000,72.125000
202410,piastri,mclaren,PUBLIC_DERIVED,10,72.460000,72.011000,
202410,alonso,aston_martin,PUBLIC_DERIVED,11,72.505000,72.128000,
202410,bottas,sauber,PUBLIC_DERIVED,12,72.758000,72.227000,
202410,hulkenberg,haas,PUBLIC_DERIVED,13,72.708000,72.310000,
202410,stroll,aston_martin,PUBLIC_DERIVED,14,72.881000,72.372000,
202410,zhou,sauber,PUBLIC_DERIVED,15,72.880000,72.738000,
202410,kevin_magnussen,haas,PUBLIC_DERIVED,16,72.937000,,
202410,tsunoda,rb,PUBLIC_DERIVED,17,72.985000,,
202410,ricciardo,rb,PUBLIC_DERIVED,18,73.075000,,
202410,albon,williams,PUBLIC_DERIVED,19,73.153000,,
202410,sargeant,williams,PUBLIC_DERIVED,20,73.509000,,
202411,sainz,ferrari,PUBLIC_DERIVED,4,65.263000,65.016000,64.851000
202411,max_verstappen,red_bull,PUBLIC_DERIVED,1,65.336000,64.469000,64.314000
202411,norris,mclaren,PUBLIC_DERIVED,2,65.450000,65.103000,64.718000
202411,russell,mercedes,PUBLIC_DERIVED,3,65.585000,65.016000,64.840000
202411,hamilton,mercedes,PUBLIC_DERIVED,5,65.541000,65.053000,64.903000
202411,leclerc,ferrari,PUBLIC_DERIVED,6,65.509000,65.104000,65.044000
202411,piastri,mclaren,PUBLIC_DERIVED,7,65.311000,65.070000,65.048000
202411,perez,red_bull,PUBLIC_DERIVED,8,65.587000,65.144000,65.202000
202411,hulkenberg,haas,PUBLIC_DERIVED,9,65.596000,65.262000,65.385000
202411,ocon,alpine,PUBLIC_DERIVED,10,65.574000,65.274000,65.883000
202411,ricciardo,rb,PUBLIC_DERIVED,11,65.569000,65.289000,
202411,kevin_magnussen,haas,PUBLIC_DERIVED,12,65.508000,65.347000,
202411,gasly,alpine,PUBLIC_DERIVED,13,65.598000,65.359000,
202411,tsunoda,rb,PUBLIC_DERIVED,14,65.563000,65.412000,
202411,alonso,aston_martin,PUBLIC_DERIVED,15,65.656000,65.639000,
202411,albon,williams,PUBLIC_DERIVED,16,65.736000,,
202411,stroll,aston_martin,PUBLIC_DERIVED,17,65.819000,,
202411,bottas,sauber,PUBLIC_DERIVED,18,65.847000,,
202411,sargeant,williams,PUBLIC_DERIVED,19,65.856000,,
202411,zhou,sauber,PUBLIC_DERIVED,20,66.061000,,
202412,russell,mercedes,PUBLIC_DERIVED,1,90.106000,86.723000,85.819000
202412,hamilton,mercedes,PUBLIC_DERIVED,2,89.547000,86.770000,85.990000
202412,norris,mclaren,PUBLIC_DERIVED,3,91.596000,86.559000,86.030000
202412,max_verstappen,red_bull,PUBLIC_DERIVED,4,91.342000,86.796000,86.203000
202412,piastri,mclaren,PUBLIC_DERIVED,5,90.895000,86.733000,86.237000
202412,hulkenberg,haas,PUBLIC_DERIVED,6,91.929000,86.847000,86.338000
202412,sainz,ferrari,PUBLIC_DERIVED,7,90.557000,86.843000,86.509000
202412,stroll,aston_martin,PUBLIC_DERIVED,8,91.410000,86.938000,86.585000
202412,albon,williams,PUBLIC_DERIVED,9,91.135000,86.933000,86.640000
202412,alonso,aston_martin,PUBLIC_DERIVED,10,91.264000,86.730000,86.917000
202412,leclerc,ferrari,PUBLIC_DERIVED,11,90.496000,87.097000,
202412,sargeant,williams,PUBLIC_DERIVED,12,91.608000,87.175000,
202412,tsunoda,rb,PUBLIC_DERIVED,13,90.994000,87.269000,
202412,zhou,sauber,PUBLIC_DERIVED,14,91.190000,87.867000,
202412,ricciardo,rb,PUBLIC_DERIVED,15,91.291000,87.949000,
202412,bottas,sauber,PUBLIC_DERIVED,16,92.431000,,
202412,kevin_magnussen,haas,PUBLIC_DERIVED,17,92.905000,,
202412,ocon,alpine,PUBLIC_DERIVED,18,94.557000,,
202412,perez,red_bull,PUBLIC_DERIVED,19,98.348000,,
202412,gasly,alpine,PUBLIC_DERIVED,20,99.804000,,
202413,norris,mclaren,PUBLIC_DERIVED,1,77.755000,75.540000,75.227000
202413,piastri,mclaren,PUBLIC_DERIVED,2,77.504000,75.785000,75.249000
202413,max_verstappen,red_bull,PUBLIC_DERIVED,3,77.087000,75.770000,75.273000
202413,sainz,ferrari,PUBLIC_DERIVED,4,77.244000,75.885000,75.696000
202413,hamilton,mercedes,PUBLIC_DERIVED,5,77.087000,76.307000,75.854000
202413,leclerc,ferrari,PUBLIC_DERIVED,6,77.437000,75.891000,75.905000
202413,alonso,aston_martin,PUBLIC_DERIVED,7,77.624000,76.117000,76.043000
202413,stroll,aston_martin,PUBLIC_DERIVED,8,77.405000,76.075000,76.244000
202413,ricciardo,rb,PUBLIC_DERIVED,9,77.050000,76.202000,76.447000
202413,tsunoda,rb,PUBLIC_DERIVED,10,77.436000,76.121000,76.477000
202413,hulkenberg,haas,PUBLIC_DERIVED,11,77.362000,76.317000,
202413,bottas,sauber,PUBLIC_DERIVED,12,77.487000,76.384000,
202413,albon,williams,PUBLIC_DERIVED,13,77.280000,76.429000,
202413,sargeant,williams,PUBLIC_DERIVED,14,77.770000,76.543000,
202413,kevin_magnussen,haas,PUBLIC_DERIVED,15,77.851000,76.548000,
202413,perez,red_bull,PUBLIC_DERIVED,16,77.886000,,
202413,russell,mercedes,PUBLIC_DERIVED,17,77.968000,,
202413,zhou,sauber,PUBLIC_DERIVED,18,78.037000,,
202413,ocon,alpine,PUBLIC_DERIVED,19,78.049000,,
202413,gasly,alpine,PUBLIC_DERIVED,20,78.166000,,
202414,max_verstappen,red_bull,PUBLIC_DERIVED,1,114.938000,113.837000,113.159000
202414,leclerc,ferrari,PUBLIC_DERIVED,2,115.349000,114.193000,113.754000
202414,perez,red_bull,PUBLIC_DERIVED,3,115.139000,114.470000,113.765000
202414,hamilton,mercedes,PUBLIC_DERIVED,4,115.692000,114.037000,113.835000
202414,norris,mclaren,PUBLIC_DERIVED,5,115.582000,114.358000,113.981000
202414,piastri,mclaren,PUBLIC_DERIVED,6,114.835000,114.136000,114.027000
202414,russell,mercedes,PUBLIC_DERIVED,7,115.353000,114.095000,114.184000
202414,sainz,ferrari,PUBLIC_DERIVED,8,115.169000,114.112000,114.477000
202414,alonso,aston_martin,PUBLIC_DERIVED,9,115.489000,114.258000,114.765000
202414,ocon,alpine,PUBLIC_DERIVED,10,115.417000,114.460000,114.810000
202414,albon,williams,PUBLIC_DERIVED,11,115.722000,114.473000,
202414,gasly,alpine,PUBLIC_DERIVED,12,114.911000,114.635000,
202414,ricciardo,rb,PUBLIC_DERIVED,13,115.451000,114.682000,
202414,bottas,sauber,PUBLIC_DERIVED,14,115.531000,114.764000,
202414,stroll,aston_martin,PUBLIC_DERIVED,15,116.072000,115.716000,
202414,hulkenberg,haas,PUBLIC_DERIVED,16,116.308000,,
202414,kevin_magnussen,haas,PUBLIC_DERIVED,17,116.500000,,
202414,tsunoda,rb,PUBLIC_DERIVED,18,116.593000,,
202414,sargeant,williams,PUBLIC_DERIVED,19,117.230000,,
202414,zhou,sauber,PUBLIC_DERIVED,20,117.775000,,
202415,norris,mclaren,PUBLIC_DERIVED,1,71.377000,70.496000,69.673000
202415,max_verstappen,red_bull,PUBLIC_DERIVED,2,71.393000,70.811000,70.029000
202415,piastri,mclaren,PUBLIC_DERIVED,3,71.541000,70.505000,70.172000
202415,russell,mercedes,PUBLIC_DERIVED,4,71.049000,70.552000,70.244000
202415,perez,red_bull,PUBLIC_DERIVED,5,71.006000,70.678000,70.416000
202415,leclerc,ferrari,PUBLIC_DERIVED,6,71.370000,70.689000,70.582000
202415,alonso,aston_martin,PUBLIC_DERIVED,7,71.493000,70.845000,70.633000
202415,stroll,aston_martin,PUBLIC_DERIVED,8,71.518000,70.661000,70.857000
202415,gasly,alpine,PUBLIC_DERIVED,9,71.718000,70.815000,70.977000
202415,sainz,ferrari,PUBLIC_DERIVED,10,71.327000,70.914000,
202415,albon,williams,PUBLIC_DERIVED,10,,70.768000,70.653000
202415,hamilton,mercedes,PUBLIC_DERIVED,11,71.375000,70.948000,
202415,tsunoda,rb,PUBLIC_DERIVED,12,71.603000,70.955000,
202415,hulkenberg,haas,PUBLIC_DERIVED,13,71.832000,71.215000,
202415,kevin_magnussen,haas,PUBLIC_DERIVED,14,71.630000,71.295000,
202415,ricciardo,rb,PUBLIC_DERIVED,15,71.943000,,
202415,ocon,alpine,PUBLIC_DERIVED,16,71.995000,,
202415,bottas,sauber,PUBLIC_DERIVED,17,72.168000,,
202415,zhou,sauber,PUBLIC_DERIVED,18,73.261000,,
202415,sargeant,williams,PUBLIC_DERIVED,20,,,
202416,norris,mclaren,PUBLIC_DERIVED,1,79.911000,79.727000,79.327000
202416,piastri,mclaren,PUBLIC_DERIVED,2,80.076000,79.808000,79.436000
202416,russell,mercedes,PUBLIC_DERIVED,3,80.169000,79.877000,79.440000
202416,leclerc,ferrari,PUBLIC_DERIVED,4,80.074000,80.007000,79.461000
202416,sainz,ferrari,PUBLIC_DERIVED,5,80.149000,79.799000,79.467000
202416,hamilton,mercedes,PUBLIC_DERIVED,6,80.477000,79.641000,79.513000
202416,max_verstappen,red_bull,PUBLIC_DERIVED,7,80.226000,79.662000,80.022000
202416,perez,red_bull,PUBLIC_DERIVED,8,80.598000,80.216000,80.062000
202416,albon,williams,PUBLIC_DERIVED,9,80.542000,80.314000,80.299000
202416,hulkenberg,haas,PUBLIC_DERIVED,10,80.781000,80.411000,80.339000
202416,alonso,aston_martin,PUBLIC_DERIVED,11,80.617000,80.421000,
202416,ricciardo,rb,PUBLIC_DERIVED,12,80.901000,80.479000,
202416,kevin_magnussen,haas,PUBLIC_DERIVED,13,80.856000,80.698000,
202416,gasly,alpine,PUBLIC_DERIVED,14,80.748000,80.738000,
202416,ocon,alpine,PUBLIC_DERIVED,15,80.764000,80.766000,
202416,tsunoda,rb,PUBLIC_DERIVED,16,80.945000,,
202416,stroll,aston_martin,PUBLIC_DERIVED,17,81.013000,,
202416,colapinto,williams,PUBLIC_DERIVED,18,81.061000,,
202416,bottas,sauber,PUBLIC_DERIVED,19,81.101000,,
202416,zhou,sauber,PUBLIC_DERIVED,20,81.445000,,
202417,leclerc,ferrari,PUBLIC_DERIVED,1,102.775000,102.056000,101.365000
202417,piastri,mclaren,PUBLIC_DERIVED,2,103.033000,102.598000,101.686000
202417,sainz,ferrari,PUBLIC_DERIVED,3,103.357000,102.503000,101.805000
202417,perez,red_bull,PUBLIC_DERIVED,4,103.213000,102.263000,101.813000
202417,russell,mercedes,PUBLIC_DERIVED,5,103.139000,102.329000,101.874000
202417,max_verstappen,red_bull,PUBLIC_DERIVED,6,103.097000,102.042000,102.023000
202417,hamilton,mercedes,PUBLIC_DERIVED,7,103.089000,102.765000,102.289000
202417,alonso,aston_martin,PUBLIC_DERIVED,8,103.472000,102.426000,102.369000
202417,colapinto,williams,PUBLIC_DERIVED,9,103.138000,102.473000,102.530000
202417,albon,williams,PUBLIC_DERIVED,10,102.899000,102.840000,102.859000
202417,bearman,haas,PUBLIC_DERIVED,11,103.471000,102.968000,
202417,tsunoda,rb,PUBLIC_DERIVED,12,103.337000,103.035000,
202417,hulkenberg,haas,PUBLIC_DERIVED,13,103.101000,103.191000,
202417,stroll,aston_martin,PUBLIC_DERIVED,14,103.370000,103.404000,
202417,gasly,alpine,PUBLIC_DERIVED,15,,103.179000,
202417,ricciardo,rb,PUBLIC_DERIVED,15,103.547000,,
202417,norris,mclaren,PUBLIC_DERIVED,16,103.609000,,
202417,bottas,sauber,PUBLIC_DERIVED,17,103.618000,,
202417,zhou,sauber,PUBLIC_DERIVED,18,104.246000,,
202417,ocon,alpine,PUBLIC_DERIVED,19,104.504000,,
202418,norris,mclaren,PUBLIC_DERIVED,1,90.002000,90.007000,89.525000
202418,max_verstappen,red_bull,PUBLIC_DERIVED,2,90.157000,89.680000,89.728000
202418,hamilton,mercedes,PUBLIC_DERIVED,3,90.393000,89.929000,89.841000
202418,russell,mercedes,PUBLIC_DERIVED,4,90.811000,90.153000,89.867000
202418,piastri,mclaren,PUBLIC_DERIVED,5,90.258000,89.640000,89.953000
202418,hulkenberg,haas,PUBLIC_DERIVED,6,90.724000,90.150000,90.115000
202418,alonso,aston_martin,PUBLIC_DERIVED,7,90.684000,90.450000,90.214000
202418,tsunoda,rb,PUBLIC_DERIVED,8,90.716000,90.289000,90.354000
202418,leclerc,ferrari,PUBLIC_DERIVED,9,90.786000,89.747000,
202418,sainz,ferrari,PUBLIC_DERIVED,10,90.670000,90.108000,
202418,albon,williams,PUBLIC_DERIVED,11,90.679000,90.474000,
202418,colapinto,williams,PUBLIC_DERIVED,12,90.704000,90.481000,
202418,perez,red_bull,PUBLIC_DERIVED,13,90.624000,90.579000,
202418,kevin_magnussen,haas,PUBLIC_DERIVED,14,90.829000,90.653000,
202418,ocon,alpine,PUBLIC_DERIVED,15,90.958000,90.769000,
202418,ricciardo,rb,PUBLIC_DERIVED,16,91.085000,,
202418,stroll,aston_martin,PUBLIC_DERIVED,17,91.094000,,
202418,gasly,alpine,PUBLIC_DERIVED,18,91.312000,,
202418,bottas,sauber,PUBLIC_DERIVED,19,91.572000,,
202418,zhou,sauber,PUBLIC_DERIVED,20,92.054000,,
202419,norris,mclaren,PUBLIC_DERIVED,1,93.616000,92.851000,92.330000
202419,max_verstappen,red_bull,PUBLIC_DERIVED,2,93.046000,92.584000,92.361000
202419,sainz,ferrari,PUBLIC_DERIVED,3,93.556000,92.836000,92.652000
202419,leclerc,ferrari,PUBLIC_DERIVED,4,93.241000,92.962000,92.740000
202419,piastri,mclaren,PUBLIC_DERIVED,5,93.864000,93.057000,92.950000
202419,russell,mercedes,PUBLIC_DERIVED,6,93.536000,93.142000,92.974000
202419,gasly,alpine,PUBLIC_DERIVED,7,93.550000,93.162000,93.018000
202419,alonso,aston_martin,PUBLIC_DERIVED,8,93.973000,93.429000,93.309000
202419,kevin_magnussen,haas,PUBLIC_DERIVED,9,93.564000,93.474000,93.481000
202419,perez,red_bull,PUBLIC_DERIVED,10,93.611000,93.020000,
202419,tsunoda,rb,PUBLIC_DERIVED,11,93.795000,93.506000,
202419,hulkenberg,haas,PUBLIC_DERIVED,12,93.601000,93.544000,
202419,ocon,alpine,PUBLIC_DERIVED,13,93.986000,93.597000,
202419,stroll,aston_martin,PUBLIC_DERIVED,14,94.033000,93.759000,
202419,lawson,rb,PUBLIC_DERIVED,15,93.339000,,
202419,albon,williams,PUBLIC_DERIVED,16,94.051000,,
202419,colapinto,williams,PUBLIC_DERIVED,17,94.062000,,
202419,bottas,sauber,PUBLIC_DERIVED,18,94.152000,,
202419,hamilton,mercedes,PUBLIC_DERIVED,19,94.154000,,
202419,zhou,sauber,PUBLIC_DERIVED,20,94.228000,,
202420,sainz,ferrari,PUBLIC_DERIVED,1,76.778000,76.515000,75.946000
202420,max_verstappen,red_bull,PUBLIC_DERIVED,2,76.803000,76.514000,76.171000
202420,norris,mclaren,PUBLIC_DERIVED,3,76.505000,76.301000,76.260000
202420,leclerc,ferrari,PUBLIC_DERIVED,4,76.972000,76.641000,76.265000
202420,russell,mercedes,PUBLIC_DERIVED,5,77.194000,76.937000,76.356000
202420,hamilton,mercedes,PUBLIC_DERIVED,6,77.306000,76.973000,76.651000
202420,kevin_magnussen,haas,PUBLIC_DERIVED,7,77.125000,77.003000,76.886000
202420,gasly,alpine,PUBLIC_DERIVED,8,77.149000,77.048000,76.892000
202420,albon,williams,PUBLIC_DERIVED,9,77.189000,76.988000,77.065000
202420,hulkenberg,haas,PUBLIC_DERIVED,10,77.186000,76.995000,77.365000
202420,tsunoda,rb,PUBLIC_DERIVED,11,77.182000,77.129000,
202420,lawson,rb,PUBLIC_DERIVED,12,77.380000,77.162000,
202420,alonso,aston_martin,PUBLIC_DERIVED,13,77.307000,77.168000,
202420,stroll,aston_martin,PUBLIC_DERIVED,14,77.407000,77.294000,
202420,bottas,sauber,PUBLIC_DERIVED,15,77.393000,77.817000,
202420,colapinto,williams,PUBLIC_DERIVED,16,77.558000,,
202420,piastri,mclaren,PUBLIC_DERIVED,17,77.597000,,
202420,perez,red_bull,PUBLIC_DERIVED,18,77.611000,,
202420,ocon,alpine,PUBLIC_DERIVED,19,77.617000,,
202420,zhou,sauber,PUBLIC_DERIVED,20,78.072000,,
202421,max_verstappen,red_bull,PUBLIC_DERIVED,12,88.522000,87.771000,
202421,norris,mclaren,PUBLIC_DERIVED,1,90.944000,84.844000,83.405000
202421,russell,mercedes,PUBLIC_DERIVED,2,89.121000,86.307000,83.578000
202421,tsunoda,rb,PUBLIC_DERIVED,3,89.172000,86.464000,84.111000
202421,ocon,alpine,PUBLIC_DERIVED,4,89.171000,86.206000,84.475000
202421,lawson,rb,PUBLIC_DERIVED,5,90.758000,85.654000,84.484000
202421,leclerc,ferrari,PUBLIC_DERIVED,6,89.839000,86.097000,84.525000
202421,albon,williams,PUBLIC_DERIVED,7,89.072000,84.657000,84.657000
202421,piastri,mclaren,PUBLIC_DERIVED,8,90.114000,84.686000,84.686000
202421,alonso,aston_martin,PUBLIC_DERIVED,9,90.207000,88.998000,88.998000
202421,stroll,aston_martin,PUBLIC_DERIVED,10,90.580000,86.334000,
202421,bottas,sauber,PUBLIC_DERIVED,11,90.633000,86.472000,
202421,perez,red_bull,PUBLIC_DERIVED,13,90.035000,88.158000,
202421,sainz,ferrari,PUBLIC_DERIVED,14,90.303000,89.406000,
202421,gasly,alpine,PUBLIC_DERIVED,15,89.420000,89.614000,
202421,hamilton,mercedes,PUBLIC_DERIVED,16,91.150000,,
202421,bearman,haas,PUBLIC_DERIVED,17,91.229000,,
202421,colapinto,williams,PUBLIC_DERIVED,18,91.270000,,
202421,hulkenberg,haas,PUBLIC_DERIVED,19,91.623000,,
202421,zhou,sauber,PUBLIC_DERIVED,20,92.263000,,
202422,russell,mercedes,PUBLIC_DERIVED,1,93.186000,92.779000,92.312000
202422,sainz,ferrari,PUBLIC_DERIVED,2,93.484000,92.711000,92.410000
202422,gasly,alpine,PUBLIC_DERIVED,3,93.691000,92.879000,92.664000
202422,leclerc,ferrari,PUBLIC_DERIVED,4,93.446000,93.016000,92.783000
202422,max_verstappen,red_bull,PUBLIC_DERIVED,5,93.299000,93.085000,92.797000
202422,norris,mclaren,PUBLIC_DERIVED,6,93.592000,93.099000,93.008000
202422,tsunoda,rb,PUBLIC_DERIVED,7,93.789000,93.089000,93.029000
202422,piastri,mclaren,PUBLIC_DERIVED,8,93.450000,93.024000,93.033000
202422,hulkenberg,haas,PUBLIC_DERIVED,9,93.920000,93.114000,93.062000
202422,hamilton,mercedes,PUBLIC_DERIVED,10,93.225000,92.567000,108.106000
202422,ocon,alpine,PUBLIC_DERIVED,11,93.968000,93.221000,
202422,kevin_magnussen,haas,PUBLIC_DERIVED,12,93.991000,93.297000,
202422,zhou,sauber,PUBLIC_DERIVED,13,94.079000,93.566000,
202422,colapinto,williams,PUBLIC_DERIVED,14,93.746000,93.749000,
202422,lawson,rb,PUBLIC_DERIVED,15,94.087000,94.257000,
202422,perez,red_bull,PUBLIC_DERIVED,16,94.155000,,
202422,alonso,aston_martin,PUBLIC_DERIVED,17,94.258000,,
202422,albon,williams,PUBLIC_DERIVED,18,94.425000,,
202422,bottas,sauber,PUBLIC_DERIVED,19,94.430000,,
202422,stroll,aston_martin,PUBLIC_DERIVED,20,94.484000,,
202423,max_verstappen,red_bull,PUBLIC_DERIVED,1,81.579000,80.687000,80.520000
202423,russell,mercedes,PUBLIC_DERIVED,2,81.241000,81.069000,80.575000
202423,norris,mclaren,PUBLIC_DERIVED,3,81.578000,80.983000,80.772000
202423,piastri,mclaren,PUBLIC_DERIVED,4,81.821000,81.121000,80.829000
202423,leclerc,ferrari,PUBLIC_DERIVED,5,81.278000,81.000000,80.852000
202423,hamilton,mercedes,PUBLIC_DERIVED,6,81.637000,81.095000,81.011000
202423,sainz,ferrari,PUBLIC_DERIVED,7,81.447000,81.199000,81.041000
202423,alonso,aston_martin,PUBLIC_DERIVED,8,81.608000,81.208000,81.251000
202423,perez,red_bull,PUBLIC_DERIVED,9,81.675000,81.425000,81.425000
202423,kevin_magnussen,haas,PUBLIC_DERIVED,10,81.891000,81.387000,81.500000
202423,gasly,alpine,PUBLIC_DERIVED,11,81.843000,81.437000,
202423,zhou,sauber,PUBLIC_DERIVED,12,82.103000,81.501000,
202423,bottas,sauber,PUBLIC_DERIVED,13,81.927000,81.731000,
202423,tsunoda,rb,PUBLIC_DERIVED,14,82.364000,81.771000,
202423,stroll,aston_martin,PUBLIC_DERIVED,15,82.011000,81.911000,
202423,albon,williams,PUBLIC_DERIVED,16,82.390000,,
202423,lawson,rb,PUBLIC_DERIVED,17,82.411000,,
202423,hulkenberg,haas,PUBLIC_DERIVED,18,82.442000,,
202423,colapinto,williams,PUBLIC_DERIVED,19,82.594000,,
202423,ocon,alpine,PUBLIC_DERIVED,20,82.714000,,
202424,norris,mclaren,PUBLIC_DERIVED,1,83.682000,83.098000,82.595000
202424,piastri,mclaren,PUBLIC_DERIVED,2,83.640000,83.199000,82.804000
202424,sainz,ferrari,PUBLIC_DERIVED,3,83.487000,82.985000,82.824000
202424,hulkenberg,haas,PUBLIC_DERIVED,4,83.722000,83.040000,82.886000
202424,max_verstappen,red_bull,PUBLIC_DERIVED,5,83.516000,82.998000,82.945000
202424,gasly,alpine,PUBLIC_DERIVED,6,83.548000,83.086000,82.984000
202424,russell,mercedes,PUBLIC_DERIVED,7,83.678000,83.283000,83.132000
202424,alonso,aston_martin,PUBLIC_DERIVED,8,83.794000,83.268000,83.196000
202424,bottas,sauber,PUBLIC_DERIVED,9,83.481000,83.341000,83.204000
202424,perez,red_bull,PUBLIC_DERIVED,10,83.559000,83.379000,83.264000
202424,tsunoda,rb,PUBLIC_DERIVED,11,83.735000,83.419000,
202424,lawson,rb,PUBLIC_DERIVED,12,83.733000,83.472000,
202424,stroll,aston_martin,PUBLIC_DERIVED,13,83.729000,83.784000,
202424,leclerc,ferrari,PUBLIC_DERIVED,14,83.302000,83.833000,
202424,kevin_magnussen,haas,PUBLIC_DERIVED,15,83.632000,83.877000,
202424,albon,williams,PUBLIC_DERIVED,16,83.821000,,
202424,zhou,sauber,PUBLIC_DERIVED,17,83.880000,,
202424,hamilton,mercedes,PUBLIC_DERIVED,18,83.887000,,
202424,colapinto,williams,PUBLIC_DERIVED,19,83.912000,,
202424,doohan,alpine,PUBLIC_DERIVED,20,84.105000,,
