CustomerKey,Customer,ChannelKey,RegionKey,EligibleStores,DataClass
1,Fictional Account 01-1,1,1,180,SYNTHETIC
2,Fictional Account 01-2,1,2,180,SYNTHETIC
3,Fictional Account 01-3,1,3,180,SYNTHETIC
4,Fictional Account 02-1,2,1,80,SYNTHETIC
5,Fictional Account 02-2,2,2,80,SYNTHETIC
6,Fictional Account 02-3,2,3,80,SYNTHETIC
7,Fictional Account 03-1,3,1,65,SYNTHETIC
8,Fictional Account 03-2,3,2,65,SYNTHETIC
9,Fictional Account 03-3,3,3,65,SYNTHETIC
10,Fictional Account 04-1,4,1,45,SYNTHETIC
11,Fictional Account 04-2,4,2,45,SYNTHETIC
12,Fictional Account 04-3,4,3,45,SYNTHETIC
13,Fictional Account 05-1,5,1,90,SYNTHETIC
14,Fictional Account 05-2,5,2,90,SYNTHETIC
15,Fictional Account 05-3,5,3,90,SYNTHETIC
