ProductKey,Product,Brand,CategoryKey,Category,PackMl,Innovation,LaunchDate,RegularPrice,UnitCost,DataClass
1,Arc Cola 330ml V1,Arc Cola,1,Sparkling,330,0,2022-01-01,2.050000,1.120000,SYNTHETIC
2,Citrus Lane 500ml V2,Citrus Lane,1,Sparkling,500,0,2022-01-01,3.220000,1.700000,SYNTHETIC
3,Arc Cola 600ml V3,Arc Cola,1,Sparkling,600,0,2022-01-01,4.020000,2.040000,SYNTHETIC
4,Citrus Lane 1000ml V4,Citrus Lane,1,Sparkling,1000,0,2022-01-01,6.940000,3.400000,SYNTHETIC
5,Arc Cola 330ml V5,Arc Cola,1,Sparkling,330,0,2022-01-01,2.370000,1.120000,SYNTHETIC
6,Citrus Lane 500ml V6,Citrus Lane,1,Sparkling,500,0,2022-01-01,3.720000,1.700000,SYNTHETIC
7,Volt Avenue 330ml V1,Volt Avenue,2,Energy,330,0,2022-01-01,2.770000,1.320000,SYNTHETIC
8,Night Current 500ml V2,Night Current,2,Energy,500,0,2022-01-01,4.370000,2.000000,SYNTHETIC
9,Volt Avenue 600ml V3,Volt Avenue,2,Energy,600,0,2022-01-01,5.440000,2.400000,SYNTHETIC
10,Night Current 1000ml V4,Night Current,2,Energy,1000,0,2022-01-01,9.410000,4.000000,SYNTHETIC
11,Volt Avenue 330ml V5,Volt Avenue,2,Energy,330,0,2022-01-01,3.220000,1.320000,SYNTHETIC
12,Night Current 500ml V6,Night Current,2,Energy,500,1,2024-03-01,5.040000,2.000000,SYNTHETIC
13,Clear Ridge 330ml V1,Clear Ridge,3,Water,330,0,2022-01-01,1.520000,0.920000,SYNTHETIC
14,Still Harbour 500ml V2,Still Harbour,3,Water,500,0,2022-01-01,2.390000,1.400000,SYNTHETIC
15,Clear Ridge 600ml V3,Clear Ridge,3,Water,600,0,2022-01-01,2.980000,1.680000,SYNTHETIC
16,Still Harbour 1000ml V4,Still Harbour,3,Water,1000,0,2022-01-01,5.150000,2.800000,SYNTHETIC
17,Stride Works 330ml V1,Stride Works,4,Sports,330,0,2022-01-01,2.240000,1.250000,SYNTHETIC
18,Flow Sprint 500ml V2,Flow Sprint,4,Sports,500,0,2022-01-01,3.540000,1.900000,SYNTHETIC
19,Stride Works 600ml V3,Stride Works,4,Sports,600,0,2022-01-01,4.410000,2.280000,SYNTHETIC
20,Flow Sprint 1000ml V4,Flow Sprint,4,Sports,1000,0,2022-01-01,7.620000,3.800000,SYNTHETIC
21,Dawn Roast 330ml V1,Dawn Roast,5,Coffee,330,0,2022-01-01,3.100000,2.050000,SYNTHETIC
22,Urban Bean 500ml V2,Urban Bean,5,Coffee,500,0,2022-01-01,4.890000,3.100000,SYNTHETIC
23,Dawn Roast 600ml V3,Dawn Roast,5,Coffee,600,0,2022-01-01,6.090000,3.720000,SYNTHETIC
24,Urban Bean 1000ml V4,Urban Bean,5,Coffee,1000,1,2024-07-01,10.530000,6.200000,SYNTHETIC
