ProductKey,CategoryKey,CustomerKey,ChannelKey,RegionKey,Trials,RepeatWithin28d,Date,DataClass
12,2,1,1,1,2,2,2024-02-26,SYNTHETIC
12,2,2,1,2,2,1,2024-02-26,SYNTHETIC
12,2,3,1,3,2,0,2024-02-26,SYNTHETIC
12,2,4,2,1,1,1,2024-02-26,SYNTHETIC
12,2,5,2,2,1,0,2024-02-26,SYNTHETIC
12,2,6,2,3,1,1,2024-02-26,SYNTHETIC
12,2,7,3,1,1,0,2024-02-26,SYNTHETIC
12,2,8,3,2,1,0,2024-02-26,SYNTHETIC
12,2,9,3,3,1,0,2024-02-26,SYNTHETIC
12,2,10,4,1,1,0,2024-02-26,SYNTHETIC
12,2,11,4,2,1,0,2024-02-26,SYNTHETIC
12,2,12,4,3,1,0,2024-02-26,SYNTHETIC
12,2,13,5,1,1,0,2024-02-26,SYNTHETIC
12,2,14,5,2,1,0,2024-02-26,SYNTHETIC
12,2,15,5,3,1,1,2024-02-26,SYNTHETIC
12,2,1,1,1,6,4,2024-03-04,SYNTHETIC
12,2,2,1,2,6,3,2024-03-04,SYNTHETIC
12,2,3,1,3,7,2,2024-03-04,SYNTHETIC
12,2,4,2,1,2,0,2024-03-04,SYNTHETIC
12,2,5,2,2,2,0,2024-03-04,SYNTHETIC
12,2,6,2,3,2,1,2024-03-04,SYNTHETIC
12,2,7,3,1,3,1,2024-03-04,SYNTHETIC
12,2,8,3,2,2,2,2024-03-04,SYNTHETIC
12,2,9,3,3,2,1,2024-03-04,SYNTHETIC
12,2,10,4,1,1,1,2024-03-04,SYNTHETIC
12,2,11,4,2,1,0,2024-03-04,SYNTHETIC
12,2,12,4,3,1,1,2024-03-04,SYNTHETIC
12,2,13,5,1,2,1,2024-03-04,SYNTHETIC
12,2,14,5,2,2,2,2024-03-04,SYNTHETIC
12,2,15,5,3,3,2,2024-03-04,SYNTHETIC
12,2,1,1,1,8,4,2024-03-11,SYNTHETIC
12,2,2,1,2,8,3,2024-03-11,SYNTHETIC
12,2,3,1,3,9,3,2024-03-11,SYNTHETIC
12,2,4,2,1,2,0,2024-03-11,SYNTHETIC
12,2,5,2,2,2,1,2024-03-11,SYNTHETIC
12,2,6,2,3,3,2,2024-03-11,SYNTHETIC
12,2,7,3,1,3,1,2024-03-11,SYNTHETIC
12,2,8,3,2,3,0,2024-03-11,SYNTHETIC
12,2,9,3,3,3,2,2024-03-11,SYNTHETIC
12,2,10,4,1,1,1,2024-03-11,SYNTHETIC
12,2,11,4,2,1,1,2024-03-11,SYNTHETIC
12,2,12,4,3,1,0,2024-03-11,SYNTHETIC
12,2,13,5,1,3,1,2024-03-11,SYNTHETIC
12,2,14,5,2,3,0,2024-03-11,SYNTHETIC
12,2,15,5,3,3,3,2024-03-11,SYNTHETIC
12,2,1,1,1,11,5,2024-03-18,SYNTHETIC
12,2,2,1,2,10,4,2024-03-18,SYNTHETIC
12,2,3,1,3,10,4,2024-03-18,SYNTHETIC
12,2,4,2,1,3,1,2024-03-18,SYNTHETIC
12,2,5,2,2,3,2,2024-03-18,SYNTHETIC
12,2,6,2,3,3,1,2024-03-18,SYNTHETIC
12,2,7,3,1,4,3,2024-03-18,SYNTHETIC
12,2,8,3,2,3,2,2024-03-18,SYNTHETIC
12,2,9,3,3,4,4,2024-03-18,SYNTHETIC
12,2,10,4,1,1,1,2024-03-18,SYNTHETIC
12,2,11,4,2,1,0,2024-03-18,SYNTHETIC
12,2,12,4,3,1,0,2024-03-18,SYNTHETIC
12,2,13,5,1,4,3,2024-03-18,SYNTHETIC
12,2,14,5,2,3,0,2024-03-18,SYNTHETIC
12,2,15,5,3,4,1,2024-03-18,SYNTHETIC
12,2,1,1,1,13,6,2024-03-25,SYNTHETIC
12,2,2,1,2,13,3,2024-03-25,SYNTHETIC
12,2,3,1,3,15,5,2024-03-25,SYNTHETIC
12,2,4,2,1,4,2,2024-03-25,SYNTHETIC
12,2,5,2,2,3,2,2024-03-25,SYNTHETIC
12,2,6,2,3,3,2,2024-03-25,SYNTHETIC
12,2,7,3,1,4,2,2024-03-25,SYNTHETIC
12,2,8,3,2,4,2,2024-03-25,SYNTHETIC
12,2,9,3,3,4,1,2024-03-25,SYNTHETIC
12,2,10,4,1,2,2,2024-03-25,SYNTHETIC
12,2,11,4,2,2,1,2024-03-25,SYNTHETIC
12,2,12,4,3,2,2,2024-03-25,SYNTHETIC
12,2,13,5,1,4,2,2024-03-25,SYNTHETIC
12,2,14,5,2,4,1,2024-03-25,SYNTHETIC
12,2,15,5,3,4,1,2024-03-25,SYNTHETIC
12,2,1,1,1,14,3,2024-04-01,SYNTHETIC
12,2,2,1,2,15,2,2024-04-01,SYNTHETIC
12,2,3,1,3,17,9,2024-04-01,SYNTHETIC
12,2,4,2,1,4,1,2024-04-01,SYNTHETIC
12,2,5,2,2,3,1,2024-04-01,SYNTHETIC
12,2,6,2,3,4,1,2024-04-01,SYNTHETIC
12,2,7,3,1,5,2,2024-04-01,SYNTHETIC
12,2,8,3,2,4,1,2024-04-01,SYNTHETIC
12,2,9,3,3,5,3,2024-04-01,SYNTHETIC
12,2,10,4,1,2,1,2024-04-01,SYNTHETIC
12,2,11,4,2,2,0,2024-04-01,SYNTHETIC
12,2,12,4,3,2,1,2024-04-01,SYNTHETIC
12,2,13,5,1,4,2,2024-04-01,SYNTHETIC
12,2,14,5,2,4,2,2024-04-01,SYNTHETIC
12,2,15,5,3,5,1,2024-04-01,SYNTHETIC
12,2,1,1,1,18,6,2024-04-08,SYNTHETIC
12,2,2,1,2,18,9,2024-04-08,SYNTHETIC
12,2,3,1,3,15,8,2024-04-08,SYNTHETIC
12,2,4,2,1,4,1,2024-04-08,SYNTHETIC
12,2,5,2,2,4,2,2024-04-08,SYNTHETIC
12,2,6,2,3,4,4,2024-04-08,SYNTHETIC
12,2,7,3,1,6,1,2024-04-08,SYNTHETIC
12,2,8,3,2,5,2,2024-04-08,SYNTHETIC
12,2,9,3,3,5,2,2024-04-08,SYNTHETIC
12,2,10,4,1,3,0,2024-04-08,SYNTHETIC
12,2,11,4,2,2,0,2024-04-08,SYNTHETIC
12,2,12,4,3,2,0,2024-04-08,SYNTHETIC
12,2,13,5,1,6,3,2024-04-08,SYNTHETIC
12,2,14,5,2,5,1,2024-04-08,SYNTHETIC
12,2,15,5,3,5,2,2024-04-08,SYNTHETIC
12,2,1,1,1,22,12,2024-04-15,SYNTHETIC
12,2,2,1,2,17,3,2024-04-15,SYNTHETIC
12,2,3,1,3,16,5,2024-04-15,SYNTHETIC
12,2,4,2,1,4,2,2024-04-15,SYNTHETIC
12,2,5,2,2,4,1,2024-04-15,SYNTHETIC
12,2,6,2,3,4,1,2024-04-15,SYNTHETIC
12,2,7,3,1,6,3,2024-04-15,SYNTHETIC
12,2,8,3,2,6,1,2024-04-15,SYNTHETIC
12,2,9,3,3,7,2,2024-04-15,SYNTHETIC
12,2,10,4,1,2,0,2024-04-15,SYNTHETIC
12,2,11,4,2,2,1,2024-04-15,SYNTHETIC
12,2,12,4,3,2,1,2024-04-15,SYNTHETIC
12,2,13,5,1,6,2,2024-04-15,SYNTHETIC
12,2,14,5,2,5,1,2024-04-15,SYNTHETIC
12,2,15,5,3,6,3,2024-04-15,SYNTHETIC
12,2,1,1,1,17,8,2024-04-22,SYNTHETIC
12,2,2,1,2,17,8,2024-04-22,SYNTHETIC
12,2,3,1,3,18,9,2024-04-22,SYNTHETIC
12,2,4,2,1,4,1,2024-04-22,SYNTHETIC
12,2,5,2,2,5,1,2024-04-22,SYNTHETIC
12,2,6,2,3,4,3,2024-04-22,SYNTHETIC
12,2,7,3,1,6,3,2024-04-22,SYNTHETIC
12,2,8,3,2,7,3,2024-04-22,SYNTHETIC
12,2,9,3,3,6,4,2024-04-22,SYNTHETIC
12,2,10,4,1,3,0,2024-04-22,SYNTHETIC
12,2,11,4,2,3,1,2024-04-22,SYNTHETIC
12,2,12,4,3,2,1,2024-04-22,SYNTHETIC
12,2,13,5,1,5,3,2024-04-22,SYNTHETIC
12,2,14,5,2,6,3,2024-04-22,SYNTHETIC
12,2,15,5,3,6,2,2024-04-22,SYNTHETIC
12,2,1,1,1,20,7,2024-04-29,SYNTHETIC
12,2,2,1,2,17,10,2024-04-29,SYNTHETIC
12,2,3,1,3,19,7,2024-04-29,SYNTHETIC
12,2,4,2,1,5,3,2024-04-29,SYNTHETIC
12,2,5,2,2,4,1,2024-04-29,SYNTHETIC
12,2,6,2,3,5,4,2024-04-29,SYNTHETIC
12,2,7,3,1,8,3,2024-04-29,SYNTHETIC
12,2,8,3,2,6,3,2024-04-29,SYNTHETIC
12,2,9,3,3,6,2,2024-04-29,SYNTHETIC
12,2,10,4,1,3,1,2024-04-29,SYNTHETIC
12,2,11,4,2,3,1,2024-04-29,SYNTHETIC
12,2,12,4,3,3,3,2024-04-29,SYNTHETIC
12,2,13,5,1,7,2,2024-04-29,SYNTHETIC
12,2,14,5,2,6,2,2024-04-29,SYNTHETIC
12,2,15,5,3,7,3,2024-04-29,SYNTHETIC
12,2,1,1,1,20,9,2024-05-06,SYNTHETIC
12,2,2,1,2,21,9,2024-05-06,SYNTHETIC
12,2,3,1,3,19,10,2024-05-06,SYNTHETIC
12,2,4,2,1,5,2,2024-05-06,SYNTHETIC
12,2,5,2,2,5,1,2024-05-06,SYNTHETIC
12,2,6,2,3,6,2,2024-05-06,SYNTHETIC
12,2,7,3,1,7,3,2024-05-06,SYNTHETIC
12,2,8,3,2,6,4,2024-05-06,SYNTHETIC
12,2,9,3,3,6,1,2024-05-06,SYNTHETIC
12,2,10,4,1,3,1,2024-05-06,SYNTHETIC
12,2,11,4,2,3,1,2024-05-06,SYNTHETIC
12,2,12,4,3,3,2,2024-05-06,SYNTHETIC
12,2,13,5,1,7,5,2024-05-06,SYNTHETIC
12,2,14,5,2,8,4,2024-05-06,SYNTHETIC
12,2,15,5,3,6,3,2024-05-06,SYNTHETIC
12,2,1,1,1,21,11,2024-05-13,SYNTHETIC
12,2,2,1,2,20,7,2024-05-13,SYNTHETIC
12,2,3,1,3,24,10,2024-05-13,SYNTHETIC
12,2,4,2,1,5,2,2024-05-13,SYNTHETIC
12,2,5,2,2,6,3,2024-05-13,SYNTHETIC
12,2,6,2,3,5,1,2024-05-13,SYNTHETIC
12,2,7,3,1,7,4,2024-05-13,SYNTHETIC
12,2,8,3,2,6,2,2024-05-13,SYNTHETIC
12,2,9,3,3,6,2,2024-05-13,SYNTHETIC
12,2,10,4,1,3,2,2024-05-13,SYNTHETIC
12,2,11,4,2,3,2,2024-05-13,SYNTHETIC
12,2,12,4,3,3,1,2024-05-13,SYNTHETIC
12,2,13,5,1,8,3,2024-05-13,SYNTHETIC
12,2,14,5,2,6,2,2024-05-13,SYNTHETIC
12,2,15,5,3,6,1,2024-05-13,SYNTHETIC
12,2,1,1,1,24,8,2024-05-20,SYNTHETIC
12,2,2,1,2,23,6,2024-05-20,SYNTHETIC
12,2,3,1,3,22,11,2024-05-20,SYNTHETIC
12,2,4,2,1,7,3,2024-05-20,SYNTHETIC
12,2,5,2,2,6,3,2024-05-20,SYNTHETIC
12,2,6,2,3,5,3,2024-05-20,SYNTHETIC
12,2,7,3,1,7,0,2024-05-20,SYNTHETIC
12,2,8,3,2,7,0,2024-05-20,SYNTHETIC
12,2,9,3,3,6,1,2024-05-20,SYNTHETIC
12,2,10,4,1,3,2,2024-05-20,SYNTHETIC
12,2,11,4,2,3,0,2024-05-20,SYNTHETIC
12,2,12,4,3,4,3,2024-05-20,SYNTHETIC
12,2,13,5,1,7,3,2024-05-20,SYNTHETIC
12,2,14,5,2,7,2,2024-05-20,SYNTHETIC
12,2,15,5,3,7,3,2024-05-20,SYNTHETIC
12,2,1,1,1,21,8,2024-05-27,SYNTHETIC
12,2,2,1,2,22,8,2024-05-27,SYNTHETIC
12,2,3,1,3,28,7,2024-05-27,SYNTHETIC
12,2,4,2,1,6,0,2024-05-27,SYNTHETIC
12,2,5,2,2,5,3,2024-05-27,SYNTHETIC
12,2,6,2,3,5,1,2024-05-27,SYNTHETIC
12,2,7,3,1,8,1,2024-05-27,SYNTHETIC
12,2,8,3,2,7,1,2024-05-27,SYNTHETIC
12,2,9,3,3,7,3,2024-05-27,SYNTHETIC
12,2,10,4,1,3,1,2024-05-27,SYNTHETIC
12,2,11,4,2,3,1,2024-05-27,SYNTHETIC
12,2,12,4,3,3,1,2024-05-27,SYNTHETIC
12,2,13,5,1,7,0,2024-05-27,SYNTHETIC
12,2,14,5,2,7,4,2024-05-27,SYNTHETIC
12,2,15,5,3,7,4,2024-05-27,SYNTHETIC
12,2,1,1,1,27,12,2024-06-03,SYNTHETIC
12,2,2,1,2,29,15,2024-06-03,SYNTHETIC
12,2,3,1,3,23,6,2024-06-03,SYNTHETIC
12,2,4,2,1,6,1,2024-06-03,SYNTHETIC
12,2,5,2,2,6,0,2024-06-03,SYNTHETIC
12,2,6,2,3,6,1,2024-06-03,SYNTHETIC
12,2,7,3,1,7,5,2024-06-03,SYNTHETIC
12,2,8,3,2,7,5,2024-06-03,SYNTHETIC
12,2,9,3,3,8,3,2024-06-03,SYNTHETIC
12,2,10,4,1,4,2,2024-06-03,SYNTHETIC
12,2,11,4,2,3,1,2024-06-03,SYNTHETIC
12,2,12,4,3,3,1,2024-06-03,SYNTHETIC
12,2,13,5,1,7,2,2024-06-03,SYNTHETIC
12,2,14,5,2,6,1,2024-06-03,SYNTHETIC
12,2,15,5,3,7,5,2024-06-03,SYNTHETIC
12,2,1,1,1,27,11,2024-06-10,SYNTHETIC
12,2,2,1,2,22,6,2024-06-10,SYNTHETIC
12,2,3,1,3,21,6,2024-06-10,SYNTHETIC
12,2,4,2,1,6,3,2024-06-10,SYNTHETIC
12,2,5,2,2,5,2,2024-06-10,SYNTHETIC
12,2,6,2,3,6,2,2024-06-10,SYNTHETIC
12,2,7,3,1,8,1,2024-06-10,SYNTHETIC
12,2,8,3,2,8,3,2024-06-10,SYNTHETIC
12,2,9,3,3,9,5,2024-06-10,SYNTHETIC
12,2,10,4,1,4,2,2024-06-10,SYNTHETIC
12,2,11,4,2,3,0,2024-06-10,SYNTHETIC
12,2,12,4,3,3,1,2024-06-10,SYNTHETIC
12,2,13,5,1,8,3,2024-06-10,SYNTHETIC
12,2,14,5,2,8,2,2024-06-10,SYNTHETIC
12,2,15,5,3,6,2,2024-06-10,SYNTHETIC
12,2,1,1,1,25,9,2024-06-17,SYNTHETIC
12,2,2,1,2,23,12,2024-06-17,SYNTHETIC
12,2,3,1,3,23,7,2024-06-17,SYNTHETIC
12,2,4,2,1,6,1,2024-06-17,SYNTHETIC
12,2,5,2,2,6,3,2024-06-17,SYNTHETIC
12,2,6,2,3,6,2,2024-06-17,SYNTHETIC
12,2,7,3,1,9,1,2024-06-17,SYNTHETIC
12,2,8,3,2,8,4,2024-06-17,SYNTHETIC
12,2,9,3,3,8,2,2024-06-17,SYNTHETIC
12,2,10,4,1,3,1,2024-06-17,SYNTHETIC
12,2,11,4,2,3,2,2024-06-17,SYNTHETIC
12,2,12,4,3,4,1,2024-06-17,SYNTHETIC
12,2,13,5,1,9,2,2024-06-17,SYNTHETIC
12,2,14,5,2,8,3,2024-06-17,SYNTHETIC
12,2,15,5,3,8,4,2024-06-17,SYNTHETIC
12,2,1,1,1,27,10,2024-06-24,SYNTHETIC
12,2,2,1,2,23,8,2024-06-24,SYNTHETIC
12,2,3,1,3,22,6,2024-06-24,SYNTHETIC
12,2,4,2,1,6,1,2024-06-24,SYNTHETIC
12,2,5,2,2,5,0,2024-06-24,SYNTHETIC
12,2,6,2,3,7,2,2024-06-24,SYNTHETIC
12,2,7,3,1,10,4,2024-06-24,SYNTHETIC
12,2,8,3,2,8,3,2024-06-24,SYNTHETIC
12,2,9,3,3,8,4,2024-06-24,SYNTHETIC
12,2,10,4,1,4,1,2024-06-24,SYNTHETIC
12,2,11,4,2,4,2,2024-06-24,SYNTHETIC
12,2,12,4,3,4,2,2024-06-24,SYNTHETIC
12,2,13,5,1,8,3,2024-06-24,SYNTHETIC
12,2,14,5,2,8,5,2024-06-24,SYNTHETIC
12,2,15,5,3,11,7,2024-06-24,SYNTHETIC
12,2,1,1,1,25,11,2024-07-01,SYNTHETIC
12,2,2,1,2,23,7,2024-07-01,SYNTHETIC
12,2,3,1,3,23,9,2024-07-01,SYNTHETIC
12,2,4,2,1,7,5,2024-07-01,SYNTHETIC
12,2,5,2,2,7,3,2024-07-01,SYNTHETIC
12,2,6,2,3,7,3,2024-07-01,SYNTHETIC
12,2,7,3,1,8,2,2024-07-01,SYNTHETIC
12,2,8,3,2,8,0,2024-07-01,SYNTHETIC
12,2,9,3,3,8,4,2024-07-01,SYNTHETIC
12,2,10,4,1,3,0,2024-07-01,SYNTHETIC
12,2,11,4,2,3,1,2024-07-01,SYNTHETIC
12,2,12,4,3,4,2,2024-07-01,SYNTHETIC
12,2,13,5,1,8,2,2024-07-01,SYNTHETIC
12,2,14,5,2,10,3,2024-07-01,SYNTHETIC
12,2,15,5,3,8,3,2024-07-01,SYNTHETIC
24,5,1,1,1,2,0,2024-07-01,SYNTHETIC
24,5,2,1,2,2,0,2024-07-01,SYNTHETIC
24,5,3,1,3,2,0,2024-07-01,SYNTHETIC
24,5,4,2,1,1,0,2024-07-01,SYNTHETIC
24,5,5,2,2,1,0,2024-07-01,SYNTHETIC
24,5,6,2,3,1,1,2024-07-01,SYNTHETIC
24,5,7,3,1,1,0,2024-07-01,SYNTHETIC
24,5,8,3,2,1,0,2024-07-01,SYNTHETIC
24,5,9,3,3,1,1,2024-07-01,SYNTHETIC
24,5,10,4,1,1,0,2024-07-01,SYNTHETIC
24,5,11,4,2,1,0,2024-07-01,SYNTHETIC
24,5,12,4,3,1,0,2024-07-01,SYNTHETIC
24,5,13,5,1,1,1,2024-07-01,SYNTHETIC
24,5,14,5,2,1,0,2024-07-01,SYNTHETIC
24,5,15,5,3,1,0,2024-07-01,SYNTHETIC
12,2,1,1,1,26,10,2024-07-08,SYNTHETIC
12,2,2,1,2,23,7,2024-07-08,SYNTHETIC
12,2,3,1,3,23,10,2024-07-08,SYNTHETIC
12,2,4,2,1,6,3,2024-07-08,SYNTHETIC
12,2,5,2,2,8,3,2024-07-08,SYNTHETIC
12,2,6,2,3,6,4,2024-07-08,SYNTHETIC
12,2,7,3,1,9,5,2024-07-08,SYNTHETIC
12,2,8,3,2,7,4,2024-07-08,SYNTHETIC
12,2,9,3,3,8,2,2024-07-08,SYNTHETIC
12,2,10,4,1,3,0,2024-07-08,SYNTHETIC
12,2,11,4,2,3,1,2024-07-08,SYNTHETIC
12,2,12,4,3,4,4,2024-07-08,SYNTHETIC
12,2,13,5,1,11,3,2024-07-08,SYNTHETIC
12,2,14,5,2,7,4,2024-07-08,SYNTHETIC
12,2,15,5,3,8,0,2024-07-08,SYNTHETIC
24,5,1,1,1,3,0,2024-07-08,SYNTHETIC
24,5,2,1,2,2,1,2024-07-08,SYNTHETIC
24,5,3,1,3,3,0,2024-07-08,SYNTHETIC
24,5,4,2,1,1,0,2024-07-08,SYNTHETIC
24,5,5,2,2,1,0,2024-07-08,SYNTHETIC
24,5,6,2,3,1,1,2024-07-08,SYNTHETIC
24,5,7,3,1,1,0,2024-07-08,SYNTHETIC
24,5,8,3,2,1,1,2024-07-08,SYNTHETIC
24,5,9,3,3,1,0,2024-07-08,SYNTHETIC
24,5,10,4,1,1,0,2024-07-08,SYNTHETIC
24,5,11,4,2,1,1,2024-07-08,SYNTHETIC
24,5,12,4,3,1,0,2024-07-08,SYNTHETIC
24,5,13,5,1,1,1,2024-07-08,SYNTHETIC
24,5,14,5,2,1,0,2024-07-08,SYNTHETIC
24,5,15,5,3,1,0,2024-07-08,SYNTHETIC
12,2,1,1,1,26,7,2024-07-15,SYNTHETIC
12,2,2,1,2,25,5,2024-07-15,SYNTHETIC
12,2,3,1,3,30,7,2024-07-15,SYNTHETIC
12,2,4,2,1,8,2,2024-07-15,SYNTHETIC
12,2,5,2,2,6,4,2024-07-15,SYNTHETIC
12,2,6,2,3,6,2,2024-07-15,SYNTHETIC
12,2,7,3,1,9,5,2024-07-15,SYNTHETIC
12,2,8,3,2,8,5,2024-07-15,SYNTHETIC
12,2,9,3,3,8,3,2024-07-15,SYNTHETIC
12,2,10,4,1,4,0,2024-07-15,SYNTHETIC
12,2,11,4,2,4,0,2024-07-15,SYNTHETIC
12,2,12,4,3,4,2,2024-07-15,SYNTHETIC
12,2,13,5,1,9,3,2024-07-15,SYNTHETIC
12,2,14,5,2,8,2,2024-07-15,SYNTHETIC
12,2,15,5,3,8,2,2024-07-15,SYNTHETIC
24,5,1,1,1,3,0,2024-07-15,SYNTHETIC
24,5,2,1,2,3,1,2024-07-15,SYNTHETIC
24,5,3,1,3,3,2,2024-07-15,SYNTHETIC
24,5,4,2,1,1,0,2024-07-15,SYNTHETIC
24,5,5,2,2,1,1,2024-07-15,SYNTHETIC
24,5,6,2,3,1,0,2024-07-15,SYNTHETIC
24,5,7,3,1,1,0,2024-07-15,SYNTHETIC
24,5,8,3,2,1,1,2024-07-15,SYNTHETIC
24,5,9,3,3,1,0,2024-07-15,SYNTHETIC
24,5,10,4,1,1,0,2024-07-15,SYNTHETIC
24,5,11,4,2,1,1,2024-07-15,SYNTHETIC
24,5,12,4,3,1,1,2024-07-15,SYNTHETIC
24,5,13,5,1,1,0,2024-07-15,SYNTHETIC
24,5,14,5,2,1,0,2024-07-15,SYNTHETIC
24,5,15,5,3,1,0,2024-07-15,SYNTHETIC
12,2,1,1,1,27,10,2024-07-22,SYNTHETIC
12,2,2,1,2,29,10,2024-07-22,SYNTHETIC
12,2,3,1,3,30,13,2024-07-22,SYNTHETIC
12,2,4,2,1,6,1,2024-07-22,SYNTHETIC
12,2,5,2,2,6,5,2024-07-22,SYNTHETIC
12,2,6,2,3,6,1,2024-07-22,SYNTHETIC
12,2,7,3,1,8,5,2024-07-22,SYNTHETIC
12,2,8,3,2,8,5,2024-07-22,SYNTHETIC
12,2,9,3,3,9,5,2024-07-22,SYNTHETIC
12,2,10,4,1,4,2,2024-07-22,SYNTHETIC
12,2,11,4,2,5,1,2024-07-22,SYNTHETIC
12,2,12,4,3,4,0,2024-07-22,SYNTHETIC
12,2,13,5,1,9,4,2024-07-22,SYNTHETIC
12,2,14,5,2,8,4,2024-07-22,SYNTHETIC
12,2,15,5,3,8,2,2024-07-22,SYNTHETIC
24,5,1,1,1,3,1,2024-07-22,SYNTHETIC
24,5,2,1,2,4,0,2024-07-22,SYNTHETIC
24,5,3,1,3,4,1,2024-07-22,SYNTHETIC
24,5,4,2,1,2,1,2024-07-22,SYNTHETIC
24,5,5,2,2,1,1,2024-07-22,SYNTHETIC
24,5,6,2,3,1,0,2024-07-22,SYNTHETIC
24,5,7,3,1,1,1,2024-07-22,SYNTHETIC
24,5,8,3,2,1,0,2024-07-22,SYNTHETIC
24,5,9,3,3,1,0,2024-07-22,SYNTHETIC
24,5,10,4,1,1,0,2024-07-22,SYNTHETIC
24,5,11,4,2,1,0,2024-07-22,SYNTHETIC
24,5,12,4,3,1,0,2024-07-22,SYNTHETIC
24,5,13,5,1,1,0,2024-07-22,SYNTHETIC
24,5,14,5,2,1,0,2024-07-22,SYNTHETIC
24,5,15,5,3,1,0,2024-07-22,SYNTHETIC
12,2,1,1,1,29,6,2024-07-29,SYNTHETIC
12,2,2,1,2,31,12,2024-07-29,SYNTHETIC
12,2,3,1,3,27,10,2024-07-29,SYNTHETIC
12,2,4,2,1,7,2,2024-07-29,SYNTHETIC
12,2,5,2,2,6,2,2024-07-29,SYNTHETIC
12,2,6,2,3,7,1,2024-07-29,SYNTHETIC
12,2,7,3,1,9,6,2024-07-29,SYNTHETIC
12,2,8,3,2,9,4,2024-07-29,SYNTHETIC
12,2,9,3,3,9,5,2024-07-29,SYNTHETIC
12,2,10,4,1,5,1,2024-07-29,SYNTHETIC
12,2,11,4,2,4,2,2024-07-29,SYNTHETIC
12,2,12,4,3,3,1,2024-07-29,SYNTHETIC
12,2,13,5,1,10,1,2024-07-29,SYNTHETIC
12,2,14,5,2,8,1,2024-07-29,SYNTHETIC
12,2,15,5,3,9,2,2024-07-29,SYNTHETIC
24,5,1,1,1,4,1,2024-07-29,SYNTHETIC
24,5,2,1,2,4,1,2024-07-29,SYNTHETIC
24,5,3,1,3,4,2,2024-07-29,SYNTHETIC
24,5,4,2,1,2,0,2024-07-29,SYNTHETIC
24,5,5,2,2,1,1,2024-07-29,SYNTHETIC
24,5,6,2,3,1,0,2024-07-29,SYNTHETIC
24,5,7,3,1,2,1,2024-07-29,SYNTHETIC
24,5,8,3,2,2,1,2024-07-29,SYNTHETIC
24,5,9,3,3,2,1,2024-07-29,SYNTHETIC
24,5,10,4,1,1,0,2024-07-29,SYNTHETIC
24,5,11,4,2,1,0,2024-07-29,SYNTHETIC
24,5,12,4,3,1,0,2024-07-29,SYNTHETIC
24,5,13,5,1,2,0,2024-07-29,SYNTHETIC
24,5,14,5,2,2,0,2024-07-29,SYNTHETIC
24,5,15,5,3,1,0,2024-07-29,SYNTHETIC
12,2,1,1,1,34,15,2024-08-05,SYNTHETIC
12,2,2,1,2,24,10,2024-08-05,SYNTHETIC
12,2,3,1,3,26,10,2024-08-05,SYNTHETIC
12,2,4,2,1,7,6,2024-08-05,SYNTHETIC
12,2,5,2,2,7,3,2024-08-05,SYNTHETIC
12,2,6,2,3,7,3,2024-08-05,SYNTHETIC
12,2,7,3,1,10,5,2024-08-05,SYNTHETIC
12,2,8,3,2,8,4,2024-08-05,SYNTHETIC
12,2,9,3,3,10,3,2024-08-05,SYNTHETIC
12,2,10,4,1,3,0,2024-08-05,SYNTHETIC
12,2,11,4,2,3,1,2024-08-05,SYNTHETIC
12,2,12,4,3,4,4,2024-08-05,SYNTHETIC
12,2,13,5,1,10,6,2024-08-05,SYNTHETIC
12,2,14,5,2,9,2,2024-08-05,SYNTHETIC
12,2,15,5,3,9,4,2024-08-05,SYNTHETIC
24,5,1,1,1,5,2,2024-08-05,SYNTHETIC
24,5,2,1,2,5,5,2024-08-05,SYNTHETIC
24,5,3,1,3,5,0,2024-08-05,SYNTHETIC
24,5,4,2,1,2,1,2024-08-05,SYNTHETIC
24,5,5,2,2,2,0,2024-08-05,SYNTHETIC
24,5,6,2,3,2,0,2024-08-05,SYNTHETIC
24,5,7,3,1,2,0,2024-08-05,SYNTHETIC
24,5,8,3,2,1,0,2024-08-05,SYNTHETIC
24,5,9,3,3,2,1,2024-08-05,SYNTHETIC
24,5,10,4,1,1,0,2024-08-05,SYNTHETIC
24,5,11,4,2,1,1,2024-08-05,SYNTHETIC
24,5,12,4,3,1,0,2024-08-05,SYNTHETIC
24,5,13,5,1,2,0,2024-08-05,SYNTHETIC
24,5,14,5,2,2,1,2024-08-05,SYNTHETIC
24,5,15,5,3,2,0,2024-08-05,SYNTHETIC
12,2,1,1,1,29,10,2024-08-12,SYNTHETIC
12,2,2,1,2,27,11,2024-08-12,SYNTHETIC
12,2,3,1,3,30,11,2024-08-12,SYNTHETIC
12,2,4,2,1,7,1,2024-08-12,SYNTHETIC
12,2,5,2,2,6,4,2024-08-12,SYNTHETIC
12,2,6,2,3,7,5,2024-08-12,SYNTHETIC
12,2,7,3,1,11,6,2024-08-12,SYNTHETIC
12,2,8,3,2,11,2,2024-08-12,SYNTHETIC
12,2,9,3,3,9,3,2024-08-12,SYNTHETIC
12,2,10,4,1,4,1,2024-08-12,SYNTHETIC
12,2,11,4,2,3,0,2024-08-12,SYNTHETIC
12,2,12,4,3,3,0,2024-08-12,SYNTHETIC
12,2,13,5,1,11,7,2024-08-12,SYNTHETIC
12,2,14,5,2,8,5,2024-08-12,SYNTHETIC
12,2,15,5,3,10,5,2024-08-12,SYNTHETIC
24,5,1,1,1,6,2,2024-08-12,SYNTHETIC
24,5,2,1,2,6,1,2024-08-12,SYNTHETIC
24,5,3,1,3,6,0,2024-08-12,SYNTHETIC
24,5,4,2,1,2,0,2024-08-12,SYNTHETIC
24,5,5,2,2,2,0,2024-08-12,SYNTHETIC
24,5,6,2,3,2,0,2024-08-12,SYNTHETIC
24,5,7,3,1,2,1,2024-08-12,SYNTHETIC
24,5,8,3,2,2,0,2024-08-12,SYNTHETIC
24,5,9,3,3,2,0,2024-08-12,SYNTHETIC
24,5,10,4,1,1,0,2024-08-12,SYNTHETIC
24,5,11,4,2,1,0,2024-08-12,SYNTHETIC
24,5,12,4,3,1,0,2024-08-12,SYNTHETIC
24,5,13,5,1,2,1,2024-08-12,SYNTHETIC
24,5,14,5,2,2,0,2024-08-12,SYNTHETIC
24,5,15,5,3,2,1,2024-08-12,SYNTHETIC
12,2,1,1,1,28,13,2024-08-19,SYNTHETIC
12,2,2,1,2,28,8,2024-08-19,SYNTHETIC
12,2,3,1,3,30,14,2024-08-19,SYNTHETIC
12,2,4,2,1,7,4,2024-08-19,SYNTHETIC
12,2,5,2,2,7,3,2024-08-19,SYNTHETIC
12,2,6,2,3,8,3,2024-08-19,SYNTHETIC
12,2,7,3,1,11,4,2024-08-19,SYNTHETIC
12,2,8,3,2,10,4,2024-08-19,SYNTHETIC
12,2,9,3,3,9,3,2024-08-19,SYNTHETIC
12,2,10,4,1,4,2,2024-08-19,SYNTHETIC
12,2,11,4,2,4,3,2024-08-19,SYNTHETIC
12,2,12,4,3,4,1,2024-08-19,SYNTHETIC
12,2,13,5,1,10,2,2024-08-19,SYNTHETIC
12,2,14,5,2,8,2,2024-08-19,SYNTHETIC
12,2,15,5,3,12,6,2024-08-19,SYNTHETIC
24,5,1,1,1,8,3,2024-08-19,SYNTHETIC
24,5,2,1,2,6,1,2024-08-19,SYNTHETIC
24,5,3,1,3,7,1,2024-08-19,SYNTHETIC
24,5,4,2,1,2,1,2024-08-19,SYNTHETIC
24,5,5,2,2,2,0,2024-08-19,SYNTHETIC
24,5,6,2,3,2,0,2024-08-19,SYNTHETIC
24,5,7,3,1,2,0,2024-08-19,SYNTHETIC
24,5,8,3,2,2,0,2024-08-19,SYNTHETIC
24,5,9,3,3,2,1,2024-08-19,SYNTHETIC
24,5,10,4,1,1,0,2024-08-19,SYNTHETIC
24,5,11,4,2,1,0,2024-08-19,SYNTHETIC
24,5,12,4,3,1,1,2024-08-19,SYNTHETIC
24,5,13,5,1,2,0,2024-08-19,SYNTHETIC
24,5,14,5,2,2,0,2024-08-19,SYNTHETIC
24,5,15,5,3,2,0,2024-08-19,SYNTHETIC
12,2,1,1,1,29,12,2024-08-26,SYNTHETIC
12,2,2,1,2,26,11,2024-08-26,SYNTHETIC
12,2,3,1,3,29,10,2024-08-26,SYNTHETIC
12,2,4,2,1,8,3,2024-08-26,SYNTHETIC
12,2,5,2,2,7,6,2024-08-26,SYNTHETIC
12,2,6,2,3,10,3,2024-08-26,SYNTHETIC
12,2,7,3,1,10,4,2024-08-26,SYNTHETIC
12,2,8,3,2,10,5,2024-08-26,SYNTHETIC
12,2,9,3,3,9,2,2024-08-26,SYNTHETIC
12,2,10,4,1,4,1,2024-08-26,SYNTHETIC
12,2,11,4,2,4,1,2024-08-26,SYNTHETIC
12,2,12,4,3,4,0,2024-08-26,SYNTHETIC
12,2,13,5,1,11,7,2024-08-26,SYNTHETIC
12,2,14,5,2,12,4,2024-08-26,SYNTHETIC
12,2,15,5,3,10,7,2024-08-26,SYNTHETIC
24,5,1,1,1,7,0,2024-08-26,SYNTHETIC
24,5,2,1,2,8,2,2024-08-26,SYNTHETIC
24,5,3,1,3,7,1,2024-08-26,SYNTHETIC
24,5,4,2,1,2,0,2024-08-26,SYNTHETIC
24,5,5,2,2,2,1,2024-08-26,SYNTHETIC
24,5,6,2,3,2,0,2024-08-26,SYNTHETIC
24,5,7,3,1,2,1,2024-08-26,SYNTHETIC
24,5,8,3,2,3,0,2024-08-26,SYNTHETIC
24,5,9,3,3,2,0,2024-08-26,SYNTHETIC
24,5,10,4,1,1,1,2024-08-26,SYNTHETIC
24,5,11,4,2,1,0,2024-08-26,SYNTHETIC
24,5,12,4,3,1,0,2024-08-26,SYNTHETIC
24,5,13,5,1,2,1,2024-08-26,SYNTHETIC
24,5,14,5,2,2,0,2024-08-26,SYNTHETIC
24,5,15,5,3,2,0,2024-08-26,SYNTHETIC
12,2,1,1,1,31,18,2024-09-02,SYNTHETIC
12,2,2,1,2,30,11,2024-09-02,SYNTHETIC
12,2,3,1,3,28,8,2024-09-02,SYNTHETIC
12,2,4,2,1,7,3,2024-09-02,SYNTHETIC
12,2,5,2,2,9,3,2024-09-02,SYNTHETIC
12,2,6,2,3,8,4,2024-09-02,SYNTHETIC
12,2,7,3,1,10,3,2024-09-02,SYNTHETIC
12,2,8,3,2,9,2,2024-09-02,SYNTHETIC
12,2,9,3,3,9,1,2024-09-02,SYNTHETIC
12,2,10,4,1,5,1,2024-09-02,SYNTHETIC
12,2,11,4,2,4,2,2024-09-02,SYNTHETIC
12,2,12,4,3,5,2,2024-09-02,SYNTHETIC
12,2,13,5,1,12,4,2024-09-02,SYNTHETIC
12,2,14,5,2,9,4,2024-09-02,SYNTHETIC
12,2,15,5,3,10,7,2024-09-02,SYNTHETIC
24,5,1,1,1,8,1,2024-09-02,SYNTHETIC
24,5,2,1,2,8,2,2024-09-02,SYNTHETIC
24,5,3,1,3,8,1,2024-09-02,SYNTHETIC
24,5,4,2,1,3,0,2024-09-02,SYNTHETIC
24,5,5,2,2,3,1,2024-09-02,SYNTHETIC
24,5,6,2,3,3,1,2024-09-02,SYNTHETIC
24,5,7,3,1,2,0,2024-09-02,SYNTHETIC
24,5,8,3,2,2,0,2024-09-02,SYNTHETIC
24,5,9,3,3,3,0,2024-09-02,SYNTHETIC
24,5,10,4,1,1,0,2024-09-02,SYNTHETIC
24,5,11,4,2,1,0,2024-09-02,SYNTHETIC
24,5,12,4,3,1,0,2024-09-02,SYNTHETIC
24,5,13,5,1,3,1,2024-09-02,SYNTHETIC
24,5,14,5,2,3,1,2024-09-02,SYNTHETIC
24,5,15,5,3,3,0,2024-09-02,SYNTHETIC
12,2,1,1,1,33,9,2024-09-09,SYNTHETIC
12,2,2,1,2,29,10,2024-09-09,SYNTHETIC
12,2,3,1,3,32,15,2024-09-09,SYNTHETIC
12,2,4,2,1,9,2,2024-09-09,SYNTHETIC
12,2,5,2,2,7,2,2024-09-09,SYNTHETIC
12,2,6,2,3,8,5,2024-09-09,SYNTHETIC
12,2,7,3,1,11,3,2024-09-09,SYNTHETIC
12,2,8,3,2,9,2,2024-09-09,SYNTHETIC
12,2,9,3,3,10,4,2024-09-09,SYNTHETIC
12,2,10,4,1,4,2,2024-09-09,SYNTHETIC
12,2,11,4,2,5,1,2024-09-09,SYNTHETIC
12,2,12,4,3,5,2,2024-09-09,SYNTHETIC
12,2,13,5,1,10,2,2024-09-09,SYNTHETIC
12,2,14,5,2,9,4,2024-09-09,SYNTHETIC
12,2,15,5,3,10,3,2024-09-09,SYNTHETIC
24,5,1,1,1,8,1,2024-09-09,SYNTHETIC
24,5,2,1,2,8,1,2024-09-09,SYNTHETIC
24,5,3,1,3,8,4,2024-09-09,SYNTHETIC
24,5,4,2,1,3,0,2024-09-09,SYNTHETIC
24,5,5,2,2,2,0,2024-09-09,SYNTHETIC
24,5,6,2,3,3,2,2024-09-09,SYNTHETIC
24,5,7,3,1,3,0,2024-09-09,SYNTHETIC
24,5,8,3,2,3,1,2024-09-09,SYNTHETIC
24,5,9,3,3,3,0,2024-09-09,SYNTHETIC
24,5,10,4,1,1,1,2024-09-09,SYNTHETIC
24,5,11,4,2,1,0,2024-09-09,SYNTHETIC
24,5,12,4,3,1,0,2024-09-09,SYNTHETIC
24,5,13,5,1,3,1,2024-09-09,SYNTHETIC
24,5,14,5,2,3,1,2024-09-09,SYNTHETIC
24,5,15,5,3,3,1,2024-09-09,SYNTHETIC
12,2,1,1,1,31,14,2024-09-16,SYNTHETIC
12,2,2,1,2,35,17,2024-09-16,SYNTHETIC
12,2,3,1,3,42,21,2024-09-16,SYNTHETIC
12,2,4,2,1,8,4,2024-09-16,SYNTHETIC
12,2,5,2,2,8,4,2024-09-16,SYNTHETIC
12,2,6,2,3,7,3,2024-09-16,SYNTHETIC
12,2,7,3,1,10,3,2024-09-16,SYNTHETIC
12,2,8,3,2,10,5,2024-09-16,SYNTHETIC
12,2,9,3,3,10,5,2024-09-16,SYNTHETIC
12,2,10,4,1,5,4,2024-09-16,SYNTHETIC
12,2,11,4,2,5,1,2024-09-16,SYNTHETIC
12,2,12,4,3,4,0,2024-09-16,SYNTHETIC
12,2,13,5,1,11,6,2024-09-16,SYNTHETIC
12,2,14,5,2,10,6,2024-09-16,SYNTHETIC
12,2,15,5,3,10,5,2024-09-16,SYNTHETIC
24,5,1,1,1,9,1,2024-09-16,SYNTHETIC
24,5,2,1,2,9,6,2024-09-16,SYNTHETIC
24,5,3,1,3,10,0,2024-09-16,SYNTHETIC
24,5,4,2,1,3,0,2024-09-16,SYNTHETIC
24,5,5,2,2,3,1,2024-09-16,SYNTHETIC
24,5,6,2,3,3,2,2024-09-16,SYNTHETIC
24,5,7,3,1,3,0,2024-09-16,SYNTHETIC
24,5,8,3,2,3,0,2024-09-16,SYNTHETIC
24,5,9,3,3,3,1,2024-09-16,SYNTHETIC
24,5,10,4,1,1,0,2024-09-16,SYNTHETIC
24,5,11,4,2,1,0,2024-09-16,SYNTHETIC
24,5,12,4,3,1,0,2024-09-16,SYNTHETIC
24,5,13,5,1,3,1,2024-09-16,SYNTHETIC
24,5,14,5,2,3,0,2024-09-16,SYNTHETIC
24,5,15,5,3,3,0,2024-09-16,SYNTHETIC
12,2,1,1,1,36,13,2024-09-23,SYNTHETIC
12,2,2,1,2,40,14,2024-09-23,SYNTHETIC
12,2,3,1,3,32,15,2024-09-23,SYNTHETIC
12,2,4,2,1,8,3,2024-09-23,SYNTHETIC
12,2,5,2,2,8,3,2024-09-23,SYNTHETIC
12,2,6,2,3,8,5,2024-09-23,SYNTHETIC
12,2,7,3,1,10,3,2024-09-23,SYNTHETIC
12,2,8,3,2,11,3,2024-09-23,SYNTHETIC
12,2,9,3,3,12,4,2024-09-23,SYNTHETIC
12,2,10,4,1,6,1,2024-09-23,SYNTHETIC
12,2,11,4,2,5,2,2024-09-23,SYNTHETIC
12,2,12,4,3,5,1,2024-09-23,SYNTHETIC
12,2,13,5,1,12,3,2024-09-23,SYNTHETIC
12,2,14,5,2,10,8,2024-09-23,SYNTHETIC
12,2,15,5,3,11,5,2024-09-23,SYNTHETIC
24,5,1,1,1,10,2,2024-09-23,SYNTHETIC
24,5,2,1,2,8,2,2024-09-23,SYNTHETIC
24,5,3,1,3,9,2,2024-09-23,SYNTHETIC
24,5,4,2,1,3,1,2024-09-23,SYNTHETIC
24,5,5,2,2,3,1,2024-09-23,SYNTHETIC
24,5,6,2,3,3,1,2024-09-23,SYNTHETIC
24,5,7,3,1,4,1,2024-09-23,SYNTHETIC
24,5,8,3,2,3,0,2024-09-23,SYNTHETIC
24,5,9,3,3,3,0,2024-09-23,SYNTHETIC
24,5,10,4,1,1,0,2024-09-23,SYNTHETIC
24,5,11,4,2,1,0,2024-09-23,SYNTHETIC
24,5,12,4,3,1,0,2024-09-23,SYNTHETIC
24,5,13,5,1,3,0,2024-09-23,SYNTHETIC
24,5,14,5,2,3,2,2024-09-23,SYNTHETIC
24,5,15,5,3,3,0,2024-09-23,SYNTHETIC
12,2,1,1,1,42,15,2024-09-30,SYNTHETIC
12,2,2,1,2,36,11,2024-09-30,SYNTHETIC
12,2,3,1,3,32,16,2024-09-30,SYNTHETIC
12,2,4,2,1,8,6,2024-09-30,SYNTHETIC
12,2,5,2,2,8,2,2024-09-30,SYNTHETIC
12,2,6,2,3,9,6,2024-09-30,SYNTHETIC
12,2,7,3,1,13,3,2024-09-30,SYNTHETIC
12,2,8,3,2,12,4,2024-09-30,SYNTHETIC
12,2,9,3,3,14,3,2024-09-30,SYNTHETIC
12,2,10,4,1,6,4,2024-09-30,SYNTHETIC
12,2,11,4,2,4,1,2024-09-30,SYNTHETIC
12,2,12,4,3,5,0,2024-09-30,SYNTHETIC
12,2,13,5,1,12,3,2024-09-30,SYNTHETIC
12,2,14,5,2,11,4,2024-09-30,SYNTHETIC
12,2,15,5,3,11,7,2024-09-30,SYNTHETIC
24,5,1,1,1,10,1,2024-09-30,SYNTHETIC
24,5,2,1,2,9,1,2024-09-30,SYNTHETIC
24,5,3,1,3,11,6,2024-09-30,SYNTHETIC
24,5,4,2,1,4,0,2024-09-30,SYNTHETIC
24,5,5,2,2,4,0,2024-09-30,SYNTHETIC
24,5,6,2,3,4,1,2024-09-30,SYNTHETIC
24,5,7,3,1,4,1,2024-09-30,SYNTHETIC
24,5,8,3,2,4,0,2024-09-30,SYNTHETIC
24,5,9,3,3,3,1,2024-09-30,SYNTHETIC
24,5,10,4,1,1,0,2024-09-30,SYNTHETIC
24,5,11,4,2,1,1,2024-09-30,SYNTHETIC
24,5,12,4,3,1,0,2024-09-30,SYNTHETIC
24,5,13,5,1,4,1,2024-09-30,SYNTHETIC
24,5,14,5,2,3,1,2024-09-30,SYNTHETIC
24,5,15,5,3,4,0,2024-09-30,SYNTHETIC
12,2,1,1,1,35,15,2024-10-07,SYNTHETIC
12,2,2,1,2,32,17,2024-10-07,SYNTHETIC
12,2,3,1,3,35,13,2024-10-07,SYNTHETIC
12,2,4,2,1,9,0,2024-10-07,SYNTHETIC
12,2,5,2,2,8,4,2024-10-07,SYNTHETIC
12,2,6,2,3,8,3,2024-10-07,SYNTHETIC
12,2,7,3,1,11,5,2024-10-07,SYNTHETIC
12,2,8,3,2,12,6,2024-10-07,SYNTHETIC
12,2,9,3,3,13,4,2024-10-07,SYNTHETIC
12,2,10,4,1,5,3,2024-10-07,SYNTHETIC
12,2,11,4,2,5,1,2024-10-07,SYNTHETIC
12,2,12,4,3,4,1,2024-10-07,SYNTHETIC
12,2,13,5,1,13,5,2024-10-07,SYNTHETIC
12,2,14,5,2,11,4,2024-10-07,SYNTHETIC
12,2,15,5,3,11,5,2024-10-07,SYNTHETIC
24,5,1,1,1,12,5,2024-10-07,SYNTHETIC
24,5,2,1,2,9,2,2024-10-07,SYNTHETIC
24,5,3,1,3,11,1,2024-10-07,SYNTHETIC
24,5,4,2,1,4,1,2024-10-07,SYNTHETIC
24,5,5,2,2,4,1,2024-10-07,SYNTHETIC
24,5,6,2,3,4,0,2024-10-07,SYNTHETIC
24,5,7,3,1,3,0,2024-10-07,SYNTHETIC
24,5,8,3,2,3,1,2024-10-07,SYNTHETIC
24,5,9,3,3,4,0,2024-10-07,SYNTHETIC
24,5,10,4,1,1,1,2024-10-07,SYNTHETIC
24,5,11,4,2,1,0,2024-10-07,SYNTHETIC
24,5,12,4,3,1,0,2024-10-07,SYNTHETIC
24,5,13,5,1,3,0,2024-10-07,SYNTHETIC
24,5,14,5,2,4,1,2024-10-07,SYNTHETIC
24,5,15,5,3,3,0,2024-10-07,SYNTHETIC
12,2,1,1,1,42,16,2024-10-14,SYNTHETIC
12,2,2,1,2,32,15,2024-10-14,SYNTHETIC
12,2,3,1,3,37,11,2024-10-14,SYNTHETIC
12,2,4,2,1,10,4,2024-10-14,SYNTHETIC
12,2,5,2,2,9,1,2024-10-14,SYNTHETIC
12,2,6,2,3,9,1,2024-10-14,SYNTHETIC
12,2,7,3,1,15,6,2024-10-14,SYNTHETIC
12,2,8,3,2,11,7,2024-10-14,SYNTHETIC
12,2,9,3,3,13,8,2024-10-14,SYNTHETIC
12,2,10,4,1,5,2,2024-10-14,SYNTHETIC
12,2,11,4,2,4,3,2024-10-14,SYNTHETIC
12,2,12,4,3,5,3,2024-10-14,SYNTHETIC
12,2,13,5,1,12,6,2024-10-14,SYNTHETIC
12,2,14,5,2,11,7,2024-10-14,SYNTHETIC
12,2,15,5,3,13,8,2024-10-14,SYNTHETIC
24,5,1,1,1,13,2,2024-10-14,SYNTHETIC
24,5,2,1,2,11,3,2024-10-14,SYNTHETIC
24,5,3,1,3,12,3,2024-10-14,SYNTHETIC
24,5,4,2,1,4,0,2024-10-14,SYNTHETIC
24,5,5,2,2,4,0,2024-10-14,SYNTHETIC
24,5,6,2,3,4,2,2024-10-14,SYNTHETIC
24,5,7,3,1,4,0,2024-10-14,SYNTHETIC
24,5,8,3,2,4,3,2024-10-14,SYNTHETIC
24,5,9,3,3,3,0,2024-10-14,SYNTHETIC
24,5,10,4,1,2,1,2024-10-14,SYNTHETIC
24,5,11,4,2,2,0,2024-10-14,SYNTHETIC
24,5,12,4,3,2,0,2024-10-14,SYNTHETIC
24,5,13,5,1,4,1,2024-10-14,SYNTHETIC
24,5,14,5,2,4,1,2024-10-14,SYNTHETIC
24,5,15,5,3,3,0,2024-10-14,SYNTHETIC
12,2,1,1,1,37,11,2024-10-21,SYNTHETIC
12,2,2,1,2,32,17,2024-10-21,SYNTHETIC
12,2,3,1,3,38,19,2024-10-21,SYNTHETIC
12,2,4,2,1,9,7,2024-10-21,SYNTHETIC
12,2,5,2,2,8,4,2024-10-21,SYNTHETIC
12,2,6,2,3,12,4,2024-10-21,SYNTHETIC
12,2,7,3,1,11,5,2024-10-21,SYNTHETIC
12,2,8,3,2,12,6,2024-10-21,SYNTHETIC
12,2,9,3,3,13,7,2024-10-21,SYNTHETIC
12,2,10,4,1,5,2,2024-10-21,SYNTHETIC
12,2,11,4,2,5,2,2024-10-21,SYNTHETIC
12,2,12,4,3,5,3,2024-10-21,SYNTHETIC
12,2,13,5,1,14,8,2024-10-21,SYNTHETIC
12,2,14,5,2,14,10,2024-10-21,SYNTHETIC
12,2,15,5,3,12,3,2024-10-21,SYNTHETIC
24,5,1,1,1,12,2,2024-10-21,SYNTHETIC
24,5,2,1,2,12,1,2024-10-21,SYNTHETIC
24,5,3,1,3,12,1,2024-10-21,SYNTHETIC
24,5,4,2,1,4,0,2024-10-21,SYNTHETIC
24,5,5,2,2,4,0,2024-10-21,SYNTHETIC
24,5,6,2,3,4,2,2024-10-21,SYNTHETIC
24,5,7,3,1,4,0,2024-10-21,SYNTHETIC
24,5,8,3,2,4,1,2024-10-21,SYNTHETIC
24,5,9,3,3,4,0,2024-10-21,SYNTHETIC
24,5,10,4,1,2,0,2024-10-21,SYNTHETIC
24,5,11,4,2,2,1,2024-10-21,SYNTHETIC
24,5,12,4,3,2,2,2024-10-21,SYNTHETIC
24,5,13,5,1,4,2,2024-10-21,SYNTHETIC
24,5,14,5,2,4,1,2024-10-21,SYNTHETIC
24,5,15,5,3,4,1,2024-10-21,SYNTHETIC
12,2,1,1,1,40,15,2024-10-28,SYNTHETIC
12,2,2,1,2,38,13,2024-10-28,SYNTHETIC
12,2,3,1,3,38,19,2024-10-28,SYNTHETIC
12,2,4,2,1,10,2,2024-10-28,SYNTHETIC
12,2,5,2,2,12,7,2024-10-28,SYNTHETIC
12,2,6,2,3,10,4,2024-10-28,SYNTHETIC
12,2,7,3,1,13,6,2024-10-28,SYNTHETIC
12,2,8,3,2,13,4,2024-10-28,SYNTHETIC
12,2,9,3,3,12,3,2024-10-28,SYNTHETIC
12,2,10,4,1,5,2,2024-10-28,SYNTHETIC
12,2,11,4,2,5,1,2024-10-28,SYNTHETIC
12,2,12,4,3,5,2,2024-10-28,SYNTHETIC
12,2,13,5,1,17,3,2024-10-28,SYNTHETIC
12,2,14,5,2,14,5,2024-10-28,SYNTHETIC
12,2,15,5,3,11,5,2024-10-28,SYNTHETIC
24,5,1,1,1,14,3,2024-10-28,SYNTHETIC
24,5,2,1,2,12,2,2024-10-28,SYNTHETIC
24,5,3,1,3,14,2,2024-10-28,SYNTHETIC
24,5,4,2,1,5,1,2024-10-28,SYNTHETIC
24,5,5,2,2,4,0,2024-10-28,SYNTHETIC
24,5,6,2,3,4,1,2024-10-28,SYNTHETIC
24,5,7,3,1,4,0,2024-10-28,SYNTHETIC
24,5,8,3,2,4,2,2024-10-28,SYNTHETIC
24,5,9,3,3,4,0,2024-10-28,SYNTHETIC
24,5,10,4,1,2,0,2024-10-28,SYNTHETIC
24,5,11,4,2,2,0,2024-10-28,SYNTHETIC
24,5,12,4,3,2,0,2024-10-28,SYNTHETIC
24,5,13,5,1,4,0,2024-10-28,SYNTHETIC
24,5,14,5,2,4,0,2024-10-28,SYNTHETIC
24,5,15,5,3,4,2,2024-10-28,SYNTHETIC
12,2,1,1,1,40,17,2024-11-04,SYNTHETIC
12,2,2,1,2,38,23,2024-11-04,SYNTHETIC
12,2,3,1,3,36,11,2024-11-04,SYNTHETIC
12,2,4,2,1,13,3,2024-11-04,SYNTHETIC
12,2,5,2,2,9,4,2024-11-04,SYNTHETIC
12,2,6,2,3,9,1,2024-11-04,SYNTHETIC
12,2,7,3,1,13,3,2024-11-04,SYNTHETIC
12,2,8,3,2,12,3,2024-11-04,SYNTHETIC
12,2,9,3,3,11,2,2024-11-04,SYNTHETIC
12,2,10,4,1,6,3,2024-11-04,SYNTHETIC
12,2,11,4,2,5,2,2024-11-04,SYNTHETIC
12,2,12,4,3,6,3,2024-11-04,SYNTHETIC
12,2,13,5,1,13,3,2024-11-04,SYNTHETIC
12,2,14,5,2,12,2,2024-11-04,SYNTHETIC
12,2,15,5,3,12,3,2024-11-04,SYNTHETIC
24,5,1,1,1,14,2,2024-11-04,SYNTHETIC
24,5,2,1,2,12,3,2024-11-04,SYNTHETIC
24,5,3,1,3,13,2,2024-11-04,SYNTHETIC
24,5,4,2,1,5,2,2024-11-04,SYNTHETIC
24,5,5,2,2,4,1,2024-11-04,SYNTHETIC
24,5,6,2,3,5,0,2024-11-04,SYNTHETIC
24,5,7,3,1,4,0,2024-11-04,SYNTHETIC
24,5,8,3,2,4,1,2024-11-04,SYNTHETIC
24,5,9,3,3,4,2,2024-11-04,SYNTHETIC
24,5,10,4,1,2,1,2024-11-04,SYNTHETIC
24,5,11,4,2,2,0,2024-11-04,SYNTHETIC
24,5,12,4,3,2,1,2024-11-04,SYNTHETIC
24,5,13,5,1,4,2,2024-11-04,SYNTHETIC
24,5,14,5,2,4,3,2024-11-04,SYNTHETIC
24,5,15,5,3,4,1,2024-11-04,SYNTHETIC
12,2,1,1,1,42,10,2024-11-11,SYNTHETIC
12,2,2,1,2,40,15,2024-11-11,SYNTHETIC
12,2,3,1,3,50,23,2024-11-11,SYNTHETIC
12,2,4,2,1,11,6,2024-11-11,SYNTHETIC
12,2,5,2,2,10,3,2024-11-11,SYNTHETIC
12,2,6,2,3,10,3,2024-11-11,SYNTHETIC
12,2,7,3,1,14,7,2024-11-11,SYNTHETIC
12,2,8,3,2,14,9,2024-11-11,SYNTHETIC
12,2,9,3,3,13,5,2024-11-11,SYNTHETIC
12,2,10,4,1,5,2,2024-11-11,SYNTHETIC
12,2,11,4,2,7,4,2024-11-11,SYNTHETIC
12,2,12,4,3,5,3,2024-11-11,SYNTHETIC
12,2,13,5,1,14,8,2024-11-11,SYNTHETIC
12,2,14,5,2,13,5,2024-11-11,SYNTHETIC
12,2,15,5,3,14,2,2024-11-11,SYNTHETIC
24,5,1,1,1,16,7,2024-11-11,SYNTHETIC
24,5,2,1,2,14,3,2024-11-11,SYNTHETIC
24,5,3,1,3,15,3,2024-11-11,SYNTHETIC
24,5,4,2,1,5,1,2024-11-11,SYNTHETIC
24,5,5,2,2,5,1,2024-11-11,SYNTHETIC
24,5,6,2,3,4,2,2024-11-11,SYNTHETIC
24,5,7,3,1,5,2,2024-11-11,SYNTHETIC
24,5,8,3,2,4,0,2024-11-11,SYNTHETIC
24,5,9,3,3,5,0,2024-11-11,SYNTHETIC
24,5,10,4,1,2,1,2024-11-11,SYNTHETIC
24,5,11,4,2,2,0,2024-11-11,SYNTHETIC
24,5,12,4,3,2,0,2024-11-11,SYNTHETIC
24,5,13,5,1,5,1,2024-11-11,SYNTHETIC
24,5,14,5,2,5,2,2024-11-11,SYNTHETIC
24,5,15,5,3,5,0,2024-11-11,SYNTHETIC
12,2,1,1,1,45,25,2024-11-18,SYNTHETIC
12,2,2,1,2,48,14,2024-11-18,SYNTHETIC
12,2,3,1,3,41,17,2024-11-18,SYNTHETIC
12,2,4,2,1,10,7,2024-11-18,SYNTHETIC
12,2,5,2,2,10,0,2024-11-18,SYNTHETIC
12,2,6,2,3,9,1,2024-11-18,SYNTHETIC
12,2,7,3,1,15,6,2024-11-18,SYNTHETIC
12,2,8,3,2,13,4,2024-11-18,SYNTHETIC
12,2,9,3,3,13,7,2024-11-18,SYNTHETIC
12,2,10,4,1,7,5,2024-11-18,SYNTHETIC
12,2,11,4,2,5,1,2024-11-18,SYNTHETIC
12,2,12,4,3,5,0,2024-11-18,SYNTHETIC
12,2,13,5,1,14,5,2024-11-18,SYNTHETIC
12,2,14,5,2,13,3,2024-11-18,SYNTHETIC
12,2,15,5,3,13,5,2024-11-18,SYNTHETIC
24,5,1,1,1,16,3,2024-11-18,SYNTHETIC
24,5,2,1,2,13,3,2024-11-18,SYNTHETIC
24,5,3,1,3,15,3,2024-11-18,SYNTHETIC
24,5,4,2,1,6,0,2024-11-18,SYNTHETIC
24,5,5,2,2,4,0,2024-11-18,SYNTHETIC
24,5,6,2,3,6,2,2024-11-18,SYNTHETIC
24,5,7,3,1,4,0,2024-11-18,SYNTHETIC
24,5,8,3,2,4,0,2024-11-18,SYNTHETIC
24,5,9,3,3,4,1,2024-11-18,SYNTHETIC
24,5,10,4,1,2,0,2024-11-18,SYNTHETIC
24,5,11,4,2,2,1,2024-11-18,SYNTHETIC
24,5,12,4,3,2,1,2024-11-18,SYNTHETIC
24,5,13,5,1,5,2,2024-11-18,SYNTHETIC
24,5,14,5,2,5,1,2024-11-18,SYNTHETIC
24,5,15,5,3,4,2,2024-11-18,SYNTHETIC
12,2,1,1,1,46,17,2024-11-25,SYNTHETIC
12,2,2,1,2,42,20,2024-11-25,SYNTHETIC
12,2,3,1,3,39,15,2024-11-25,SYNTHETIC
12,2,4,2,1,10,4,2024-11-25,SYNTHETIC
12,2,5,2,2,10,4,2024-11-25,SYNTHETIC
12,2,6,2,3,11,2,2024-11-25,SYNTHETIC
12,2,7,3,1,15,5,2024-11-25,SYNTHETIC
12,2,8,3,2,13,5,2024-11-25,SYNTHETIC
12,2,9,3,3,15,5,2024-11-25,SYNTHETIC
12,2,10,4,1,6,1,2024-11-25,SYNTHETIC
12,2,11,4,2,5,4,2024-11-25,SYNTHETIC
12,2,12,4,3,5,1,2024-11-25,SYNTHETIC
12,2,13,5,1,13,4,2024-11-25,SYNTHETIC
12,2,14,5,2,13,5,2024-11-25,SYNTHETIC
12,2,15,5,3,13,5,2024-11-25,SYNTHETIC
24,5,1,1,1,13,5,2024-11-25,SYNTHETIC
24,5,2,1,2,13,4,2024-11-25,SYNTHETIC
24,5,3,1,3,15,1,2024-11-25,SYNTHETIC
24,5,4,2,1,5,1,2024-11-25,SYNTHETIC
24,5,5,2,2,5,2,2024-11-25,SYNTHETIC
24,5,6,2,3,5,0,2024-11-25,SYNTHETIC
24,5,7,3,1,4,0,2024-11-25,SYNTHETIC
24,5,8,3,2,4,0,2024-11-25,SYNTHETIC
24,5,9,3,3,5,0,2024-11-25,SYNTHETIC
24,5,10,4,1,2,1,2024-11-25,SYNTHETIC
24,5,11,4,2,2,0,2024-11-25,SYNTHETIC
24,5,12,4,3,2,0,2024-11-25,SYNTHETIC
24,5,13,5,1,5,1,2024-11-25,SYNTHETIC
24,5,14,5,2,4,2,2024-11-25,SYNTHETIC
24,5,15,5,3,5,2,2024-11-25,SYNTHETIC
